fixed_acidity,volatile_acidity,citric_acid,residual_sugar,chlorides,free_sulfur_dioxide,total_sulfur_dioxide,density,pH,sulphates,alcohol,quality,color
7.4,0.7,0.0,1.9,0.076,11.0,34.0,0.9978,3.51,0.56,9.4,5,red
7.8,0.88,0.0,2.6,0.098,25.0,67.0,0.9968,3.2,0.68,9.8,5,red
7.8,0.76,0.04,2.3,0.092,15.0,54.0,0.997,3.26,0.65,9.8,5,red
11.2,0.28,0.56,1.9,0.075,17.0,60.0,0.998,3.16,0.58,9.8,6,red
7.4,0.7,0.0,1.9,0.076,11.0,34.0,0.9978,3.51,0.56,9.4,5,red
7.4,0.66,0.0,1.8,0.075,13.0,40.0,0.9978,3.51,0.56,9.4,5,red
7.9,0.6,0.06,1.6,0.069,15.0,59.0,0.9964,3.3,0.46,9.4,5,red
7.3,0.65,0.0,1.2,0.065,15.0,21.0,0.9946,3.39,0.47,10.0,7,red
7.8,0.58,0.02,2.0,0.073,9.0,18.0,0.9968,3.36,0.57,9.5,7,red
7.5,0.5,0.36,6.1,0.071,17.0,102.0,0.9978,3.35,0.8,10.5,5,red
6.7,0.58,0.08,1.8,0.09699999999999999,15.0,65.0,0.9959,3.28,0.54,9.2,5,red
7.5,0.5,0.36,6.1,0.071,17.0,102.0,0.9978,3.35,0.8,10.5,5,red
5.6,0.615,0.0,1.6,0.08900000000000001,16.0,59.0,0.9943,3.58,0.52,9.9,5,red
7.8,0.61,0.29,1.6,0.114,9.0,29.0,0.9974,3.26,1.56,9.1,5,red
8.9,0.62,0.18,3.8,0.17600000000000002,52.0,145.0,0.9986,3.16,0.88,9.2,5,red
8.9,0.62,0.19,3.9,0.17,51.0,148.0,0.9986,3.17,0.93,9.2,5,red
8.5,0.28,0.56,1.8,0.092,35.0,103.0,0.9969,3.3,0.75,10.5,7,red
8.1,0.56,0.28,1.7,0.368,16.0,56.0,0.9968,3.11,1.28,9.3,5,red
7.4,0.59,0.08,4.4,0.086,6.0,29.0,0.9974,3.38,0.5,9.0,4,red
7.9,0.32,0.51,1.8,0.341,17.0,56.0,0.9969,3.04,1.08,9.2,6,red
8.9,0.22,0.48,1.8,0.077,29.0,60.0,0.9968,3.39,0.53,9.4,6,red
7.6,0.39,0.31,2.3,0.08199999999999999,23.0,71.0,0.9982,3.52,0.65,9.7,5,red
7.9,0.43,0.21,1.6,0.106,10.0,37.0,0.9966,3.17,0.91,9.5,5,red
8.5,0.49,0.11,2.3,0.084,9.0,67.0,0.9968,3.17,0.53,9.4,5,red
6.9,0.4,0.14,2.4,0.085,21.0,40.0,0.9968,3.43,0.63,9.7,6,red
6.3,0.39,0.16,1.4,0.08,11.0,23.0,0.9955,3.34,0.56,9.3,5,red
7.6,0.41,0.24,1.8,0.08,4.0,11.0,0.9962,3.28,0.59,9.5,5,red
7.9,0.43,0.21,1.6,0.106,10.0,37.0,0.9966,3.17,0.91,9.5,5,red
7.1,0.71,0.0,1.9,0.08,14.0,35.0,0.9972,3.47,0.55,9.4,5,red
7.8,0.645,0.0,2.0,0.08199999999999999,8.0,16.0,0.9964,3.38,0.59,9.8,6,red
6.7,0.675,0.07,2.4,0.08900000000000001,17.0,82.0,0.9958,3.35,0.54,10.1,5,red
6.9,0.685,0.0,2.5,0.105,22.0,37.0,0.9966,3.46,0.57,10.6,6,red
8.3,0.655,0.12,2.3,0.083,15.0,113.0,0.9966,3.17,0.66,9.8,5,red
6.9,0.605,0.12,10.7,0.073,40.0,83.0,0.9993,3.45,0.52,9.4,6,red
5.2,0.32,0.25,1.8,0.10300000000000001,13.0,50.0,0.9957,3.38,0.55,9.2,5,red
7.8,0.645,0.0,5.5,0.086,5.0,18.0,0.9986,3.4,0.55,9.6,6,red
7.8,0.6,0.14,2.4,0.086,3.0,15.0,0.9975,3.42,0.6,10.8,6,red
8.1,0.38,0.28,2.1,0.066,13.0,30.0,0.9968,3.23,0.73,9.7,7,red
5.7,1.13,0.09,1.5,0.172,7.0,19.0,0.9940000000000001,3.5,0.48,9.8,4,red
7.3,0.45,0.36,5.9,0.07400000000000001,12.0,87.0,0.9978,3.33,0.83,10.5,5,red
7.3,0.45,0.36,5.9,0.07400000000000001,12.0,87.0,0.9978,3.33,0.83,10.5,5,red
8.8,0.61,0.3,2.8,0.08800000000000001,17.0,46.0,0.9976,3.26,0.51,9.3,4,red
7.5,0.49,0.2,2.6,0.332,8.0,14.0,0.9968,3.21,0.9,10.5,6,red
8.1,0.66,0.22,2.2,0.069,9.0,23.0,0.9968,3.3,1.2,10.3,5,red
6.8,0.67,0.02,1.8,0.05,5.0,11.0,0.9962,3.48,0.52,9.5,5,red
4.6,0.52,0.15,2.1,0.054000000000000006,8.0,65.0,0.9934,3.9,0.56,13.1,4,red
7.7,0.935,0.43,2.2,0.114,22.0,114.0,0.997,3.25,0.73,9.2,5,red
8.7,0.29,0.52,1.6,0.113,12.0,37.0,0.9969,3.25,0.58,9.5,5,red
6.4,0.4,0.23,1.6,0.066,5.0,12.0,0.9958,3.34,0.56,9.2,5,red
5.6,0.31,0.37,1.4,0.07400000000000001,12.0,96.0,0.9954,3.32,0.58,9.2,5,red
8.8,0.66,0.26,1.7,0.07400000000000001,4.0,23.0,0.9971,3.15,0.74,9.2,5,red
6.6,0.52,0.04,2.2,0.069,8.0,15.0,0.9956,3.4,0.63,9.4,6,red
6.6,0.5,0.04,2.1,0.068,6.0,14.0,0.9955,3.39,0.64,9.4,6,red
8.6,0.38,0.36,3.0,0.081,30.0,119.0,0.997,3.2,0.56,9.4,5,red
7.6,0.51,0.15,2.8,0.11,33.0,73.0,0.9955,3.17,0.63,10.2,6,red
7.7,0.62,0.04,3.8,0.084,25.0,45.0,0.9978,3.34,0.53,9.5,5,red
10.2,0.42,0.57,3.4,0.07,4.0,10.0,0.9971,3.04,0.63,9.6,5,red
7.5,0.63,0.12,5.1,0.111,50.0,110.0,0.9983,3.26,0.77,9.4,5,red
7.8,0.59,0.18,2.3,0.076,17.0,54.0,0.9975,3.43,0.59,10.0,5,red
7.3,0.39,0.31,2.4,0.07400000000000001,9.0,46.0,0.9962,3.41,0.54,9.4,6,red
8.8,0.4,0.4,2.2,0.079,19.0,52.0,0.998,3.44,0.64,9.2,5,red
7.7,0.69,0.49,1.8,0.115,20.0,112.0,0.9968,3.21,0.71,9.3,5,red
7.5,0.52,0.16,1.9,0.085,12.0,35.0,0.9968,3.38,0.62,9.5,7,red
7.0,0.735,0.05,2.0,0.081,13.0,54.0,0.9966,3.39,0.57,9.8,5,red
7.2,0.725,0.05,4.65,0.086,4.0,11.0,0.9962,3.41,0.39,10.9,5,red
7.2,0.725,0.05,4.65,0.086,4.0,11.0,0.9962,3.41,0.39,10.9,5,red
7.5,0.52,0.11,1.5,0.079,11.0,39.0,0.9968,3.42,0.58,9.6,5,red
6.6,0.705,0.07,1.6,0.076,6.0,15.0,0.9962,3.44,0.58,10.7,5,red
9.3,0.32,0.57,2.0,0.07400000000000001,27.0,65.0,0.9969,3.28,0.79,10.7,5,red
8.0,0.705,0.05,1.9,0.07400000000000001,8.0,19.0,0.9962,3.34,0.95,10.5,6,red
7.7,0.63,0.08,1.9,0.076,15.0,27.0,0.9967,3.32,0.54,9.5,6,red
7.7,0.67,0.23,2.1,0.08800000000000001,17.0,96.0,0.9962,3.32,0.48,9.5,5,red
7.7,0.69,0.22,1.9,0.084,18.0,94.0,0.9961,3.31,0.48,9.5,5,red
8.3,0.675,0.26,2.1,0.084,11.0,43.0,0.9976,3.31,0.53,9.2,4,red
9.7,0.32,0.54,2.5,0.094,28.0,83.0,0.9984,3.28,0.82,9.6,5,red
8.8,0.41,0.64,2.2,0.09300000000000001,9.0,42.0,0.9986,3.54,0.66,10.5,5,red
8.8,0.41,0.64,2.2,0.09300000000000001,9.0,42.0,0.9986,3.54,0.66,10.5,5,red
6.8,0.785,0.0,2.4,0.10400000000000001,14.0,30.0,0.9966,3.52,0.55,10.7,6,red
6.7,0.75,0.12,2.0,0.086,12.0,80.0,0.9958,3.38,0.52,10.1,5,red
8.3,0.625,0.2,1.5,0.08,27.0,119.0,0.9972,3.16,1.12,9.1,4,red
6.2,0.45,0.2,1.6,0.069,3.0,15.0,0.9958,3.41,0.56,9.2,5,red
7.8,0.43,0.7,1.9,0.46399999999999997,22.0,67.0,0.9974,3.13,1.28,9.4,5,red
7.4,0.5,0.47,2.0,0.086,21.0,73.0,0.997,3.36,0.57,9.1,5,red
7.3,0.67,0.26,1.8,0.401,16.0,51.0,0.9969,3.16,1.14,9.4,5,red
6.3,0.3,0.48,1.8,0.069,18.0,61.0,0.9959,3.44,0.78,10.3,6,red
6.9,0.55,0.15,2.2,0.076,19.0,40.0,0.9961,3.41,0.59,10.1,5,red
8.6,0.49,0.28,1.9,0.11,20.0,136.0,0.9972,2.93,1.95,9.9,6,red
7.7,0.49,0.26,1.9,0.062,9.0,31.0,0.9966,3.39,0.64,9.6,5,red
9.3,0.39,0.44,2.1,0.107,34.0,125.0,0.9978,3.14,1.22,9.5,5,red
7.0,0.62,0.08,1.8,0.076,8.0,24.0,0.9978,3.48,0.53,9.0,5,red
7.9,0.52,0.26,1.9,0.079,42.0,140.0,0.9964,3.23,0.54,9.5,5,red
8.6,0.49,0.28,1.9,0.11,20.0,136.0,0.9972,2.93,1.95,9.9,6,red
8.6,0.49,0.29,2.0,0.11,19.0,133.0,0.9972,2.93,1.98,9.8,5,red
7.7,0.49,0.26,1.9,0.062,9.0,31.0,0.9966,3.39,0.64,9.6,5,red
5.0,1.02,0.04,1.4,0.045,41.0,85.0,0.9938,3.75,0.48,10.5,4,red
4.7,0.6,0.17,2.3,0.057999999999999996,17.0,106.0,0.9932,3.85,0.6,12.9,6,red
6.8,0.775,0.0,3.0,0.102,8.0,23.0,0.9965,3.45,0.56,10.7,5,red
7.0,0.5,0.25,2.0,0.07,3.0,22.0,0.9963,3.25,0.63,9.2,5,red
7.6,0.9,0.06,2.5,0.079,5.0,10.0,0.9967,3.39,0.56,9.8,5,red
8.1,0.545,0.18,1.9,0.08,13.0,35.0,0.9972,3.3,0.59,9.0,6,red
8.3,0.61,0.3,2.1,0.084,11.0,50.0,0.9972,3.4,0.61,10.2,6,red
7.8,0.5,0.3,1.9,0.075,8.0,22.0,0.9959,3.31,0.56,10.4,6,red
8.1,0.545,0.18,1.9,0.08,13.0,35.0,0.9972,3.3,0.59,9.0,6,red
8.1,0.575,0.22,2.1,0.077,12.0,65.0,0.9967,3.29,0.51,9.2,5,red
7.2,0.49,0.24,2.2,0.07,5.0,36.0,0.996,3.33,0.48,9.4,5,red
8.1,0.575,0.22,2.1,0.077,12.0,65.0,0.9967,3.29,0.51,9.2,5,red
7.8,0.41,0.68,1.7,0.467,18.0,69.0,0.9973,3.08,1.31,9.3,5,red
6.2,0.63,0.31,1.7,0.08800000000000001,15.0,64.0,0.9969,3.46,0.79,9.3,5,red
8.0,0.33,0.53,2.5,0.091,18.0,80.0,0.9976,3.37,0.8,9.6,6,red
8.1,0.785,0.52,2.0,0.122,37.0,153.0,0.9969,3.21,0.69,9.3,5,red
7.8,0.56,0.19,1.8,0.10400000000000001,12.0,47.0,0.9964,3.19,0.93,9.5,5,red
8.4,0.62,0.09,2.2,0.084,11.0,108.0,0.9964,3.15,0.66,9.8,5,red
8.4,0.6,0.1,2.2,0.085,14.0,111.0,0.9964,3.15,0.66,9.8,5,red
10.1,0.31,0.44,2.3,0.08,22.0,46.0,0.9988,3.32,0.67,9.7,6,red
7.8,0.56,0.19,1.8,0.10400000000000001,12.0,47.0,0.9964,3.19,0.93,9.5,5,red
9.4,0.4,0.31,2.2,0.09,13.0,62.0,0.9966,3.07,0.63,10.5,6,red
8.3,0.54,0.28,1.9,0.077,11.0,40.0,0.9978,3.39,0.61,10.0,6,red
7.8,0.56,0.12,2.0,0.08199999999999999,7.0,28.0,0.997,3.37,0.5,9.4,6,red
8.8,0.55,0.04,2.2,0.11900000000000001,14.0,56.0,0.9962,3.21,0.6,10.9,6,red
7.0,0.69,0.08,1.8,0.09699999999999999,22.0,89.0,0.9959,3.34,0.54,9.2,6,red
7.3,1.07,0.09,1.7,0.17800000000000002,10.0,89.0,0.9962,3.3,0.57,9.0,5,red
8.8,0.55,0.04,2.2,0.11900000000000001,14.0,56.0,0.9962,3.21,0.6,10.9,6,red
7.3,0.695,0.0,2.5,0.075,3.0,13.0,0.998,3.49,0.52,9.2,5,red
8.0,0.71,0.0,2.6,0.08,11.0,34.0,0.9976,3.44,0.53,9.5,5,red
7.8,0.5,0.17,1.6,0.08199999999999999,21.0,102.0,0.996,3.39,0.48,9.5,5,red
9.0,0.62,0.04,1.9,0.146,27.0,90.0,0.9984,3.16,0.7,9.4,5,red
8.2,1.33,0.0,1.7,0.081,3.0,12.0,0.9964,3.53,0.49,10.9,5,red
8.1,1.33,0.0,1.8,0.08199999999999999,3.0,12.0,0.9964,3.54,0.48,10.9,5,red
8.0,0.59,0.16,1.8,0.065,3.0,16.0,0.9962,3.42,0.92,10.5,7,red
6.1,0.38,0.15,1.8,0.07200000000000001,6.0,19.0,0.9955,3.42,0.57,9.4,5,red
8.0,0.745,0.56,2.0,0.11800000000000001,30.0,134.0,0.9968,3.24,0.66,9.4,5,red
5.6,0.5,0.09,2.3,0.049,17.0,99.0,0.9937,3.63,0.63,13.0,5,red
5.6,0.5,0.09,2.3,0.049,17.0,99.0,0.9937,3.63,0.63,13.0,5,red
6.6,0.5,0.01,1.5,0.06,17.0,26.0,0.9952,3.4,0.58,9.8,6,red
7.9,1.04,0.05,2.2,0.084,13.0,29.0,0.9959,3.22,0.55,9.9,6,red
8.4,0.745,0.11,1.9,0.09,16.0,63.0,0.9965,3.19,0.82,9.6,5,red
8.3,0.715,0.15,1.8,0.08900000000000001,10.0,52.0,0.9968,3.23,0.77,9.5,5,red
7.2,0.415,0.36,2.0,0.081,13.0,45.0,0.9972,3.48,0.64,9.2,5,red
7.8,0.56,0.19,2.1,0.081,15.0,105.0,0.9962,3.33,0.54,9.5,5,red
7.8,0.56,0.19,2.0,0.081,17.0,108.0,0.9962,3.32,0.54,9.5,5,red
8.4,0.745,0.11,1.9,0.09,16.0,63.0,0.9965,3.19,0.82,9.6,5,red
8.3,0.715,0.15,1.8,0.08900000000000001,10.0,52.0,0.9968,3.23,0.77,9.5,5,red
5.2,0.34,0.0,1.8,0.05,27.0,63.0,0.9916,3.68,0.79,14.0,6,red
6.3,0.39,0.08,1.7,0.066,3.0,20.0,0.9954,3.34,0.58,9.4,5,red
5.2,0.34,0.0,1.8,0.05,27.0,63.0,0.9916,3.68,0.79,14.0,6,red
8.1,0.67,0.55,1.8,0.11699999999999999,32.0,141.0,0.9968,3.17,0.62,9.4,5,red
5.8,0.68,0.02,1.8,0.087,21.0,94.0,0.9944,3.54,0.52,10.0,5,red
7.6,0.49,0.26,1.6,0.23600000000000002,10.0,88.0,0.9968,3.11,0.8,9.3,5,red
6.9,0.49,0.1,2.3,0.07400000000000001,12.0,30.0,0.9959,3.42,0.58,10.2,6,red
8.2,0.4,0.44,2.8,0.08900000000000001,11.0,43.0,0.9975,3.53,0.61,10.5,6,red
7.3,0.33,0.47,2.1,0.077,5.0,11.0,0.9958,3.33,0.53,10.3,6,red
9.2,0.52,1.0,3.4,0.61,32.0,69.0,0.9996,2.74,2.0,9.4,4,red
7.5,0.6,0.03,1.8,0.095,25.0,99.0,0.995,3.35,0.54,10.1,5,red
7.5,0.6,0.03,1.8,0.095,25.0,99.0,0.995,3.35,0.54,10.1,5,red
7.1,0.43,0.42,5.5,0.07,29.0,129.0,0.9973,3.42,0.72,10.5,5,red
7.1,0.43,0.42,5.5,0.071,28.0,128.0,0.9973,3.42,0.71,10.5,5,red
7.1,0.43,0.42,5.5,0.07,29.0,129.0,0.9973,3.42,0.72,10.5,5,red
7.1,0.43,0.42,5.5,0.071,28.0,128.0,0.9973,3.42,0.71,10.5,5,red
7.1,0.68,0.0,2.2,0.073,12.0,22.0,0.9969,3.48,0.5,9.3,5,red
6.8,0.6,0.18,1.9,0.079,18.0,86.0,0.9968,3.59,0.57,9.3,6,red
7.6,0.95,0.03,2.0,0.09,7.0,20.0,0.9959,3.2,0.56,9.6,5,red
7.6,0.68,0.02,1.3,0.07200000000000001,9.0,20.0,0.9965,3.17,1.08,9.2,4,red
7.8,0.53,0.04,1.7,0.076,17.0,31.0,0.9964,3.33,0.56,10.0,6,red
7.4,0.6,0.26,7.3,0.07,36.0,121.0,0.9982,3.37,0.49,9.4,5,red
7.3,0.59,0.26,7.2,0.07,35.0,121.0,0.9981,3.37,0.49,9.4,5,red
7.8,0.63,0.48,1.7,0.1,14.0,96.0,0.9961,3.19,0.62,9.5,5,red
6.8,0.64,0.1,2.1,0.085,18.0,101.0,0.9956,3.34,0.52,10.2,5,red
7.3,0.55,0.03,1.6,0.07200000000000001,17.0,42.0,0.9956,3.37,0.48,9.0,4,red
6.8,0.63,0.07,2.1,0.08900000000000001,11.0,44.0,0.9953,3.47,0.55,10.4,6,red
7.5,0.705,0.24,1.8,0.36,15.0,63.0,0.9964,3.0,1.59,9.5,5,red
7.9,0.885,0.03,1.8,0.057999999999999996,4.0,8.0,0.9972,3.36,0.33,9.1,4,red
8.0,0.42,0.17,2.0,0.073,6.0,18.0,0.9972,3.29,0.61,9.2,6,red
8.0,0.42,0.17,2.0,0.073,6.0,18.0,0.9972,3.29,0.61,9.2,6,red
7.4,0.62,0.05,1.9,0.068,24.0,42.0,0.9961,3.42,0.57,11.5,6,red
7.3,0.38,0.21,2.0,0.08,7.0,35.0,0.9961,3.33,0.47,9.5,5,red
6.9,0.5,0.04,1.5,0.085,19.0,49.0,0.9958,3.35,0.78,9.5,5,red
7.3,0.38,0.21,2.0,0.08,7.0,35.0,0.9961,3.33,0.47,9.5,5,red
7.5,0.52,0.42,2.3,0.087,8.0,38.0,0.9972,3.58,0.61,10.5,6,red
7.0,0.805,0.0,2.5,0.068,7.0,20.0,0.9969,3.48,0.56,9.6,5,red
8.8,0.61,0.14,2.4,0.067,10.0,42.0,0.9969,3.19,0.59,9.5,5,red
8.8,0.61,0.14,2.4,0.067,10.0,42.0,0.9969,3.19,0.59,9.5,5,red
8.9,0.61,0.49,2.0,0.27,23.0,110.0,0.9972,3.12,1.02,9.3,5,red
7.2,0.73,0.02,2.5,0.076,16.0,42.0,0.9972,3.44,0.52,9.3,5,red
6.8,0.61,0.2,1.8,0.077,11.0,65.0,0.9971,3.54,0.58,9.3,5,red
6.7,0.62,0.21,1.9,0.079,8.0,62.0,0.997,3.52,0.58,9.3,6,red
8.9,0.31,0.57,2.0,0.111,26.0,85.0,0.9971,3.26,0.53,9.7,5,red
7.4,0.39,0.48,2.0,0.08199999999999999,14.0,67.0,0.9972,3.34,0.55,9.2,5,red
7.7,0.705,0.1,2.6,0.084,9.0,26.0,0.9976,3.39,0.49,9.7,5,red
7.9,0.5,0.33,2.0,0.084,15.0,143.0,0.9968,3.2,0.55,9.5,5,red
7.9,0.49,0.32,1.9,0.08199999999999999,17.0,144.0,0.9968,3.2,0.55,9.5,5,red
8.2,0.5,0.35,2.9,0.077,21.0,127.0,0.9976,3.23,0.62,9.4,5,red
6.4,0.37,0.25,1.9,0.07400000000000001,21.0,49.0,0.9974,3.57,0.62,9.8,6,red
6.8,0.63,0.12,3.8,0.099,16.0,126.0,0.9969,3.28,0.61,9.5,5,red
7.6,0.55,0.21,2.2,0.071,7.0,28.0,0.9964,3.28,0.55,9.7,5,red
7.6,0.55,0.21,2.2,0.071,7.0,28.0,0.9964,3.28,0.55,9.7,5,red
7.8,0.59,0.33,2.0,0.07400000000000001,24.0,120.0,0.9968,3.25,0.54,9.4,5,red
7.3,0.58,0.3,2.4,0.07400000000000001,15.0,55.0,0.9968,3.46,0.59,10.2,5,red
11.5,0.3,0.6,2.0,0.067,12.0,27.0,0.9981,3.11,0.97,10.1,6,red
5.4,0.835,0.08,1.2,0.046,13.0,93.0,0.9924,3.57,0.85,13.0,7,red
6.9,1.09,0.06,2.1,0.061,12.0,31.0,0.9948,3.51,0.43,11.4,4,red
9.6,0.32,0.47,1.4,0.055999999999999994,9.0,24.0,0.99695,3.22,0.82,10.3,7,red
8.8,0.37,0.48,2.1,0.09699999999999999,39.0,145.0,0.9975,3.04,1.03,9.3,5,red
6.8,0.5,0.11,1.5,0.075,16.0,49.0,0.99545,3.36,0.79,9.5,5,red
7.0,0.42,0.35,1.6,0.08800000000000001,16.0,39.0,0.9961,3.34,0.55,9.2,5,red
7.0,0.43,0.36,1.6,0.08900000000000001,14.0,37.0,0.99615,3.34,0.56,9.2,6,red
12.8,0.3,0.74,2.6,0.095,9.0,28.0,0.9994,3.2,0.77,10.8,7,red
12.8,0.3,0.74,2.6,0.095,9.0,28.0,0.9994,3.2,0.77,10.8,7,red
7.8,0.57,0.31,1.8,0.069,26.0,120.0,0.99625,3.29,0.53,9.3,5,red
7.8,0.44,0.28,2.7,0.1,18.0,95.0,0.9966,3.22,0.67,9.4,5,red
11.0,0.3,0.58,2.1,0.054000000000000006,7.0,19.0,0.998,3.31,0.88,10.5,7,red
9.7,0.53,0.6,2.0,0.039,5.0,19.0,0.99585,3.3,0.86,12.4,6,red
8.0,0.725,0.24,2.8,0.083,10.0,62.0,0.99685,3.35,0.56,10.0,6,red
11.6,0.44,0.64,2.1,0.059000000000000004,5.0,15.0,0.998,3.21,0.67,10.2,6,red
8.2,0.57,0.26,2.2,0.06,28.0,65.0,0.9959,3.3,0.43,10.1,5,red
7.8,0.735,0.08,2.4,0.092,10.0,41.0,0.9974,3.24,0.71,9.8,6,red
7.0,0.49,0.49,5.6,0.06,26.0,121.0,0.9974,3.34,0.76,10.5,5,red
8.7,0.625,0.16,2.0,0.10099999999999999,13.0,49.0,0.9962,3.14,0.57,11.0,5,red
8.1,0.725,0.22,2.2,0.07200000000000001,11.0,41.0,0.9967,3.36,0.55,9.1,5,red
7.5,0.49,0.19,1.9,0.076,10.0,44.0,0.9957,3.39,0.54,9.7,5,red
7.8,0.53,0.33,2.4,0.08,24.0,144.0,0.99655,3.3,0.6,9.5,5,red
7.8,0.34,0.37,2.0,0.08199999999999999,24.0,58.0,0.9964,3.34,0.59,9.4,6,red
7.4,0.53,0.26,2.0,0.10099999999999999,16.0,72.0,0.9957,3.15,0.57,9.4,5,red
6.8,0.61,0.04,1.5,0.057,5.0,10.0,0.99525,3.42,0.6,9.5,5,red
8.6,0.645,0.25,2.0,0.083,8.0,28.0,0.99815,3.28,0.6,10.0,6,red
8.4,0.635,0.36,2.0,0.08900000000000001,15.0,55.0,0.99745,3.31,0.57,10.4,4,red
7.7,0.43,0.25,2.6,0.073,29.0,63.0,0.99615,3.37,0.58,10.5,6,red
8.9,0.59,0.5,2.0,0.337,27.0,81.0,0.9964,3.04,1.61,9.5,6,red
9.0,0.82,0.14,2.6,0.08900000000000001,9.0,23.0,0.9984,3.39,0.63,9.8,5,red
7.7,0.43,0.25,2.6,0.073,29.0,63.0,0.99615,3.37,0.58,10.5,6,red
6.9,0.52,0.25,2.6,0.081,10.0,37.0,0.99685,3.46,0.5,11.0,5,red
5.2,0.48,0.04,1.6,0.054000000000000006,19.0,106.0,0.9927,3.54,0.62,12.2,7,red
8.0,0.38,0.06,1.8,0.078,12.0,49.0,0.99625,3.37,0.52,9.9,6,red
8.5,0.37,0.2,2.8,0.09,18.0,58.0,0.998,3.34,0.7,9.6,6,red
6.9,0.52,0.25,2.6,0.081,10.0,37.0,0.99685,3.46,0.5,11.0,5,red
8.2,1.0,0.09,2.3,0.065,7.0,37.0,0.99685,3.32,0.55,9.0,6,red
7.2,0.63,0.0,1.9,0.09699999999999999,14.0,38.0,0.99675,3.37,0.58,9.0,6,red
7.2,0.63,0.0,1.9,0.09699999999999999,14.0,38.0,0.99675,3.37,0.58,9.0,6,red
7.2,0.645,0.0,1.9,0.09699999999999999,15.0,39.0,0.99675,3.37,0.58,9.2,6,red
7.2,0.63,0.0,1.9,0.09699999999999999,14.0,38.0,0.99675,3.37,0.58,9.0,6,red
8.2,1.0,0.09,2.3,0.065,7.0,37.0,0.99685,3.32,0.55,9.0,6,red
8.9,0.635,0.37,1.7,0.263,5.0,62.0,0.9971,3.0,1.09,9.3,5,red
12.0,0.38,0.56,2.1,0.09300000000000001,6.0,24.0,0.99925,3.14,0.71,10.9,6,red
7.7,0.58,0.1,1.8,0.102,28.0,109.0,0.99565,3.08,0.49,9.8,6,red
15.0,0.21,0.44,2.2,0.075,10.0,24.0,1.00005,3.07,0.84,9.2,7,red
15.0,0.21,0.44,2.2,0.075,10.0,24.0,1.00005,3.07,0.84,9.2,7,red
7.3,0.66,0.0,2.0,0.084,6.0,23.0,0.9983,3.61,0.96,9.9,6,red
7.1,0.68,0.07,1.9,0.075,16.0,51.0,0.99685,3.38,0.52,9.5,5,red
8.2,0.6,0.17,2.3,0.07200000000000001,11.0,73.0,0.9963,3.2,0.45,9.3,5,red
7.7,0.53,0.06,1.7,0.07400000000000001,9.0,39.0,0.99615,3.35,0.48,9.8,6,red
7.3,0.66,0.0,2.0,0.084,6.0,23.0,0.9983,3.61,0.96,9.9,6,red
10.8,0.32,0.44,1.6,0.063,16.0,37.0,0.9985,3.22,0.78,10.0,6,red
7.1,0.6,0.0,1.8,0.07400000000000001,16.0,34.0,0.9972,3.47,0.7,9.9,6,red
11.1,0.35,0.48,3.1,0.09,5.0,21.0,0.9986,3.17,0.53,10.5,5,red
7.7,0.775,0.42,1.9,0.092,8.0,86.0,0.9959,3.23,0.59,9.5,5,red
7.1,0.6,0.0,1.8,0.07400000000000001,16.0,34.0,0.9972,3.47,0.7,9.9,6,red
8.0,0.57,0.23,3.2,0.073,17.0,119.0,0.99675,3.26,0.57,9.3,5,red
9.4,0.34,0.37,2.2,0.075,5.0,13.0,0.998,3.22,0.62,9.2,5,red
6.6,0.695,0.0,2.1,0.075,12.0,56.0,0.9968,3.49,0.67,9.2,5,red
7.7,0.41,0.76,1.8,0.611,8.0,45.0,0.9968,3.06,1.26,9.4,5,red
10.0,0.31,0.47,2.6,0.085,14.0,33.0,0.99965,3.36,0.8,10.5,7,red
7.9,0.33,0.23,1.7,0.077,18.0,45.0,0.99625,3.29,0.65,9.3,5,red
7.0,0.975,0.04,2.0,0.087,12.0,67.0,0.99565,3.35,0.6,9.4,4,red
8.0,0.52,0.03,1.7,0.07,10.0,35.0,0.99575,3.34,0.57,10.0,5,red
7.9,0.37,0.23,1.8,0.077,23.0,49.0,0.9963,3.28,0.67,9.3,5,red
12.5,0.56,0.49,2.4,0.064,5.0,27.0,0.9999,3.08,0.87,10.9,5,red
11.8,0.26,0.52,1.8,0.071,6.0,10.0,0.9968,3.2,0.72,10.2,7,red
8.1,0.87,0.0,3.3,0.096,26.0,61.0,1.00025,3.6,0.72,9.8,4,red
7.9,0.35,0.46,3.6,0.078,15.0,37.0,0.9973,3.35,0.86,12.8,8,red
6.9,0.54,0.04,3.0,0.077,7.0,27.0,0.9987,3.69,0.91,9.4,6,red
11.5,0.18,0.51,4.0,0.10400000000000001,4.0,23.0,0.9996,3.28,0.97,10.1,6,red
7.9,0.545,0.06,4.0,0.087,27.0,61.0,0.9965,3.36,0.67,10.7,6,red
11.5,0.18,0.51,4.0,0.10400000000000001,4.0,23.0,0.9996,3.28,0.97,10.1,6,red
10.9,0.37,0.58,4.0,0.071,17.0,65.0,0.99935,3.22,0.78,10.1,5,red
8.4,0.715,0.2,2.4,0.076,10.0,38.0,0.99735,3.31,0.64,9.4,5,red
7.5,0.65,0.18,7.0,0.08800000000000001,27.0,94.0,0.99915,3.38,0.77,9.4,5,red
7.9,0.545,0.06,4.0,0.087,27.0,61.0,0.9965,3.36,0.67,10.7,6,red
6.9,0.54,0.04,3.0,0.077,7.0,27.0,0.9987,3.69,0.91,9.4,6,red
11.5,0.18,0.51,4.0,0.10400000000000001,4.0,23.0,0.9996,3.28,0.97,10.1,6,red
10.3,0.32,0.45,6.4,0.073,5.0,13.0,0.9976,3.23,0.82,12.6,8,red
8.9,0.4,0.32,5.6,0.087,10.0,47.0,0.9991,3.38,0.77,10.5,7,red
11.4,0.26,0.44,3.6,0.071,6.0,19.0,0.9986,3.12,0.82,9.3,6,red
7.7,0.27,0.68,3.5,0.358,5.0,10.0,0.9972,3.25,1.08,9.9,7,red
7.6,0.52,0.12,3.0,0.067,12.0,53.0,0.9971,3.36,0.57,9.1,5,red
8.9,0.4,0.32,5.6,0.087,10.0,47.0,0.9991,3.38,0.77,10.5,7,red
9.9,0.59,0.07,3.4,0.102,32.0,71.0,1.00015,3.31,0.71,9.8,5,red
9.9,0.59,0.07,3.4,0.102,32.0,71.0,1.00015,3.31,0.71,9.8,5,red
12.0,0.45,0.55,2.0,0.073,25.0,49.0,0.9997,3.1,0.76,10.3,6,red
7.5,0.4,0.12,3.0,0.092,29.0,53.0,0.9967,3.37,0.7,10.3,6,red
8.7,0.52,0.09,2.5,0.091,20.0,49.0,0.9976,3.34,0.86,10.6,7,red
11.6,0.42,0.53,3.3,0.105,33.0,98.0,1.001,3.2,0.95,9.2,5,red
8.7,0.52,0.09,2.5,0.091,20.0,49.0,0.9976,3.34,0.86,10.6,7,red
11.0,0.2,0.48,2.0,0.34299999999999997,6.0,18.0,0.9979,3.3,0.71,10.5,5,red
10.4,0.55,0.23,2.7,0.091,18.0,48.0,0.9994,3.22,0.64,10.3,6,red
6.9,0.36,0.25,2.4,0.098,5.0,16.0,0.9964,3.41,0.6,10.1,6,red
13.3,0.34,0.52,3.2,0.094,17.0,53.0,1.0014,3.05,0.81,9.5,6,red
10.8,0.5,0.46,2.5,0.073,5.0,27.0,1.0001,3.05,0.64,9.5,5,red
10.6,0.83,0.37,2.6,0.086,26.0,70.0,0.9981,3.16,0.52,9.9,5,red
7.1,0.63,0.06,2.0,0.083,8.0,29.0,0.99855,3.67,0.73,9.6,5,red
7.2,0.65,0.02,2.3,0.094,5.0,31.0,0.9993,3.67,0.8,9.7,5,red
6.9,0.67,0.06,2.1,0.08,8.0,33.0,0.99845,3.68,0.71,9.6,5,red
7.5,0.53,0.06,2.6,0.086,20.0,44.0,0.9965,3.38,0.59,10.7,6,red
11.1,0.18,0.48,1.5,0.068,7.0,15.0,0.9973,3.22,0.64,10.1,6,red
8.3,0.705,0.12,2.6,0.092,12.0,28.0,0.9994,3.51,0.72,10.0,5,red
7.4,0.67,0.12,1.6,0.18600000000000003,5.0,21.0,0.996,3.39,0.54,9.5,5,red
8.4,0.65,0.6,2.1,0.11199999999999999,12.0,90.0,0.9973,3.2,0.52,9.2,5,red
10.3,0.53,0.48,2.5,0.063,6.0,25.0,0.9998,3.12,0.59,9.3,6,red
7.6,0.62,0.32,2.2,0.08199999999999999,7.0,54.0,0.9966,3.36,0.52,9.4,5,red
10.3,0.41,0.42,2.4,0.213,6.0,14.0,0.9994,3.19,0.62,9.5,6,red
10.3,0.43,0.44,2.4,0.214,5.0,12.0,0.9994,3.19,0.63,9.5,6,red
7.4,0.29,0.38,1.7,0.062,9.0,30.0,0.9968,3.41,0.53,9.5,6,red
10.3,0.53,0.48,2.5,0.063,6.0,25.0,0.9998,3.12,0.59,9.3,6,red
7.9,0.53,0.24,2.0,0.07200000000000001,15.0,105.0,0.996,3.27,0.54,9.4,6,red
9.0,0.46,0.31,2.8,0.09300000000000001,19.0,98.0,0.99815,3.32,0.63,9.5,6,red
8.6,0.47,0.3,3.0,0.076,30.0,135.0,0.9976,3.3,0.53,9.4,5,red
7.4,0.36,0.29,2.6,0.087,26.0,72.0,0.99645,3.39,0.68,11.0,5,red
7.1,0.35,0.29,2.5,0.096,20.0,53.0,0.9962,3.42,0.65,11.0,6,red
9.6,0.56,0.23,3.4,0.102,37.0,92.0,0.9996,3.3,0.65,10.1,5,red
9.6,0.77,0.12,2.9,0.08199999999999999,30.0,74.0,0.99865,3.3,0.64,10.4,6,red
9.8,0.66,0.39,3.2,0.083,21.0,59.0,0.9989,3.37,0.71,11.5,7,red
9.6,0.77,0.12,2.9,0.08199999999999999,30.0,74.0,0.99865,3.3,0.64,10.4,6,red
9.8,0.66,0.39,3.2,0.083,21.0,59.0,0.9989,3.37,0.71,11.5,7,red
9.3,0.61,0.26,3.4,0.09,25.0,87.0,0.99975,3.24,0.62,9.7,5,red
7.8,0.62,0.05,2.3,0.079,6.0,18.0,0.99735,3.29,0.63,9.3,5,red
10.3,0.59,0.42,2.8,0.09,35.0,73.0,0.9990000000000001,3.28,0.7,9.5,6,red
10.0,0.49,0.2,11.0,0.071,13.0,50.0,1.0015,3.16,0.69,9.2,6,red
10.0,0.49,0.2,11.0,0.071,13.0,50.0,1.0015,3.16,0.69,9.2,6,red
11.6,0.53,0.66,3.65,0.121,6.0,14.0,0.9978,3.05,0.74,11.5,7,red
10.3,0.44,0.5,4.5,0.107,5.0,13.0,0.998,3.28,0.83,11.5,5,red
13.4,0.27,0.62,2.6,0.08199999999999999,6.0,21.0,1.0002,3.16,0.67,9.7,6,red
10.7,0.46,0.39,2.0,0.061,7.0,15.0,0.9981,3.18,0.62,9.5,5,red
10.2,0.36,0.64,2.9,0.122,10.0,41.0,0.998,3.23,0.66,12.5,6,red
10.2,0.36,0.64,2.9,0.122,10.0,41.0,0.998,3.23,0.66,12.5,6,red
8.0,0.58,0.28,3.2,0.066,21.0,114.0,0.9973,3.22,0.54,9.4,6,red
8.4,0.56,0.08,2.1,0.105,16.0,44.0,0.9958,3.13,0.52,11.0,5,red
7.9,0.65,0.01,2.5,0.078,17.0,38.0,0.9963,3.34,0.74,11.7,7,red
11.9,0.695,0.53,3.4,0.128,7.0,21.0,0.9992,3.17,0.84,12.2,7,red
8.9,0.43,0.45,1.9,0.052000000000000005,6.0,16.0,0.9948,3.35,0.7,12.5,6,red
7.8,0.43,0.32,2.8,0.08,29.0,58.0,0.9974,3.31,0.64,10.3,5,red
12.4,0.49,0.58,3.0,0.10300000000000001,28.0,99.0,1.0008,3.16,1.0,11.5,6,red
12.5,0.28,0.54,2.3,0.08199999999999999,12.0,29.0,0.9997,3.11,1.36,9.8,7,red
12.2,0.34,0.5,2.4,0.066,10.0,21.0,1.0,3.12,1.18,9.2,6,red
10.6,0.42,0.48,2.7,0.065,5.0,18.0,0.9972,3.21,0.87,11.3,6,red
10.9,0.39,0.47,1.8,0.11800000000000001,6.0,14.0,0.9982,3.3,0.75,9.8,6,red
10.9,0.39,0.47,1.8,0.11800000000000001,6.0,14.0,0.9982,3.3,0.75,9.8,6,red
11.9,0.57,0.5,2.6,0.08199999999999999,6.0,32.0,1.0006,3.12,0.78,10.7,6,red
7.0,0.685,0.0,1.9,0.067,40.0,63.0,0.9979,3.6,0.81,9.9,5,red
6.6,0.815,0.02,2.7,0.07200000000000001,17.0,34.0,0.9955,3.58,0.89,12.3,7,red
13.8,0.49,0.67,3.0,0.09300000000000001,6.0,15.0,0.9986,3.02,0.93,12.0,6,red
9.6,0.56,0.31,2.8,0.08900000000000001,15.0,46.0,0.9979,3.11,0.92,10.0,6,red
9.1,0.785,0.0,2.6,0.09300000000000001,11.0,28.0,0.9994,3.36,0.86,9.4,6,red
10.7,0.67,0.22,2.7,0.107,17.0,34.0,1.0004,3.28,0.98,9.9,6,red
9.1,0.795,0.0,2.6,0.096,11.0,26.0,0.9994,3.35,0.83,9.4,6,red
7.7,0.665,0.0,2.4,0.09,8.0,19.0,0.9974,3.27,0.73,9.3,5,red
13.5,0.53,0.79,4.8,0.12,23.0,77.0,1.0018,3.18,0.77,13.0,5,red
6.1,0.21,0.4,1.4,0.066,40.5,165.0,0.9912,3.25,0.59,11.9,6,red
6.7,0.75,0.01,2.4,0.078,17.0,32.0,0.9955,3.55,0.61,12.8,6,red
11.5,0.41,0.52,3.0,0.08,29.0,55.0,1.0001,3.26,0.88,11.0,5,red
10.5,0.42,0.66,2.95,0.11599999999999999,12.0,29.0,0.997,3.24,0.75,11.7,7,red
11.9,0.43,0.66,3.1,0.109,10.0,23.0,1.0,3.15,0.85,10.4,7,red
12.6,0.38,0.66,2.6,0.08800000000000001,10.0,41.0,1.001,3.17,0.68,9.8,6,red
8.2,0.7,0.23,2.0,0.099,14.0,81.0,0.9973,3.19,0.7,9.4,5,red
8.6,0.45,0.31,2.6,0.086,21.0,50.0,0.9982,3.37,0.91,9.9,6,red
11.9,0.58,0.66,2.5,0.07200000000000001,6.0,37.0,0.9992,3.05,0.56,10.0,5,red
12.5,0.46,0.63,2.0,0.071,6.0,15.0,0.9988,2.99,0.87,10.2,5,red
12.8,0.615,0.66,5.8,0.083,7.0,42.0,1.0022,3.07,0.73,10.0,7,red
10.0,0.42,0.5,3.4,0.107,7.0,21.0,0.9979,3.26,0.93,11.8,6,red
12.8,0.615,0.66,5.8,0.083,7.0,42.0,1.0022,3.07,0.73,10.0,7,red
10.4,0.575,0.61,2.6,0.076,11.0,24.0,1.0,3.16,0.69,9.0,5,red
10.3,0.34,0.52,2.8,0.159,15.0,75.0,0.9998,3.18,0.64,9.4,5,red
9.4,0.27,0.53,2.4,0.07400000000000001,6.0,18.0,0.9962,3.2,1.13,12.0,7,red
6.9,0.765,0.02,2.3,0.063,35.0,63.0,0.9975,3.57,0.78,9.9,5,red
7.9,0.24,0.4,1.6,0.055999999999999994,11.0,25.0,0.9967,3.32,0.87,8.7,6,red
9.1,0.28,0.48,1.8,0.067,26.0,46.0,0.9967,3.32,1.04,10.6,6,red
7.4,0.55,0.22,2.2,0.106,12.0,72.0,0.9959,3.05,0.63,9.2,5,red
14.0,0.41,0.63,3.8,0.08900000000000001,6.0,47.0,1.0014,3.01,0.81,10.8,6,red
11.5,0.54,0.71,4.4,0.124,6.0,15.0,0.9984,3.01,0.83,11.8,7,red
11.5,0.45,0.5,3.0,0.078,19.0,47.0,1.0003,3.26,1.11,11.0,6,red
9.4,0.27,0.53,2.4,0.07400000000000001,6.0,18.0,0.9962,3.2,1.13,12.0,7,red
11.4,0.625,0.66,6.2,0.08800000000000001,6.0,24.0,0.9988,3.11,0.99,13.3,6,red
8.3,0.42,0.38,2.5,0.094,24.0,60.0,0.9979,3.31,0.7,10.8,6,red
8.3,0.26,0.42,2.0,0.08,11.0,27.0,0.9974,3.21,0.8,9.4,6,red
13.7,0.415,0.68,2.9,0.085,17.0,43.0,1.0014,3.06,0.8,10.0,6,red
8.3,0.26,0.42,2.0,0.08,11.0,27.0,0.9974,3.21,0.8,9.4,6,red
8.3,0.26,0.42,2.0,0.08,11.0,27.0,0.9974,3.21,0.8,9.4,6,red
7.7,0.51,0.28,2.1,0.087,23.0,54.0,0.998,3.42,0.74,9.2,5,red
7.4,0.63,0.07,2.4,0.09,11.0,37.0,0.9979,3.43,0.76,9.7,6,red
7.8,0.54,0.26,2.0,0.08800000000000001,23.0,48.0,0.9981,3.41,0.74,9.2,6,red
8.3,0.66,0.15,1.9,0.079,17.0,42.0,0.9972,3.31,0.54,9.6,6,red
7.8,0.46,0.26,1.9,0.08800000000000001,23.0,53.0,0.9981,3.43,0.74,9.2,6,red
9.6,0.38,0.31,2.5,0.096,16.0,49.0,0.9982,3.19,0.7,10.0,7,red
5.6,0.85,0.05,1.4,0.045,12.0,88.0,0.9924,3.56,0.82,12.9,8,red
13.7,0.415,0.68,2.9,0.085,17.0,43.0,1.0014,3.06,0.8,10.0,6,red
9.5,0.37,0.52,2.0,0.08199999999999999,6.0,26.0,0.998,3.18,0.51,9.5,5,red
8.4,0.665,0.61,2.0,0.11199999999999999,13.0,95.0,0.997,3.16,0.54,9.1,5,red
12.7,0.6,0.65,2.3,0.063,6.0,25.0,0.9997,3.03,0.57,9.9,5,red
12.0,0.37,0.76,4.2,0.066,7.0,38.0,1.0004,3.22,0.6,13.0,7,red
6.6,0.735,0.02,7.9,0.122,68.0,124.0,0.9994,3.47,0.53,9.9,5,red
11.5,0.59,0.59,2.6,0.087,13.0,49.0,0.9988,3.18,0.65,11.0,6,red
11.5,0.59,0.59,2.6,0.087,13.0,49.0,0.9988,3.18,0.65,11.0,6,red
8.7,0.765,0.22,2.3,0.064,9.0,42.0,0.9963,3.1,0.55,9.4,5,red
6.6,0.735,0.02,7.9,0.122,68.0,124.0,0.9994,3.47,0.53,9.9,5,red
7.7,0.26,0.3,1.7,0.059000000000000004,20.0,38.0,0.9949,3.29,0.47,10.8,6,red
12.2,0.48,0.54,2.6,0.085,19.0,64.0,1.0,3.1,0.61,10.5,6,red
11.4,0.6,0.49,2.7,0.085,10.0,41.0,0.9994,3.15,0.63,10.5,6,red
7.7,0.69,0.05,2.7,0.075,15.0,27.0,0.9974,3.26,0.61,9.1,5,red
8.7,0.31,0.46,1.4,0.059000000000000004,11.0,25.0,0.9966,3.36,0.76,10.1,6,red
9.8,0.44,0.47,2.5,0.063,9.0,28.0,0.9981,3.24,0.65,10.8,6,red
12.0,0.39,0.66,3.0,0.09300000000000001,12.0,30.0,0.9996,3.18,0.63,10.8,7,red
10.4,0.34,0.58,3.7,0.174,6.0,16.0,0.997,3.19,0.7,11.3,6,red
12.5,0.46,0.49,4.5,0.07,26.0,49.0,0.9981,3.05,0.57,9.6,4,red
9.0,0.43,0.34,2.5,0.08,26.0,86.0,0.9987,3.38,0.62,9.5,6,red
9.1,0.45,0.35,2.4,0.08,23.0,78.0,0.9987,3.38,0.62,9.5,5,red
7.1,0.735,0.16,1.9,0.1,15.0,77.0,0.9966,3.27,0.64,9.3,5,red
9.9,0.4,0.53,6.7,0.09699999999999999,6.0,19.0,0.9986,3.27,0.82,11.7,7,red
8.8,0.52,0.34,2.7,0.087,24.0,122.0,0.9982,3.26,0.61,9.5,5,red
8.6,0.725,0.24,6.6,0.11699999999999999,31.0,134.0,1.0014,3.32,1.07,9.3,5,red
10.6,0.48,0.64,2.2,0.111,6.0,20.0,0.997,3.26,0.66,11.7,6,red
7.0,0.58,0.12,1.9,0.091,34.0,124.0,0.9956,3.44,0.48,10.5,5,red
11.9,0.38,0.51,2.0,0.121,7.0,20.0,0.9996,3.24,0.76,10.4,6,red
6.8,0.77,0.0,1.8,0.066,34.0,52.0,0.9976,3.62,0.68,9.9,5,red
9.5,0.56,0.33,2.4,0.08900000000000001,35.0,67.0,0.9972,3.28,0.73,11.8,7,red
6.6,0.84,0.03,2.3,0.059000000000000004,32.0,48.0,0.9952,3.52,0.56,12.3,7,red
7.7,0.96,0.2,2.0,0.047,15.0,60.0,0.9955,3.36,0.44,10.9,5,red
10.5,0.24,0.47,2.1,0.066,6.0,24.0,0.9978,3.15,0.9,11.0,7,red
7.7,0.96,0.2,2.0,0.047,15.0,60.0,0.9955,3.36,0.44,10.9,5,red
6.6,0.84,0.03,2.3,0.059000000000000004,32.0,48.0,0.9952,3.52,0.56,12.3,7,red
6.4,0.67,0.08,2.1,0.045,19.0,48.0,0.9949,3.49,0.49,11.4,6,red
9.5,0.78,0.22,1.9,0.077,6.0,32.0,0.9988,3.26,0.56,10.6,6,red
9.1,0.52,0.33,1.3,0.07,9.0,30.0,0.9978,3.24,0.6,9.3,5,red
12.8,0.84,0.63,2.4,0.08800000000000001,13.0,35.0,0.9997,3.1,0.6,10.4,6,red
10.5,0.24,0.47,2.1,0.066,6.0,24.0,0.9978,3.15,0.9,11.0,7,red
7.8,0.55,0.35,2.2,0.07400000000000001,21.0,66.0,0.9974,3.25,0.56,9.2,5,red
11.9,0.37,0.69,2.3,0.078,12.0,24.0,0.9958,3.0,0.65,12.8,6,red
12.3,0.39,0.63,2.3,0.091,6.0,18.0,1.0004,3.16,0.49,9.5,5,red
10.4,0.41,0.55,3.2,0.076,22.0,54.0,0.9996,3.15,0.89,9.9,6,red
12.3,0.39,0.63,2.3,0.091,6.0,18.0,1.0004,3.16,0.49,9.5,5,red
8.0,0.67,0.3,2.0,0.06,38.0,62.0,0.9958,3.26,0.56,10.2,6,red
11.1,0.45,0.73,3.2,0.066,6.0,22.0,0.9986,3.17,0.66,11.2,6,red
10.4,0.41,0.55,3.2,0.076,22.0,54.0,0.9996,3.15,0.89,9.9,6,red
7.0,0.62,0.18,1.5,0.062,7.0,50.0,0.9951,3.08,0.6,9.3,5,red
12.6,0.31,0.72,2.2,0.07200000000000001,6.0,29.0,0.9987,2.88,0.82,9.8,8,red
11.9,0.4,0.65,2.15,0.068,7.0,27.0,0.9988,3.06,0.68,11.3,6,red
15.6,0.685,0.76,3.7,0.1,6.0,43.0,1.0032,2.95,0.68,11.2,7,red
10.0,0.44,0.49,2.7,0.077,11.0,19.0,0.9963,3.23,0.63,11.6,7,red
5.3,0.57,0.01,1.7,0.054000000000000006,5.0,27.0,0.9934,3.57,0.84,12.5,7,red
9.5,0.735,0.1,2.1,0.079,6.0,31.0,0.9986,3.23,0.56,10.1,6,red
12.5,0.38,0.6,2.6,0.081,31.0,72.0,0.9996,3.1,0.73,10.5,5,red
9.3,0.48,0.29,2.1,0.127,6.0,16.0,0.9968,3.22,0.72,11.2,5,red
8.6,0.53,0.22,2.0,0.1,7.0,27.0,0.9967,3.2,0.56,10.2,6,red
11.9,0.39,0.69,2.8,0.095,17.0,35.0,0.9994,3.1,0.61,10.8,6,red
11.9,0.39,0.69,2.8,0.095,17.0,35.0,0.9994,3.1,0.61,10.8,6,red
8.4,0.37,0.53,1.8,0.413,9.0,26.0,0.9979,3.06,1.06,9.1,6,red
6.8,0.56,0.03,1.7,0.084,18.0,35.0,0.9968,3.44,0.63,10.0,6,red
10.4,0.33,0.63,2.8,0.084,5.0,22.0,0.9998,3.26,0.74,11.2,7,red
7.0,0.23,0.4,1.6,0.063,21.0,67.0,0.9952,3.5,0.63,11.1,5,red
11.3,0.62,0.67,5.2,0.086,6.0,19.0,0.9988,3.22,0.69,13.4,8,red
8.9,0.59,0.39,2.3,0.095,5.0,22.0,0.9986,3.37,0.58,10.3,5,red
9.2,0.63,0.21,2.7,0.09699999999999999,29.0,65.0,0.9988,3.28,0.58,9.6,5,red
10.4,0.33,0.63,2.8,0.084,5.0,22.0,0.9998,3.26,0.74,11.2,7,red
11.6,0.58,0.66,2.2,0.07400000000000001,10.0,47.0,1.0008,3.25,0.57,9.0,3,red
9.2,0.43,0.52,2.3,0.083,14.0,23.0,0.9976,3.35,0.61,11.3,6,red
8.3,0.615,0.22,2.6,0.087,6.0,19.0,0.9982,3.26,0.61,9.3,5,red
11.0,0.26,0.68,2.55,0.085,10.0,25.0,0.997,3.18,0.61,11.8,5,red
8.1,0.66,0.7,2.2,0.098,25.0,129.0,0.9972,3.08,0.53,9.0,5,red
11.5,0.315,0.54,2.1,0.084,5.0,15.0,0.9987,2.98,0.7,9.2,6,red
10.0,0.29,0.4,2.9,0.098,10.0,26.0,1.0006,3.48,0.91,9.7,5,red
10.3,0.5,0.42,2.0,0.069,21.0,51.0,0.9982,3.16,0.72,11.5,6,red
8.8,0.46,0.45,2.6,0.065,7.0,18.0,0.9947,3.32,0.79,14.0,6,red
11.4,0.36,0.69,2.1,0.09,6.0,21.0,1.0,3.17,0.62,9.2,6,red
8.7,0.82,0.02,1.2,0.07,36.0,48.0,0.9952,3.2,0.58,9.8,5,red
13.0,0.32,0.65,2.6,0.09300000000000001,15.0,47.0,0.9996,3.05,0.61,10.6,5,red
9.6,0.54,0.42,2.4,0.081,25.0,52.0,0.997,3.2,0.71,11.4,6,red
12.5,0.37,0.55,2.6,0.083,25.0,68.0,0.9995,3.15,0.82,10.4,6,red
9.9,0.35,0.55,2.1,0.062,5.0,14.0,0.9971,3.26,0.79,10.6,5,red
10.5,0.28,0.51,1.7,0.08,10.0,24.0,0.9982,3.2,0.89,9.4,6,red
9.6,0.68,0.24,2.2,0.087,5.0,28.0,0.9988,3.14,0.6,10.2,5,red
9.3,0.27,0.41,2.0,0.091,6.0,16.0,0.998,3.28,0.7,9.7,5,red
10.4,0.24,0.49,1.8,0.075,6.0,20.0,0.9977,3.18,1.06,11.0,6,red
9.6,0.68,0.24,2.2,0.087,5.0,28.0,0.9988,3.14,0.6,10.2,5,red
9.4,0.685,0.11,2.7,0.077,6.0,31.0,0.9984,3.19,0.7,10.1,6,red
10.6,0.28,0.39,15.5,0.069,6.0,23.0,1.0026,3.12,0.66,9.2,5,red
9.4,0.3,0.56,2.8,0.08,6.0,17.0,0.9964,3.15,0.92,11.7,8,red
10.6,0.36,0.59,2.2,0.152,6.0,18.0,0.9986,3.04,1.05,9.4,5,red
10.6,0.36,0.6,2.2,0.152,7.0,18.0,0.9986,3.04,1.06,9.4,5,red
10.6,0.44,0.68,4.1,0.114,6.0,24.0,0.997,3.06,0.66,13.4,6,red
10.2,0.67,0.39,1.9,0.054000000000000006,6.0,17.0,0.9976,3.17,0.47,10.0,5,red
10.2,0.67,0.39,1.9,0.054000000000000006,6.0,17.0,0.9976,3.17,0.47,10.0,5,red
10.2,0.645,0.36,1.8,0.053,5.0,14.0,0.9982,3.17,0.42,10.0,6,red
11.6,0.32,0.55,2.8,0.081,35.0,67.0,1.0002,3.32,0.92,10.8,7,red
9.3,0.39,0.4,2.6,0.073,10.0,26.0,0.9984,3.34,0.75,10.2,6,red
9.3,0.775,0.27,2.8,0.078,24.0,56.0,0.9984,3.31,0.67,10.6,6,red
9.2,0.41,0.5,2.5,0.055,12.0,25.0,0.9952,3.34,0.79,13.3,7,red
8.9,0.4,0.51,2.6,0.052000000000000005,13.0,27.0,0.995,3.32,0.9,13.4,7,red
8.7,0.69,0.31,3.0,0.086,23.0,81.0,1.0002,3.48,0.74,11.6,6,red
6.5,0.39,0.23,8.3,0.051,28.0,91.0,0.9952,3.44,0.55,12.1,6,red
10.7,0.35,0.53,2.6,0.07,5.0,16.0,0.9972,3.15,0.65,11.0,8,red
7.8,0.52,0.25,1.9,0.081,14.0,38.0,0.9984,3.43,0.65,9.0,6,red
7.2,0.34,0.32,2.5,0.09,43.0,113.0,0.9966,3.32,0.79,11.1,5,red
10.7,0.35,0.53,2.6,0.07,5.0,16.0,0.9972,3.15,0.65,11.0,8,red
8.7,0.69,0.31,3.0,0.086,23.0,81.0,1.0002,3.48,0.74,11.6,6,red
7.8,0.52,0.25,1.9,0.081,14.0,38.0,0.9984,3.43,0.65,9.0,6,red
10.4,0.44,0.73,6.55,0.07400000000000001,38.0,76.0,0.9990000000000001,3.17,0.85,12.0,7,red
10.4,0.44,0.73,6.55,0.07400000000000001,38.0,76.0,0.9990000000000001,3.17,0.85,12.0,7,red
10.5,0.26,0.47,1.9,0.078,6.0,24.0,0.9976,3.18,1.04,10.9,7,red
10.5,0.24,0.42,1.8,0.077,6.0,22.0,0.9976,3.21,1.05,10.8,7,red
10.2,0.49,0.63,2.9,0.07200000000000001,10.0,26.0,0.9968,3.16,0.78,12.5,7,red
10.4,0.24,0.46,1.8,0.075,6.0,21.0,0.9976,3.25,1.02,10.8,7,red
11.2,0.67,0.55,2.3,0.084,6.0,13.0,1.0,3.17,0.71,9.5,6,red
10.0,0.59,0.31,2.2,0.09,26.0,62.0,0.9994,3.18,0.63,10.2,6,red
13.3,0.29,0.75,2.8,0.084,23.0,43.0,0.9986,3.04,0.68,11.4,7,red
12.4,0.42,0.49,4.6,0.073,19.0,43.0,0.9978,3.02,0.61,9.5,5,red
10.0,0.59,0.31,2.2,0.09,26.0,62.0,0.9994,3.18,0.63,10.2,6,red
10.7,0.4,0.48,2.1,0.125,15.0,49.0,0.998,3.03,0.81,9.7,6,red
10.5,0.51,0.64,2.4,0.107,6.0,15.0,0.9973,3.09,0.66,11.8,7,red
10.5,0.51,0.64,2.4,0.107,6.0,15.0,0.9973,3.09,0.66,11.8,7,red
8.5,0.655,0.49,6.1,0.122,34.0,151.0,1.001,3.31,1.14,9.3,5,red
12.5,0.6,0.49,4.3,0.1,5.0,14.0,1.001,3.25,0.74,11.9,6,red
10.4,0.61,0.49,2.1,0.2,5.0,16.0,0.9994,3.16,0.63,8.4,3,red
10.9,0.21,0.49,2.8,0.08800000000000001,11.0,32.0,0.9972,3.22,0.68,11.7,6,red
7.3,0.365,0.49,2.5,0.08800000000000001,39.0,106.0,0.9966,3.36,0.78,11.0,5,red
9.8,0.25,0.49,2.7,0.08800000000000001,15.0,33.0,0.9982,3.42,0.9,10.0,6,red
7.6,0.41,0.49,2.0,0.08800000000000001,16.0,43.0,0.998,3.48,0.64,9.1,5,red
8.2,0.39,0.49,2.3,0.099,47.0,133.0,0.9979,3.38,0.99,9.8,5,red
9.3,0.4,0.49,2.5,0.085,38.0,142.0,0.9978,3.22,0.55,9.4,5,red
9.2,0.43,0.49,2.4,0.086,23.0,116.0,0.9976,3.23,0.64,9.5,5,red
10.4,0.64,0.24,2.8,0.105,29.0,53.0,0.9998,3.24,0.67,9.9,5,red
7.3,0.365,0.49,2.5,0.08800000000000001,39.0,106.0,0.9966,3.36,0.78,11.0,5,red
7.0,0.38,0.49,2.5,0.09699999999999999,33.0,85.0,0.9962,3.39,0.77,11.4,6,red
8.2,0.42,0.49,2.6,0.084,32.0,55.0,0.9988,3.34,0.75,8.7,6,red
9.9,0.63,0.24,2.4,0.077,6.0,33.0,0.9974,3.09,0.57,9.4,5,red
9.1,0.22,0.24,2.1,0.078,1.0,28.0,0.9990000000000001,3.41,0.87,10.3,6,red
11.9,0.38,0.49,2.7,0.098,12.0,42.0,1.0004,3.16,0.61,10.3,5,red
11.9,0.38,0.49,2.7,0.098,12.0,42.0,1.0004,3.16,0.61,10.3,5,red
10.3,0.27,0.24,2.1,0.07200000000000001,15.0,33.0,0.9956,3.22,0.66,12.8,6,red
10.0,0.48,0.24,2.7,0.102,13.0,32.0,1.0,3.28,0.56,10.0,6,red
9.1,0.22,0.24,2.1,0.078,1.0,28.0,0.9990000000000001,3.41,0.87,10.3,6,red
9.9,0.63,0.24,2.4,0.077,6.0,33.0,0.9974,3.09,0.57,9.4,5,red
8.1,0.825,0.24,2.1,0.084,5.0,13.0,0.9972,3.37,0.77,10.7,6,red
12.9,0.35,0.49,5.8,0.066,5.0,35.0,1.0014,3.2,0.66,12.0,7,red
11.2,0.5,0.74,5.15,0.1,5.0,17.0,0.9996,3.22,0.62,11.2,5,red
9.2,0.59,0.24,3.3,0.10099999999999999,20.0,47.0,0.9988,3.26,0.67,9.6,5,red
9.5,0.46,0.49,6.3,0.064,5.0,17.0,0.9988,3.21,0.73,11.0,6,red
9.3,0.715,0.24,2.1,0.07,5.0,20.0,0.9966,3.12,0.59,9.9,5,red
11.2,0.66,0.24,2.5,0.085,16.0,53.0,0.9993,3.06,0.72,11.0,6,red
14.3,0.31,0.74,1.8,0.075,6.0,15.0,1.0008,2.86,0.79,8.4,6,red
9.1,0.47,0.49,2.6,0.094,38.0,106.0,0.9982,3.08,0.59,9.1,5,red
7.5,0.55,0.24,2.0,0.078,10.0,28.0,0.9983,3.45,0.78,9.5,6,red
10.6,0.31,0.49,2.5,0.067,6.0,21.0,0.9987,3.26,0.86,10.7,6,red
12.4,0.35,0.49,2.6,0.079,27.0,69.0,0.9994,3.12,0.75,10.4,6,red
9.0,0.53,0.49,1.9,0.171,6.0,25.0,0.9975,3.27,0.61,9.4,6,red
6.8,0.51,0.01,2.1,0.07400000000000001,9.0,25.0,0.9958,3.33,0.56,9.5,6,red
9.4,0.43,0.24,2.8,0.092,14.0,45.0,0.998,3.19,0.73,10.0,6,red
9.5,0.46,0.24,2.7,0.092,14.0,44.0,0.998,3.12,0.74,10.0,6,red
5.0,1.04,0.24,1.6,0.05,32.0,96.0,0.9934,3.74,0.62,11.5,5,red
15.5,0.645,0.49,4.2,0.095,10.0,23.0,1.00315,2.92,0.74,11.1,5,red
15.5,0.645,0.49,4.2,0.095,10.0,23.0,1.00315,2.92,0.74,11.1,5,red
10.9,0.53,0.49,4.6,0.11800000000000001,10.0,17.0,1.0002,3.07,0.56,11.7,6,red
15.6,0.645,0.49,4.2,0.095,10.0,23.0,1.00315,2.92,0.74,11.1,5,red
10.9,0.53,0.49,4.6,0.11800000000000001,10.0,17.0,1.0002,3.07,0.56,11.7,6,red
13.0,0.47,0.49,4.3,0.085,6.0,47.0,1.0021,3.3,0.68,12.7,6,red
12.7,0.6,0.49,2.8,0.075,5.0,19.0,0.9994,3.14,0.57,11.4,5,red
9.0,0.44,0.49,2.4,0.078,26.0,121.0,0.9978,3.23,0.58,9.2,5,red
9.0,0.54,0.49,2.9,0.094,41.0,110.0,0.9982,3.08,0.61,9.2,5,red
7.6,0.29,0.49,2.7,0.092,25.0,60.0,0.9971,3.31,0.61,10.1,6,red
13.0,0.47,0.49,4.3,0.085,6.0,47.0,1.0021,3.3,0.68,12.7,6,red
12.7,0.6,0.49,2.8,0.075,5.0,19.0,0.9994,3.14,0.57,11.4,5,red
8.7,0.7,0.24,2.5,0.226,5.0,15.0,0.9991,3.32,0.6,9.0,6,red
8.7,0.7,0.24,2.5,0.226,5.0,15.0,0.9991,3.32,0.6,9.0,6,red
9.8,0.5,0.49,2.6,0.25,5.0,20.0,0.9990000000000001,3.31,0.79,10.7,6,red
6.2,0.36,0.24,2.2,0.095,19.0,42.0,0.9946,3.57,0.57,11.7,6,red
11.5,0.35,0.49,3.3,0.07,10.0,37.0,1.0003,3.32,0.91,11.0,6,red
6.2,0.36,0.24,2.2,0.095,19.0,42.0,0.9946,3.57,0.57,11.7,6,red
10.2,0.24,0.49,2.4,0.075,10.0,28.0,0.9978,3.14,0.61,10.4,5,red
10.5,0.59,0.49,2.1,0.07,14.0,47.0,0.9991,3.3,0.56,9.6,4,red
10.6,0.34,0.49,3.2,0.078,20.0,78.0,0.9992,3.19,0.7,10.0,6,red
12.3,0.27,0.49,3.1,0.079,28.0,46.0,0.9993,3.2,0.8,10.2,6,red
9.9,0.5,0.24,2.3,0.10300000000000001,6.0,14.0,0.9978,3.34,0.52,10.0,4,red
8.8,0.44,0.49,2.8,0.083,18.0,111.0,0.9982,3.3,0.6,9.5,5,red
8.8,0.47,0.49,2.9,0.085,17.0,110.0,0.9982,3.29,0.6,9.8,5,red
10.6,0.31,0.49,2.2,0.063,18.0,40.0,0.9976,3.14,0.51,9.8,6,red
12.3,0.5,0.49,2.2,0.08900000000000001,5.0,14.0,1.0002,3.19,0.44,9.6,5,red
12.3,0.5,0.49,2.2,0.08900000000000001,5.0,14.0,1.0002,3.19,0.44,9.6,5,red
11.7,0.49,0.49,2.2,0.083,5.0,15.0,1.0,3.19,0.43,9.2,5,red
12.0,0.28,0.49,1.9,0.07400000000000001,10.0,21.0,0.9976,2.98,0.66,9.9,7,red
11.8,0.33,0.49,3.4,0.09300000000000001,54.0,80.0,1.0002,3.3,0.76,10.7,7,red
7.6,0.51,0.24,2.4,0.091,8.0,38.0,0.998,3.47,0.66,9.6,6,red
11.1,0.31,0.49,2.7,0.094,16.0,47.0,0.9986,3.12,1.02,10.6,7,red
7.3,0.73,0.24,1.9,0.10800000000000001,18.0,102.0,0.9967,3.26,0.59,9.3,5,red
5.0,0.42,0.24,2.0,0.06,19.0,50.0,0.9917,3.72,0.74,14.0,8,red
10.2,0.29,0.49,2.6,0.059000000000000004,5.0,13.0,0.9976,3.05,0.74,10.5,7,red
9.0,0.45,0.49,2.6,0.084,21.0,75.0,0.9987,3.35,0.57,9.7,5,red
6.6,0.39,0.49,1.7,0.07,23.0,149.0,0.9922,3.12,0.5,11.5,6,red
9.0,0.45,0.49,2.6,0.084,21.0,75.0,0.9987,3.35,0.57,9.7,5,red
9.9,0.49,0.58,3.5,0.094,9.0,43.0,1.0004,3.29,0.58,9.0,5,red
7.9,0.72,0.17,2.6,0.096,20.0,38.0,0.9978,3.4,0.53,9.5,5,red
8.9,0.595,0.41,7.9,0.086,30.0,109.0,0.9998,3.27,0.57,9.3,5,red
12.4,0.4,0.51,2.0,0.059000000000000004,6.0,24.0,0.9994,3.04,0.6,9.3,6,red
11.9,0.58,0.58,1.9,0.071,5.0,18.0,0.998,3.09,0.63,10.0,6,red
8.5,0.585,0.18,2.1,0.078,5.0,30.0,0.9967,3.2,0.48,9.8,6,red
12.7,0.59,0.45,2.3,0.08199999999999999,11.0,22.0,1.0,3.0,0.7,9.3,6,red
8.2,0.915,0.27,2.1,0.08800000000000001,7.0,23.0,0.9962,3.26,0.47,10.0,4,red
13.2,0.46,0.52,2.2,0.071,12.0,35.0,1.0006,3.1,0.56,9.0,6,red
7.7,0.835,0.0,2.6,0.081,6.0,14.0,0.9975,3.3,0.52,9.3,5,red
13.2,0.46,0.52,2.2,0.071,12.0,35.0,1.0006,3.1,0.56,9.0,6,red
8.3,0.58,0.13,2.9,0.096,14.0,63.0,0.9984,3.17,0.62,9.1,6,red
8.3,0.6,0.13,2.6,0.085,6.0,24.0,0.9984,3.31,0.59,9.2,6,red
9.4,0.41,0.48,4.6,0.07200000000000001,10.0,20.0,0.9973,3.34,0.79,12.2,7,red
8.8,0.48,0.41,3.3,0.092,26.0,52.0,0.9982,3.31,0.53,10.5,6,red
10.1,0.65,0.37,5.1,0.11,11.0,65.0,1.0026,3.32,0.64,10.4,6,red
6.3,0.36,0.19,3.2,0.075,15.0,39.0,0.9956,3.56,0.52,12.7,6,red
8.8,0.24,0.54,2.5,0.083,25.0,57.0,0.9983,3.39,0.54,9.2,5,red
13.2,0.38,0.55,2.7,0.081,5.0,16.0,1.0006,2.98,0.54,9.4,5,red
7.5,0.64,0.0,2.4,0.077,18.0,29.0,0.9965,3.32,0.6,10.0,6,red
8.2,0.39,0.38,1.5,0.057999999999999996,10.0,29.0,0.9962,3.26,0.74,9.8,5,red
9.2,0.755,0.18,2.2,0.14800000000000002,10.0,103.0,0.9969,2.87,1.36,10.2,6,red
9.6,0.6,0.5,2.3,0.079,28.0,71.0,0.9997,3.5,0.57,9.7,5,red
9.6,0.6,0.5,2.3,0.079,28.0,71.0,0.9997,3.5,0.57,9.7,5,red
11.5,0.31,0.51,2.2,0.079,14.0,28.0,0.9982,3.03,0.93,9.8,6,red
11.4,0.46,0.5,2.7,0.122,4.0,17.0,1.0006,3.13,0.7,10.2,5,red
11.3,0.37,0.41,2.3,0.08800000000000001,6.0,16.0,0.9988,3.09,0.8,9.3,5,red
8.3,0.54,0.24,3.4,0.076,16.0,112.0,0.9976,3.27,0.61,9.4,5,red
8.2,0.56,0.23,3.4,0.078,14.0,104.0,0.9976,3.28,0.62,9.4,5,red
10.0,0.58,0.22,1.9,0.08,9.0,32.0,0.9974,3.13,0.55,9.5,5,red
7.9,0.51,0.25,2.9,0.077,21.0,45.0,0.9974,3.49,0.96,12.1,6,red
6.8,0.69,0.0,5.6,0.124,21.0,58.0,0.9997,3.46,0.72,10.2,5,red
6.8,0.69,0.0,5.6,0.124,21.0,58.0,0.9997,3.46,0.72,10.2,5,red
8.8,0.6,0.29,2.2,0.098,5.0,15.0,0.9988,3.36,0.49,9.1,5,red
8.8,0.6,0.29,2.2,0.098,5.0,15.0,0.9988,3.36,0.49,9.1,5,red
8.7,0.54,0.26,2.5,0.09699999999999999,7.0,31.0,0.9976,3.27,0.6,9.3,6,red
7.6,0.685,0.23,2.3,0.111,20.0,84.0,0.9964,3.21,0.61,9.3,5,red
8.7,0.54,0.26,2.5,0.09699999999999999,7.0,31.0,0.9976,3.27,0.6,9.3,6,red
10.4,0.28,0.54,2.7,0.105,5.0,19.0,0.9988,3.25,0.63,9.5,5,red
7.6,0.41,0.14,3.0,0.087,21.0,43.0,0.9964,3.32,0.57,10.5,6,red
10.1,0.935,0.22,3.4,0.105,11.0,86.0,1.001,3.43,0.64,11.3,4,red
7.9,0.35,0.21,1.9,0.073,46.0,102.0,0.9964,3.27,0.58,9.5,5,red
8.7,0.84,0.0,1.4,0.065,24.0,33.0,0.9954,3.27,0.55,9.7,5,red
9.6,0.88,0.28,2.4,0.086,30.0,147.0,0.9979,3.24,0.53,9.4,5,red
9.5,0.885,0.27,2.3,0.084,31.0,145.0,0.9978,3.24,0.53,9.4,5,red
7.7,0.915,0.12,2.2,0.14300000000000002,7.0,23.0,0.9964,3.35,0.65,10.2,7,red
8.9,0.29,0.35,1.9,0.067,25.0,57.0,0.997,3.18,1.36,10.3,6,red
9.9,0.54,0.45,2.3,0.071,16.0,40.0,0.9991,3.39,0.62,9.4,5,red
9.5,0.59,0.44,2.3,0.071,21.0,68.0,0.9992,3.46,0.63,9.5,5,red
9.9,0.54,0.45,2.3,0.071,16.0,40.0,0.9991,3.39,0.62,9.4,5,red
9.5,0.59,0.44,2.3,0.071,21.0,68.0,0.9992,3.46,0.63,9.5,5,red
9.9,0.54,0.45,2.3,0.071,16.0,40.0,0.9991,3.39,0.62,9.4,5,red
7.8,0.64,0.1,6.0,0.115,5.0,11.0,0.9984,3.37,0.69,10.1,7,red
7.3,0.67,0.05,3.6,0.107,6.0,20.0,0.9972,3.4,0.63,10.1,5,red
8.3,0.845,0.01,2.2,0.07,5.0,14.0,0.9967,3.32,0.58,11.0,4,red
8.7,0.48,0.3,2.8,0.066,10.0,28.0,0.9964,3.33,0.67,11.2,7,red
6.7,0.42,0.27,8.6,0.068,24.0,148.0,0.9948,3.16,0.57,11.3,6,red
10.7,0.43,0.39,2.2,0.106,8.0,32.0,0.9986,2.89,0.5,9.6,5,red
9.8,0.88,0.25,2.5,0.10400000000000001,35.0,155.0,1.001,3.41,0.67,11.2,5,red
15.9,0.36,0.65,7.5,0.096,22.0,71.0,0.9976,2.98,0.84,14.9,5,red
9.4,0.33,0.59,2.8,0.079,9.0,30.0,0.9976,3.12,0.54,12.0,6,red
8.6,0.47,0.47,2.4,0.07400000000000001,7.0,29.0,0.9979,3.08,0.46,9.5,5,red
9.7,0.55,0.17,2.9,0.087,20.0,53.0,1.0004,3.14,0.61,9.4,5,red
10.7,0.43,0.39,2.2,0.106,8.0,32.0,0.9986,2.89,0.5,9.6,5,red
12.0,0.5,0.59,1.4,0.073,23.0,42.0,0.998,2.92,0.68,10.5,7,red
7.2,0.52,0.07,1.4,0.07400000000000001,5.0,20.0,0.9973,3.32,0.81,9.6,6,red
7.1,0.84,0.02,4.4,0.096,5.0,13.0,0.997,3.41,0.57,11.0,4,red
7.2,0.52,0.07,1.4,0.07400000000000001,5.0,20.0,0.9973,3.32,0.81,9.6,6,red
7.5,0.42,0.31,1.6,0.08,15.0,42.0,0.9978,3.31,0.64,9.0,5,red
7.2,0.57,0.06,1.6,0.076,9.0,27.0,0.9972,3.36,0.7,9.6,6,red
10.1,0.28,0.46,1.8,0.05,5.0,13.0,0.9974,3.04,0.79,10.2,6,red
12.1,0.4,0.52,2.0,0.092,15.0,54.0,1.0,3.03,0.66,10.2,5,red
9.4,0.59,0.14,2.0,0.084,25.0,48.0,0.9981,3.14,0.56,9.7,5,red
8.3,0.49,0.36,1.8,0.222,6.0,16.0,0.998,3.18,0.6,9.5,6,red
11.3,0.34,0.45,2.0,0.08199999999999999,6.0,15.0,0.9988,2.94,0.66,9.2,6,red
10.0,0.73,0.43,2.3,0.059000000000000004,15.0,31.0,0.9966,3.15,0.57,11.0,5,red
11.3,0.34,0.45,2.0,0.08199999999999999,6.0,15.0,0.9988,2.94,0.66,9.2,6,red
6.9,0.4,0.24,2.5,0.083,30.0,45.0,0.9959,3.26,0.58,10.0,5,red
8.2,0.73,0.21,1.7,0.07400000000000001,5.0,13.0,0.9968,3.2,0.52,9.5,5,red
9.8,1.24,0.34,2.0,0.079,32.0,151.0,0.998,3.15,0.53,9.5,5,red
8.2,0.73,0.21,1.7,0.07400000000000001,5.0,13.0,0.9968,3.2,0.52,9.5,5,red
10.8,0.4,0.41,2.2,0.084,7.0,17.0,0.9984,3.08,0.67,9.3,6,red
9.3,0.41,0.39,2.2,0.064,12.0,31.0,0.9984,3.26,0.65,10.2,5,red
10.8,0.4,0.41,2.2,0.084,7.0,17.0,0.9984,3.08,0.67,9.3,6,red
8.6,0.8,0.11,2.3,0.084,12.0,31.0,0.9979,3.4,0.48,9.9,5,red
8.3,0.78,0.1,2.6,0.081,45.0,87.0,0.9983,3.48,0.53,10.0,5,red
10.8,0.26,0.45,3.3,0.06,20.0,49.0,0.9972,3.13,0.54,9.6,5,red
13.3,0.43,0.58,1.9,0.07,15.0,40.0,1.0004,3.06,0.49,9.0,5,red
8.0,0.45,0.23,2.2,0.094,16.0,29.0,0.9962,3.21,0.49,10.2,6,red
8.5,0.46,0.31,2.25,0.078,32.0,58.0,0.998,3.33,0.54,9.8,5,red
8.1,0.78,0.23,2.6,0.059000000000000004,5.0,15.0,0.997,3.37,0.56,11.3,5,red
9.8,0.98,0.32,2.3,0.078,35.0,152.0,0.998,3.25,0.48,9.4,5,red
8.1,0.78,0.23,2.6,0.059000000000000004,5.0,15.0,0.997,3.37,0.56,11.3,5,red
7.1,0.65,0.18,1.8,0.07,13.0,40.0,0.997,3.44,0.6,9.1,5,red
9.1,0.64,0.23,3.1,0.095,13.0,38.0,0.9998,3.28,0.59,9.7,5,red
7.7,0.66,0.04,1.6,0.039,4.0,9.0,0.9962,3.4,0.47,9.4,5,red
8.1,0.38,0.48,1.8,0.157,5.0,17.0,0.9976,3.3,1.05,9.4,5,red
7.4,1.185,0.0,4.25,0.09699999999999999,5.0,14.0,0.9966,3.63,0.54,10.7,3,red
9.2,0.92,0.24,2.6,0.087,12.0,93.0,0.9998,3.48,0.54,9.8,5,red
8.6,0.49,0.51,2.0,0.42200000000000004,16.0,62.0,0.9979,3.03,1.17,9.0,5,red
9.0,0.48,0.32,2.8,0.084,21.0,122.0,0.9984,3.32,0.62,9.4,5,red
9.0,0.47,0.31,2.7,0.084,24.0,125.0,0.9984,3.31,0.61,9.4,5,red
5.1,0.47,0.02,1.3,0.034,18.0,44.0,0.9921,3.9,0.62,12.8,6,red
7.0,0.65,0.02,2.1,0.066,8.0,25.0,0.9972,3.47,0.67,9.5,6,red
7.0,0.65,0.02,2.1,0.066,8.0,25.0,0.9972,3.47,0.67,9.5,6,red
9.4,0.615,0.28,3.2,0.087,18.0,72.0,1.0001,3.31,0.53,9.7,5,red
11.8,0.38,0.55,2.1,0.071,5.0,19.0,0.9986,3.11,0.62,10.8,6,red
10.6,1.02,0.43,2.9,0.076,26.0,88.0,0.9984,3.08,0.57,10.1,6,red
7.0,0.65,0.02,2.1,0.066,8.0,25.0,0.9972,3.47,0.67,9.5,6,red
7.0,0.64,0.02,2.1,0.067,9.0,23.0,0.997,3.47,0.67,9.4,6,red
7.5,0.38,0.48,2.6,0.073,22.0,84.0,0.9972,3.32,0.7,9.6,4,red
9.1,0.765,0.04,1.6,0.078,4.0,14.0,0.998,3.29,0.54,9.7,4,red
8.4,1.035,0.15,6.0,0.073,11.0,54.0,0.9990000000000001,3.37,0.49,9.9,5,red
7.0,0.78,0.08,2.0,0.09300000000000001,10.0,19.0,0.9956,3.4,0.47,10.0,5,red
7.4,0.49,0.19,3.0,0.077,16.0,37.0,0.9966,3.37,0.51,10.5,5,red
7.8,0.545,0.12,2.5,0.068,11.0,35.0,0.996,3.34,0.61,11.6,6,red
9.7,0.31,0.47,1.6,0.062,13.0,33.0,0.9983,3.27,0.66,10.0,6,red
10.6,1.025,0.43,2.8,0.08,21.0,84.0,0.9985,3.06,0.57,10.1,5,red
8.9,0.565,0.34,3.0,0.09300000000000001,16.0,112.0,0.9998,3.38,0.61,9.5,5,red
8.7,0.69,0.0,3.2,0.084,13.0,33.0,0.9992,3.36,0.45,9.4,5,red
8.0,0.43,0.36,2.3,0.075,10.0,48.0,0.9976,3.34,0.46,9.4,5,red
9.9,0.74,0.28,2.6,0.078,21.0,77.0,0.998,3.28,0.51,9.8,5,red
7.2,0.49,0.18,2.7,0.069,13.0,34.0,0.9967,3.29,0.48,9.2,6,red
8.0,0.43,0.36,2.3,0.075,10.0,48.0,0.9976,3.34,0.46,9.4,5,red
7.6,0.46,0.11,2.6,0.079,12.0,49.0,0.9968,3.21,0.57,10.0,5,red
8.4,0.56,0.04,2.0,0.08199999999999999,10.0,22.0,0.9976,3.22,0.44,9.6,5,red
7.1,0.66,0.0,3.9,0.086,17.0,45.0,0.9976,3.46,0.54,9.5,5,red
8.4,0.56,0.04,2.0,0.08199999999999999,10.0,22.0,0.9976,3.22,0.44,9.6,5,red
8.9,0.48,0.24,2.85,0.094,35.0,106.0,0.9982,3.1,0.53,9.2,5,red
7.6,0.42,0.08,2.7,0.084,15.0,48.0,0.9968,3.21,0.59,10.0,5,red
7.1,0.31,0.3,2.2,0.053,36.0,127.0,0.9965,2.94,1.62,9.5,5,red
7.5,1.115,0.1,3.1,0.086,5.0,12.0,0.9958,3.54,0.6,11.2,4,red
9.0,0.66,0.17,3.0,0.077,5.0,13.0,0.9976,3.29,0.55,10.4,5,red
8.1,0.72,0.09,2.8,0.084,18.0,49.0,0.9994,3.43,0.72,11.1,6,red
6.4,0.57,0.02,1.8,0.067,4.0,11.0,0.997,3.46,0.68,9.5,5,red
6.4,0.57,0.02,1.8,0.067,4.0,11.0,0.997,3.46,0.68,9.5,5,red
6.4,0.865,0.03,3.2,0.071,27.0,58.0,0.995,3.61,0.49,12.7,6,red
9.5,0.55,0.66,2.3,0.387,12.0,37.0,0.9982,3.17,0.67,9.6,5,red
8.9,0.875,0.13,3.45,0.08800000000000001,4.0,14.0,0.9994,3.44,0.52,11.5,5,red
7.3,0.835,0.03,2.1,0.092,10.0,19.0,0.9966,3.39,0.47,9.6,5,red
7.0,0.45,0.34,2.7,0.08199999999999999,16.0,72.0,0.998,3.55,0.6,9.5,5,red
7.7,0.56,0.2,2.0,0.075,9.0,39.0,0.9987,3.48,0.62,9.3,5,red
7.7,0.965,0.1,2.1,0.11199999999999999,11.0,22.0,0.9963,3.26,0.5,9.5,5,red
7.7,0.965,0.1,2.1,0.11199999999999999,11.0,22.0,0.9963,3.26,0.5,9.5,5,red
8.2,0.59,0.0,2.5,0.09300000000000001,19.0,58.0,1.0002,3.5,0.65,9.3,6,red
9.0,0.46,0.23,2.8,0.092,28.0,104.0,0.9983,3.1,0.56,9.2,5,red
9.0,0.69,0.0,2.4,0.08800000000000001,19.0,38.0,0.9990000000000001,3.35,0.6,9.3,5,red
8.3,0.76,0.29,4.2,0.075,12.0,16.0,0.9965,3.45,0.68,11.5,6,red
9.2,0.53,0.24,2.6,0.078,28.0,139.0,0.9978799999999999,3.21,0.57,9.5,5,red
6.5,0.615,0.0,1.9,0.065,9.0,18.0,0.9972,3.46,0.65,9.2,5,red
11.6,0.41,0.58,2.8,0.096,25.0,101.0,1.00024,3.13,0.53,10.0,5,red
11.1,0.39,0.54,2.7,0.095,21.0,101.0,1.0001,3.13,0.51,9.5,5,red
7.3,0.51,0.18,2.1,0.07,12.0,28.0,0.9976799999999999,3.52,0.73,9.5,6,red
8.2,0.34,0.38,2.5,0.08,12.0,57.0,0.9978,3.3,0.47,9.0,6,red
8.6,0.33,0.4,2.6,0.083,16.0,68.0,0.99782,3.3,0.48,9.4,5,red
7.2,0.5,0.18,2.1,0.071,12.0,31.0,0.99761,3.52,0.72,9.6,6,red
7.3,0.51,0.18,2.1,0.07,12.0,28.0,0.9976799999999999,3.52,0.73,9.5,6,red
8.3,0.65,0.1,2.9,0.08900000000000001,17.0,40.0,0.99803,3.29,0.55,9.5,5,red
8.3,0.65,0.1,2.9,0.08900000000000001,17.0,40.0,0.99803,3.29,0.55,9.5,5,red
7.6,0.54,0.13,2.5,0.09699999999999999,24.0,66.0,0.99785,3.39,0.61,9.4,5,red
8.3,0.65,0.1,2.9,0.08900000000000001,17.0,40.0,0.99803,3.29,0.55,9.5,5,red
7.8,0.48,0.68,1.7,0.415,14.0,32.0,0.99656,3.09,1.06,9.1,6,red
7.8,0.91,0.07,1.9,0.057999999999999996,22.0,47.0,0.99525,3.51,0.43,10.7,6,red
6.3,0.98,0.01,2.0,0.057,15.0,33.0,0.9948799999999999,3.6,0.46,11.2,6,red
8.1,0.87,0.0,2.2,0.084,10.0,31.0,0.99656,3.25,0.5,9.8,5,red
8.1,0.87,0.0,2.2,0.084,10.0,31.0,0.99656,3.25,0.5,9.8,5,red
8.8,0.42,0.21,2.5,0.092,33.0,88.0,0.99823,3.19,0.52,9.2,5,red
9.0,0.58,0.25,2.8,0.075,9.0,104.0,0.99779,3.23,0.57,9.7,5,red
9.3,0.655,0.26,2.0,0.096,5.0,35.0,0.9973799999999999,3.25,0.42,9.6,5,red
8.8,0.7,0.0,1.7,0.069,8.0,19.0,0.9970100000000001,3.31,0.53,10.0,6,red
9.3,0.655,0.26,2.0,0.096,5.0,35.0,0.9973799999999999,3.25,0.42,9.6,5,red
9.1,0.68,0.11,2.8,0.09300000000000001,11.0,44.0,0.9988799999999999,3.31,0.55,9.5,6,red
9.2,0.67,0.1,3.0,0.091,12.0,48.0,0.9988799999999999,3.31,0.54,9.5,6,red
8.8,0.59,0.18,2.9,0.08900000000000001,12.0,74.0,0.9973799999999999,3.14,0.54,9.4,5,red
7.5,0.6,0.32,2.7,0.10300000000000001,13.0,98.0,0.9993799999999999,3.45,0.62,9.5,5,red
7.1,0.59,0.02,2.3,0.08199999999999999,24.0,94.0,0.99744,3.55,0.53,9.7,6,red
7.9,0.72,0.01,1.9,0.076,7.0,32.0,0.9966799999999999,3.39,0.54,9.6,5,red
7.1,0.59,0.02,2.3,0.08199999999999999,24.0,94.0,0.99744,3.55,0.53,9.7,6,red
9.4,0.685,0.26,2.4,0.08199999999999999,23.0,143.0,0.9978,3.28,0.55,9.4,5,red
9.5,0.57,0.27,2.3,0.08199999999999999,23.0,144.0,0.99782,3.27,0.55,9.4,5,red
7.9,0.4,0.29,1.8,0.157,1.0,44.0,0.9973,3.3,0.92,9.5,6,red
7.9,0.4,0.3,1.8,0.157,2.0,45.0,0.9972700000000001,3.31,0.91,9.5,6,red
7.2,1.0,0.0,3.0,0.102,7.0,16.0,0.9958600000000001,3.43,0.46,10.0,5,red
6.9,0.765,0.18,2.4,0.243,5.5,48.0,0.9961200000000001,3.4,0.6,10.3,6,red
6.9,0.635,0.17,2.4,0.24100000000000002,6.0,18.0,0.9961,3.4,0.59,10.3,6,red
8.3,0.43,0.3,3.4,0.079,7.0,34.0,0.9978799999999999,3.36,0.61,10.5,5,red
7.1,0.52,0.03,2.6,0.076,21.0,92.0,0.99745,3.5,0.6,9.8,5,red
7.0,0.57,0.0,2.0,0.19,12.0,45.0,0.9967600000000001,3.31,0.6,9.4,6,red
6.5,0.46,0.14,2.4,0.114,9.0,37.0,0.9973200000000001,3.66,0.65,9.8,5,red
9.0,0.82,0.05,2.4,0.081,26.0,96.0,0.9981399999999999,3.36,0.53,10.0,5,red
6.5,0.46,0.14,2.4,0.114,9.0,37.0,0.9973200000000001,3.66,0.65,9.8,5,red
7.1,0.59,0.01,2.5,0.077,20.0,85.0,0.99746,3.55,0.59,9.8,5,red
9.9,0.35,0.41,2.3,0.083,11.0,61.0,0.9982,3.21,0.5,9.5,5,red
9.9,0.35,0.41,2.3,0.083,11.0,61.0,0.9982,3.21,0.5,9.5,5,red
10.0,0.56,0.24,2.2,0.079,19.0,58.0,0.9991,3.18,0.56,10.1,6,red
10.0,0.56,0.24,2.2,0.079,19.0,58.0,0.9991,3.18,0.56,10.1,6,red
8.6,0.63,0.17,2.9,0.099,21.0,119.0,0.998,3.09,0.52,9.3,5,red
7.4,0.37,0.43,2.6,0.08199999999999999,18.0,82.0,0.99708,3.33,0.68,9.7,6,red
8.8,0.64,0.17,2.9,0.084,25.0,130.0,0.99818,3.23,0.54,9.6,5,red
7.1,0.61,0.02,2.5,0.081,17.0,87.0,0.99745,3.48,0.6,9.7,6,red
7.7,0.6,0.0,2.6,0.055,7.0,13.0,0.99639,3.38,0.56,10.8,5,red
10.1,0.27,0.54,2.3,0.065,7.0,26.0,0.99531,3.17,0.53,12.5,6,red
10.8,0.89,0.3,2.6,0.132,7.0,60.0,0.9978600000000001,2.99,1.18,10.2,5,red
8.7,0.46,0.31,2.5,0.126,24.0,64.0,0.99746,3.1,0.74,9.6,5,red
9.3,0.37,0.44,1.6,0.038,21.0,42.0,0.99526,3.24,0.81,10.8,7,red
9.4,0.5,0.34,3.6,0.08199999999999999,5.0,14.0,0.9987,3.29,0.52,10.7,6,red
9.4,0.5,0.34,3.6,0.08199999999999999,5.0,14.0,0.9987,3.29,0.52,10.7,6,red
7.2,0.61,0.08,4.0,0.08199999999999999,26.0,108.0,0.99641,3.25,0.51,9.4,5,red
8.6,0.55,0.09,3.3,0.068,8.0,17.0,0.99735,3.23,0.44,10.0,5,red
5.1,0.585,0.0,1.7,0.044000000000000004,14.0,86.0,0.99264,3.56,0.94,12.9,7,red
7.7,0.56,0.08,2.5,0.114,14.0,46.0,0.9971,3.24,0.66,9.6,6,red
8.4,0.52,0.22,2.7,0.084,4.0,18.0,0.99682,3.26,0.57,9.9,6,red
8.2,0.28,0.4,2.4,0.052000000000000005,4.0,10.0,0.99356,3.33,0.7,12.8,7,red
8.4,0.25,0.39,2.0,0.040999999999999995,4.0,10.0,0.9938600000000001,3.27,0.71,12.5,7,red
8.2,0.28,0.4,2.4,0.052000000000000005,4.0,10.0,0.99356,3.33,0.7,12.8,7,red
7.4,0.53,0.12,1.9,0.165,4.0,12.0,0.99702,3.26,0.86,9.2,5,red
7.6,0.48,0.31,2.8,0.07,4.0,15.0,0.9969299999999999,3.22,0.55,10.3,6,red
7.3,0.49,0.1,2.6,0.068,4.0,14.0,0.9956200000000001,3.3,0.47,10.5,5,red
12.9,0.5,0.55,2.8,0.07200000000000001,7.0,24.0,1.0001200000000001,3.09,0.68,10.9,6,red
10.8,0.45,0.33,2.5,0.099,20.0,38.0,0.99818,3.24,0.71,10.8,5,red
6.9,0.39,0.24,2.1,0.102,4.0,7.0,0.9946200000000001,3.44,0.58,11.4,4,red
12.6,0.41,0.54,2.8,0.10300000000000001,19.0,41.0,0.99939,3.21,0.76,11.3,6,red
10.8,0.45,0.33,2.5,0.099,20.0,38.0,0.99818,3.24,0.71,10.8,5,red
9.8,0.51,0.19,3.2,0.081,8.0,30.0,0.9984,3.23,0.58,10.5,6,red
10.8,0.29,0.42,1.6,0.084,19.0,27.0,0.99545,3.28,0.73,11.9,6,red
7.1,0.715,0.0,2.35,0.071,21.0,47.0,0.9963200000000001,3.29,0.45,9.4,5,red
9.1,0.66,0.15,3.2,0.09699999999999999,9.0,59.0,0.99976,3.28,0.54,9.6,5,red
7.0,0.685,0.0,1.9,0.099,9.0,22.0,0.9960600000000001,3.34,0.6,9.7,5,red
4.9,0.42,0.0,2.1,0.048,16.0,42.0,0.99154,3.71,0.74,14.0,7,red
6.7,0.54,0.13,2.0,0.076,15.0,36.0,0.9973,3.61,0.64,9.8,5,red
6.7,0.54,0.13,2.0,0.076,15.0,36.0,0.9973,3.61,0.64,9.8,5,red
7.1,0.48,0.28,2.8,0.068,6.0,16.0,0.99682,3.24,0.53,10.3,5,red
7.1,0.46,0.14,2.8,0.076,15.0,37.0,0.99624,3.36,0.49,10.7,5,red
7.5,0.27,0.34,2.3,0.05,4.0,8.0,0.9951,3.4,0.64,11.0,7,red
7.1,0.46,0.14,2.8,0.076,15.0,37.0,0.99624,3.36,0.49,10.7,5,red
7.8,0.57,0.09,2.3,0.065,34.0,45.0,0.9941700000000001,3.46,0.74,12.7,8,red
5.9,0.61,0.08,2.1,0.071,16.0,24.0,0.9937600000000001,3.56,0.77,11.1,6,red
7.5,0.685,0.07,2.5,0.057999999999999996,5.0,9.0,0.9963200000000001,3.38,0.55,10.9,4,red
5.9,0.61,0.08,2.1,0.071,16.0,24.0,0.9937600000000001,3.56,0.77,11.1,6,red
10.4,0.44,0.42,1.5,0.145,34.0,48.0,0.9983200000000001,3.38,0.86,9.9,3,red
11.6,0.47,0.44,1.6,0.147,36.0,51.0,0.99836,3.38,0.86,9.9,4,red
8.8,0.685,0.26,1.6,0.08800000000000001,16.0,23.0,0.9969399999999999,3.32,0.47,9.4,5,red
7.6,0.665,0.1,1.5,0.066,27.0,55.0,0.99655,3.39,0.51,9.3,5,red
6.7,0.28,0.28,2.4,0.012,36.0,100.0,0.99064,3.26,0.39,11.7,7,red
6.7,0.28,0.28,2.4,0.012,36.0,100.0,0.99064,3.26,0.39,11.7,7,red
10.1,0.31,0.35,1.6,0.075,9.0,28.0,0.99672,3.24,0.83,11.2,7,red
6.0,0.5,0.04,2.2,0.092,13.0,26.0,0.9964700000000001,3.46,0.47,10.0,5,red
11.1,0.42,0.47,2.65,0.085,9.0,34.0,0.99736,3.24,0.77,12.1,7,red
6.6,0.66,0.0,3.0,0.115,21.0,31.0,0.99629,3.45,0.63,10.3,5,red
10.6,0.5,0.45,2.6,0.11900000000000001,34.0,68.0,0.99708,3.23,0.72,10.9,6,red
7.1,0.685,0.35,2.0,0.08800000000000001,9.0,92.0,0.9963,3.28,0.62,9.4,5,red
9.9,0.25,0.46,1.7,0.062,26.0,42.0,0.9959,3.18,0.83,10.6,6,red
6.4,0.64,0.21,1.8,0.081,14.0,31.0,0.9968899999999999,3.59,0.66,9.8,5,red
6.4,0.64,0.21,1.8,0.081,14.0,31.0,0.9968899999999999,3.59,0.66,9.8,5,red
7.4,0.68,0.16,1.8,0.078,12.0,39.0,0.9977,3.5,0.7,9.9,6,red
6.4,0.64,0.21,1.8,0.081,14.0,31.0,0.9968899999999999,3.59,0.66,9.8,5,red
6.4,0.63,0.21,1.6,0.08,12.0,32.0,0.9968899999999999,3.58,0.66,9.8,5,red
9.3,0.43,0.44,1.9,0.085,9.0,22.0,0.99708,3.28,0.55,9.5,5,red
9.3,0.43,0.44,1.9,0.085,9.0,22.0,0.99708,3.28,0.55,9.5,5,red
8.0,0.42,0.32,2.5,0.08,26.0,122.0,0.9980100000000001,3.22,1.07,9.7,5,red
9.3,0.36,0.39,1.5,0.08,41.0,55.0,0.9965200000000001,3.47,0.73,10.9,6,red
9.3,0.36,0.39,1.5,0.08,41.0,55.0,0.9965200000000001,3.47,0.73,10.9,6,red
7.6,0.735,0.02,2.5,0.071,10.0,14.0,0.9953799999999999,3.51,0.71,11.7,7,red
9.3,0.36,0.39,1.5,0.08,41.0,55.0,0.9965200000000001,3.47,0.73,10.9,6,red
8.2,0.26,0.34,2.5,0.073,16.0,47.0,0.9959399999999999,3.4,0.78,11.3,7,red
11.7,0.28,0.47,1.7,0.054000000000000006,17.0,32.0,0.9968600000000001,3.15,0.67,10.6,7,red
6.8,0.56,0.22,1.8,0.07400000000000001,15.0,24.0,0.9943799999999999,3.4,0.82,11.2,6,red
7.2,0.62,0.06,2.7,0.077,15.0,85.0,0.99746,3.51,0.54,9.5,5,red
5.8,1.01,0.66,2.0,0.039,15.0,88.0,0.9935700000000001,3.66,0.6,11.5,6,red
7.5,0.42,0.32,2.7,0.067,7.0,25.0,0.9962799999999999,3.24,0.44,10.4,5,red
7.2,0.62,0.06,2.5,0.078,17.0,84.0,0.99746,3.51,0.53,9.7,5,red
7.2,0.62,0.06,2.7,0.077,15.0,85.0,0.99746,3.51,0.54,9.5,5,red
7.2,0.635,0.07,2.6,0.077,16.0,86.0,0.9974799999999999,3.51,0.54,9.7,5,red
6.8,0.49,0.22,2.3,0.071,13.0,24.0,0.9943799999999999,3.41,0.83,11.3,6,red
6.9,0.51,0.23,2.0,0.07200000000000001,13.0,22.0,0.9943799999999999,3.4,0.84,11.2,6,red
6.8,0.56,0.22,1.8,0.07400000000000001,15.0,24.0,0.9943799999999999,3.4,0.82,11.2,6,red
7.6,0.63,0.03,2.0,0.08,27.0,43.0,0.9957799999999999,3.44,0.64,10.9,6,red
7.7,0.715,0.01,2.1,0.064,31.0,43.0,0.99371,3.41,0.57,11.8,6,red
6.9,0.56,0.03,1.5,0.086,36.0,46.0,0.9952200000000001,3.53,0.57,10.6,5,red
7.3,0.35,0.24,2.0,0.067,28.0,48.0,0.9957600000000001,3.43,0.54,10.0,4,red
9.1,0.21,0.37,1.6,0.067,6.0,10.0,0.9955200000000001,3.23,0.58,11.1,7,red
10.4,0.38,0.46,2.1,0.10400000000000001,6.0,10.0,0.99664,3.12,0.65,11.8,7,red
8.8,0.31,0.4,2.8,0.109,7.0,16.0,0.9961399999999999,3.31,0.79,11.8,7,red
7.1,0.47,0.0,2.2,0.067,7.0,14.0,0.9951700000000001,3.4,0.58,10.9,4,red
7.7,0.715,0.01,2.1,0.064,31.0,43.0,0.99371,3.41,0.57,11.8,6,red
8.8,0.61,0.19,4.0,0.094,30.0,69.0,0.99787,3.22,0.5,10.0,6,red
7.2,0.6,0.04,2.5,0.076,18.0,88.0,0.99745,3.53,0.55,9.5,5,red
9.2,0.56,0.18,1.6,0.078,10.0,21.0,0.9957600000000001,3.15,0.49,9.9,5,red
7.6,0.715,0.0,2.1,0.068,30.0,35.0,0.9953299999999999,3.48,0.65,11.4,6,red
8.4,0.31,0.29,3.1,0.19399999999999998,14.0,26.0,0.99536,3.22,0.78,12.0,6,red
7.2,0.6,0.04,2.5,0.076,18.0,88.0,0.99745,3.53,0.55,9.5,5,red
8.8,0.61,0.19,4.0,0.094,30.0,69.0,0.99787,3.22,0.5,10.0,6,red
8.9,0.75,0.14,2.5,0.086,9.0,30.0,0.99824,3.34,0.64,10.5,5,red
9.0,0.8,0.12,2.4,0.083,8.0,28.0,0.99836,3.33,0.65,10.4,6,red
10.7,0.52,0.38,2.6,0.066,29.0,56.0,0.99577,3.15,0.79,12.1,7,red
6.8,0.57,0.0,2.5,0.07200000000000001,32.0,64.0,0.9949100000000001,3.43,0.56,11.2,6,red
10.7,0.9,0.34,6.6,0.11199999999999999,23.0,99.0,1.00289,3.22,0.68,9.3,5,red
7.2,0.34,0.24,2.0,0.071,30.0,52.0,0.9957600000000001,3.44,0.58,10.1,5,red
7.2,0.66,0.03,2.3,0.078,16.0,86.0,0.9974299999999999,3.53,0.57,9.7,5,red
10.1,0.45,0.23,1.9,0.08199999999999999,10.0,18.0,0.99774,3.22,0.65,9.3,6,red
7.2,0.66,0.03,2.3,0.078,16.0,86.0,0.9974299999999999,3.53,0.57,9.7,5,red
7.2,0.63,0.03,2.2,0.08,17.0,88.0,0.99745,3.53,0.58,9.8,6,red
7.1,0.59,0.01,2.3,0.08,27.0,43.0,0.9955,3.42,0.58,10.7,6,red
8.3,0.31,0.39,2.4,0.078,17.0,43.0,0.99444,3.31,0.77,12.5,7,red
7.1,0.59,0.01,2.3,0.08,27.0,43.0,0.9955,3.42,0.58,10.7,6,red
8.3,0.31,0.39,2.4,0.078,17.0,43.0,0.99444,3.31,0.77,12.5,7,red
8.3,1.02,0.02,3.4,0.084,6.0,11.0,0.99892,3.48,0.49,11.0,3,red
8.9,0.31,0.36,2.6,0.055999999999999994,10.0,39.0,0.9956200000000001,3.4,0.69,11.8,5,red
7.4,0.635,0.1,2.4,0.08,16.0,33.0,0.99736,3.58,0.69,10.8,7,red
7.4,0.635,0.1,2.4,0.08,16.0,33.0,0.99736,3.58,0.69,10.8,7,red
6.8,0.59,0.06,6.0,0.06,11.0,18.0,0.9962,3.41,0.59,10.8,7,red
6.8,0.59,0.06,6.0,0.06,11.0,18.0,0.9962,3.41,0.59,10.8,7,red
9.2,0.58,0.2,3.0,0.081,15.0,115.0,0.998,3.23,0.59,9.5,5,red
7.2,0.54,0.27,2.6,0.084,12.0,78.0,0.9964,3.39,0.71,11.0,5,red
6.1,0.56,0.0,2.2,0.079,6.0,9.0,0.9948,3.59,0.54,11.5,6,red
7.4,0.52,0.13,2.4,0.078,34.0,61.0,0.9952799999999999,3.43,0.59,10.8,6,red
7.3,0.305,0.39,1.2,0.059000000000000004,7.0,11.0,0.99331,3.29,0.52,11.5,6,red
9.3,0.38,0.48,3.8,0.132,3.0,11.0,0.99577,3.23,0.57,13.2,6,red
9.1,0.28,0.46,9.0,0.114,3.0,9.0,0.9990100000000001,3.18,0.6,10.9,6,red
10.0,0.46,0.44,2.9,0.065,4.0,8.0,0.99674,3.33,0.62,12.2,6,red
9.4,0.395,0.46,4.6,0.094,3.0,10.0,0.99639,3.27,0.64,12.2,7,red
7.3,0.305,0.39,1.2,0.059000000000000004,7.0,11.0,0.99331,3.29,0.52,11.5,6,red
8.6,0.315,0.4,2.2,0.079,3.0,6.0,0.9951200000000001,3.27,0.67,11.9,6,red
5.3,0.715,0.19,1.5,0.161,7.0,62.0,0.99395,3.62,0.61,11.0,5,red
6.8,0.41,0.31,8.8,0.084,26.0,45.0,0.99824,3.38,0.64,10.1,6,red
8.4,0.36,0.32,2.2,0.081,32.0,79.0,0.9964,3.3,0.72,11.0,6,red
8.4,0.62,0.12,1.8,0.07200000000000001,38.0,46.0,0.9950399999999999,3.38,0.89,11.8,6,red
9.6,0.41,0.37,2.3,0.091,10.0,23.0,0.9978600000000001,3.24,0.56,10.5,5,red
8.4,0.36,0.32,2.2,0.081,32.0,79.0,0.9964,3.3,0.72,11.0,6,red
8.4,0.62,0.12,1.8,0.07200000000000001,38.0,46.0,0.9950399999999999,3.38,0.89,11.8,6,red
6.8,0.41,0.31,8.8,0.084,26.0,45.0,0.99824,3.38,0.64,10.1,6,red
8.6,0.47,0.27,2.3,0.055,14.0,28.0,0.99516,3.18,0.8,11.2,5,red
8.6,0.22,0.36,1.9,0.064,53.0,77.0,0.9960399999999999,3.47,0.87,11.0,7,red
9.4,0.24,0.33,2.3,0.061,52.0,73.0,0.9978600000000001,3.47,0.9,10.2,6,red
8.4,0.67,0.19,2.2,0.09300000000000001,11.0,75.0,0.99736,3.2,0.59,9.2,4,red
8.6,0.47,0.27,2.3,0.055,14.0,28.0,0.99516,3.18,0.8,11.2,5,red
8.7,0.33,0.38,3.3,0.063,10.0,19.0,0.9946799999999999,3.3,0.73,12.0,7,red
6.6,0.61,0.01,1.9,0.08,8.0,25.0,0.99746,3.69,0.73,10.5,5,red
7.4,0.61,0.01,2.0,0.07400000000000001,13.0,38.0,0.9974799999999999,3.48,0.65,9.8,5,red
7.6,0.4,0.29,1.9,0.078,29.0,66.0,0.9971,3.45,0.59,9.5,6,red
7.4,0.61,0.01,2.0,0.07400000000000001,13.0,38.0,0.9974799999999999,3.48,0.65,9.8,5,red
6.6,0.61,0.01,1.9,0.08,8.0,25.0,0.99746,3.69,0.73,10.5,5,red
8.8,0.3,0.38,2.3,0.06,19.0,72.0,0.9954299999999999,3.39,0.72,11.8,6,red
8.8,0.3,0.38,2.3,0.06,19.0,72.0,0.9954299999999999,3.39,0.72,11.8,6,red
12.0,0.63,0.5,1.4,0.071,6.0,26.0,0.9979100000000001,3.07,0.6,10.4,4,red
7.2,0.38,0.38,2.8,0.068,23.0,42.0,0.99356,3.34,0.72,12.9,7,red
6.2,0.46,0.17,1.6,0.073,7.0,11.0,0.99425,3.61,0.54,11.4,5,red
9.6,0.33,0.52,2.2,0.07400000000000001,13.0,25.0,0.9950899999999999,3.36,0.76,12.4,7,red
9.9,0.27,0.49,5.0,0.08199999999999999,9.0,17.0,0.99484,3.19,0.52,12.5,7,red
10.1,0.43,0.4,2.6,0.092,13.0,52.0,0.99834,3.22,0.64,10.0,7,red
9.8,0.5,0.34,2.3,0.094,10.0,45.0,0.99864,3.24,0.6,9.7,7,red
8.3,0.3,0.49,3.8,0.09,11.0,24.0,0.99498,3.27,0.64,12.1,7,red
10.2,0.44,0.42,2.0,0.071,7.0,20.0,0.99566,3.14,0.79,11.1,7,red
10.2,0.44,0.58,4.1,0.092,11.0,24.0,0.99745,3.29,0.99,12.0,7,red
8.3,0.28,0.48,2.1,0.09300000000000001,6.0,12.0,0.99408,3.26,0.62,12.4,7,red
8.9,0.12,0.45,1.8,0.075,10.0,21.0,0.9955200000000001,3.41,0.76,11.9,7,red
8.9,0.12,0.45,1.8,0.075,10.0,21.0,0.9955200000000001,3.41,0.76,11.9,7,red
8.9,0.12,0.45,1.8,0.075,10.0,21.0,0.9955200000000001,3.41,0.76,11.9,7,red
8.3,0.28,0.48,2.1,0.09300000000000001,6.0,12.0,0.99408,3.26,0.62,12.4,7,red
8.2,0.31,0.4,2.2,0.057999999999999996,6.0,10.0,0.99536,3.31,0.68,11.2,7,red
10.2,0.34,0.48,2.1,0.052000000000000005,5.0,9.0,0.9945799999999999,3.2,0.69,12.1,7,red
7.6,0.43,0.4,2.7,0.08199999999999999,6.0,11.0,0.9953799999999999,3.44,0.54,12.2,6,red
8.5,0.21,0.52,1.9,0.09,9.0,23.0,0.9964799999999999,3.36,0.67,10.4,5,red
9.0,0.36,0.52,2.1,0.111,5.0,10.0,0.9956799999999999,3.31,0.62,11.3,6,red
9.5,0.37,0.52,2.0,0.08800000000000001,12.0,51.0,0.99613,3.29,0.58,11.1,6,red
6.4,0.57,0.12,2.3,0.12,25.0,36.0,0.99519,3.47,0.71,11.3,7,red
8.0,0.59,0.05,2.0,0.08900000000000001,12.0,32.0,0.99735,3.36,0.61,10.0,5,red
8.5,0.47,0.27,1.9,0.057999999999999996,18.0,38.0,0.99518,3.16,0.85,11.1,6,red
7.1,0.56,0.14,1.6,0.078,7.0,18.0,0.99592,3.27,0.62,9.3,5,red
6.6,0.57,0.02,2.1,0.115,6.0,16.0,0.99654,3.38,0.69,9.5,5,red
8.8,0.27,0.39,2.0,0.1,20.0,27.0,0.99546,3.15,0.69,11.2,6,red
8.5,0.47,0.27,1.9,0.057999999999999996,18.0,38.0,0.99518,3.16,0.85,11.1,6,red
8.3,0.34,0.4,2.4,0.065,24.0,48.0,0.99554,3.34,0.86,11.0,6,red
9.0,0.38,0.41,2.4,0.10300000000000001,6.0,10.0,0.9960399999999999,3.13,0.58,11.9,7,red
8.5,0.66,0.2,2.1,0.09699999999999999,23.0,113.0,0.9973299999999999,3.13,0.48,9.2,5,red
9.0,0.4,0.43,2.4,0.068,29.0,46.0,0.9943,3.2,0.6,12.2,6,red
6.7,0.56,0.09,2.9,0.079,7.0,22.0,0.99669,3.46,0.61,10.2,5,red
10.4,0.26,0.48,1.9,0.066,6.0,10.0,0.99724,3.33,0.87,10.9,6,red
10.4,0.26,0.48,1.9,0.066,6.0,10.0,0.99724,3.33,0.87,10.9,6,red
10.1,0.38,0.5,2.4,0.10400000000000001,6.0,13.0,0.9964299999999999,3.22,0.65,11.6,7,red
8.5,0.34,0.44,1.7,0.079,6.0,12.0,0.99605,3.52,0.63,10.7,5,red
8.8,0.33,0.41,5.9,0.073,7.0,13.0,0.9965799999999999,3.3,0.62,12.1,7,red
7.2,0.41,0.3,2.1,0.083,35.0,72.0,0.997,3.44,0.52,9.4,5,red
7.2,0.41,0.3,2.1,0.083,35.0,72.0,0.997,3.44,0.52,9.4,5,red
8.4,0.59,0.29,2.6,0.109,31.0,119.0,0.9980100000000001,3.15,0.5,9.1,5,red
7.0,0.4,0.32,3.6,0.061,9.0,29.0,0.99416,3.28,0.49,11.3,7,red
12.2,0.45,0.49,1.4,0.075,3.0,6.0,0.9969,3.13,0.63,10.4,5,red
9.1,0.5,0.3,1.9,0.065,8.0,17.0,0.99774,3.32,0.71,10.5,6,red
9.5,0.86,0.26,1.9,0.079,13.0,28.0,0.9971200000000001,3.25,0.62,10.0,5,red
7.3,0.52,0.32,2.1,0.07,51.0,70.0,0.99418,3.34,0.82,12.9,6,red
9.1,0.5,0.3,1.9,0.065,8.0,17.0,0.99774,3.32,0.71,10.5,6,red
12.2,0.45,0.49,1.4,0.075,3.0,6.0,0.9969,3.13,0.63,10.4,5,red
7.4,0.58,0.0,2.0,0.064,7.0,11.0,0.9956200000000001,3.45,0.58,11.3,6,red
9.8,0.34,0.39,1.4,0.066,3.0,7.0,0.9947,3.19,0.55,11.4,7,red
7.1,0.36,0.3,1.6,0.08,35.0,70.0,0.9969299999999999,3.44,0.5,9.4,5,red
7.7,0.39,0.12,1.7,0.09699999999999999,19.0,27.0,0.9959600000000001,3.16,0.49,9.4,5,red
9.7,0.295,0.4,1.5,0.073,14.0,21.0,0.99556,3.14,0.51,10.9,6,red
7.7,0.39,0.12,1.7,0.09699999999999999,19.0,27.0,0.9959600000000001,3.16,0.49,9.4,5,red
7.1,0.34,0.28,2.0,0.08199999999999999,31.0,68.0,0.9969399999999999,3.45,0.48,9.4,5,red
6.5,0.4,0.1,2.0,0.076,30.0,47.0,0.99554,3.36,0.48,9.4,6,red
7.1,0.34,0.28,2.0,0.08199999999999999,31.0,68.0,0.9969399999999999,3.45,0.48,9.4,5,red
10.0,0.35,0.45,2.5,0.092,20.0,88.0,0.99918,3.15,0.43,9.4,5,red
7.7,0.6,0.06,2.0,0.079,19.0,41.0,0.99697,3.39,0.62,10.1,6,red
5.6,0.66,0.0,2.2,0.087,3.0,11.0,0.9937799999999999,3.71,0.63,12.8,7,red
5.6,0.66,0.0,2.2,0.087,3.0,11.0,0.9937799999999999,3.71,0.63,12.8,7,red
8.9,0.84,0.34,1.4,0.05,4.0,10.0,0.99554,3.12,0.48,9.1,6,red
6.4,0.69,0.0,1.65,0.055,7.0,12.0,0.9916200000000001,3.47,0.53,12.9,6,red
7.5,0.43,0.3,2.2,0.062,6.0,12.0,0.99495,3.44,0.72,11.5,7,red
9.9,0.35,0.38,1.5,0.057999999999999996,31.0,47.0,0.9967600000000001,3.26,0.82,10.6,7,red
9.1,0.29,0.33,2.05,0.063,13.0,27.0,0.99516,3.26,0.84,11.7,7,red
6.8,0.36,0.32,1.8,0.067,4.0,8.0,0.9928,3.36,0.55,12.8,7,red
8.2,0.43,0.29,1.6,0.081,27.0,45.0,0.99603,3.25,0.54,10.3,5,red
6.8,0.36,0.32,1.8,0.067,4.0,8.0,0.9928,3.36,0.55,12.8,7,red
9.1,0.29,0.33,2.05,0.063,13.0,27.0,0.99516,3.26,0.84,11.7,7,red
9.1,0.3,0.34,2.0,0.064,12.0,25.0,0.99516,3.26,0.84,11.7,7,red
8.9,0.35,0.4,3.6,0.11,12.0,24.0,0.99549,3.23,0.7,12.0,7,red
9.6,0.5,0.36,2.8,0.11599999999999999,26.0,55.0,0.9972200000000001,3.18,0.68,10.9,5,red
8.9,0.28,0.45,1.7,0.067,7.0,12.0,0.99354,3.25,0.55,12.3,7,red
8.9,0.32,0.31,2.0,0.08800000000000001,12.0,19.0,0.9957,3.17,0.55,10.4,6,red
7.7,1.005,0.15,2.1,0.102,11.0,32.0,0.9960399999999999,3.23,0.48,10.0,5,red
7.5,0.71,0.0,1.6,0.092,22.0,31.0,0.99635,3.38,0.58,10.0,6,red
8.0,0.58,0.16,2.0,0.12,3.0,7.0,0.99454,3.22,0.58,11.2,6,red
10.5,0.39,0.46,2.2,0.075,14.0,27.0,0.99598,3.06,0.84,11.4,6,red
8.9,0.38,0.4,2.2,0.068,12.0,28.0,0.9948600000000001,3.27,0.75,12.6,7,red
8.0,0.18,0.37,0.9,0.049,36.0,109.0,0.9900700000000001,2.89,0.44,12.7,6,red
8.0,0.18,0.37,0.9,0.049,36.0,109.0,0.9900700000000001,2.89,0.44,12.7,6,red
7.0,0.5,0.14,1.8,0.078,10.0,23.0,0.99636,3.53,0.61,10.4,5,red
11.3,0.36,0.66,2.4,0.12300000000000001,3.0,8.0,0.9964200000000001,3.2,0.53,11.9,6,red
11.3,0.36,0.66,2.4,0.12300000000000001,3.0,8.0,0.9964200000000001,3.2,0.53,11.9,6,red
7.0,0.51,0.09,2.1,0.062,4.0,9.0,0.99584,3.35,0.54,10.5,5,red
8.2,0.32,0.42,2.3,0.098,3.0,9.0,0.9950600000000001,3.27,0.55,12.3,6,red
7.7,0.58,0.01,1.8,0.08800000000000001,12.0,18.0,0.9956799999999999,3.32,0.56,10.5,7,red
8.6,0.83,0.0,2.8,0.095,17.0,43.0,0.9982200000000001,3.33,0.6,10.4,6,red
7.9,0.31,0.32,1.9,0.066,14.0,36.0,0.99364,3.41,0.56,12.6,6,red
6.4,0.795,0.0,2.2,0.065,28.0,52.0,0.9937799999999999,3.49,0.52,11.6,5,red
7.2,0.34,0.21,2.5,0.075,41.0,68.0,0.9958600000000001,3.37,0.54,10.1,6,red
7.7,0.58,0.01,1.8,0.08800000000000001,12.0,18.0,0.9956799999999999,3.32,0.56,10.5,7,red
7.1,0.59,0.0,2.1,0.091,9.0,14.0,0.9948799999999999,3.42,0.55,11.5,7,red
7.3,0.55,0.01,1.8,0.09300000000000001,9.0,15.0,0.9951399999999999,3.35,0.58,11.0,7,red
8.1,0.82,0.0,4.1,0.095,5.0,14.0,0.99854,3.36,0.53,9.6,5,red
7.5,0.57,0.08,2.6,0.08900000000000001,14.0,27.0,0.99592,3.3,0.59,10.4,6,red
8.9,0.745,0.18,2.5,0.077,15.0,48.0,0.99739,3.2,0.47,9.7,6,red
10.1,0.37,0.34,2.4,0.085,5.0,17.0,0.9968299999999999,3.17,0.65,10.6,7,red
7.6,0.31,0.34,2.5,0.08199999999999999,26.0,35.0,0.99356,3.22,0.59,12.5,7,red
7.3,0.91,0.1,1.8,0.07400000000000001,20.0,56.0,0.99672,3.35,0.56,9.2,5,red
8.7,0.41,0.41,6.2,0.078,25.0,42.0,0.9953,3.24,0.77,12.6,7,red
8.9,0.5,0.21,2.2,0.08800000000000001,21.0,39.0,0.99692,3.33,0.83,11.1,6,red
7.4,0.965,0.0,2.2,0.08800000000000001,16.0,32.0,0.99756,3.58,0.67,10.2,5,red
6.9,0.49,0.19,1.7,0.079,13.0,26.0,0.9954700000000001,3.38,0.64,9.8,6,red
8.9,0.5,0.21,2.2,0.08800000000000001,21.0,39.0,0.99692,3.33,0.83,11.1,6,red
9.5,0.39,0.41,8.9,0.069,18.0,39.0,0.99859,3.29,0.81,10.9,7,red
6.4,0.39,0.33,3.3,0.046,12.0,53.0,0.9929399999999999,3.36,0.62,12.2,6,red
6.9,0.44,0.0,1.4,0.07,32.0,38.0,0.9943799999999999,3.32,0.58,11.4,6,red
7.6,0.78,0.0,1.7,0.076,33.0,45.0,0.9961200000000001,3.31,0.62,10.7,6,red
7.1,0.43,0.17,1.8,0.08199999999999999,27.0,51.0,0.99634,3.49,0.64,10.4,5,red
9.3,0.49,0.36,1.7,0.081,3.0,14.0,0.99702,3.27,0.78,10.9,6,red
9.3,0.5,0.36,1.8,0.084,6.0,17.0,0.9970399999999999,3.27,0.77,10.8,6,red
7.1,0.43,0.17,1.8,0.08199999999999999,27.0,51.0,0.99634,3.49,0.64,10.4,5,red
8.5,0.46,0.59,1.4,0.414,16.0,45.0,0.99702,3.03,1.34,9.2,5,red
5.6,0.605,0.05,2.4,0.073,19.0,25.0,0.9925799999999999,3.56,0.55,12.9,5,red
8.3,0.33,0.42,2.3,0.07,9.0,20.0,0.99426,3.38,0.77,12.7,7,red
8.2,0.64,0.27,2.0,0.095,5.0,77.0,0.9974700000000001,3.13,0.62,9.1,6,red
8.2,0.64,0.27,2.0,0.095,5.0,77.0,0.9974700000000001,3.13,0.62,9.1,6,red
8.9,0.48,0.53,4.0,0.10099999999999999,3.0,10.0,0.9958600000000001,3.21,0.59,12.1,7,red
7.6,0.42,0.25,3.9,0.10400000000000001,28.0,90.0,0.99784,3.15,0.57,9.1,5,red
9.9,0.53,0.57,2.4,0.09300000000000001,30.0,52.0,0.9971,3.19,0.76,11.6,7,red
8.9,0.48,0.53,4.0,0.10099999999999999,3.0,10.0,0.9958600000000001,3.21,0.59,12.1,7,red
11.6,0.23,0.57,1.8,0.07400000000000001,3.0,8.0,0.9981,3.14,0.7,9.9,6,red
9.1,0.4,0.5,1.8,0.071,7.0,16.0,0.9946200000000001,3.21,0.69,12.5,8,red
8.0,0.38,0.44,1.9,0.098,6.0,15.0,0.9956,3.3,0.64,11.4,6,red
10.2,0.29,0.65,2.4,0.075,6.0,17.0,0.99565,3.22,0.63,11.8,6,red
8.2,0.74,0.09,2.0,0.067,5.0,10.0,0.99418,3.28,0.57,11.8,6,red
7.7,0.61,0.18,2.4,0.083,6.0,20.0,0.9963,3.29,0.6,10.2,6,red
6.6,0.52,0.08,2.4,0.07,13.0,26.0,0.9935799999999999,3.4,0.72,12.5,7,red
11.1,0.31,0.53,2.2,0.06,3.0,10.0,0.99572,3.02,0.83,10.9,7,red
11.1,0.31,0.53,2.2,0.06,3.0,10.0,0.99572,3.02,0.83,10.9,7,red
8.0,0.62,0.35,2.8,0.086,28.0,52.0,0.997,3.31,0.62,10.8,5,red
9.3,0.33,0.45,1.5,0.057,19.0,37.0,0.99498,3.18,0.89,11.1,7,red
7.5,0.77,0.2,8.1,0.098,30.0,92.0,0.99892,3.2,0.58,9.2,5,red
7.2,0.35,0.26,1.8,0.083,33.0,75.0,0.9968,3.4,0.58,9.5,6,red
8.0,0.62,0.33,2.7,0.08800000000000001,16.0,37.0,0.9972,3.31,0.58,10.7,6,red
7.5,0.77,0.2,8.1,0.098,30.0,92.0,0.99892,3.2,0.58,9.2,5,red
9.1,0.25,0.34,2.0,0.071,45.0,67.0,0.99769,3.44,0.86,10.2,7,red
9.9,0.32,0.56,2.0,0.073,3.0,8.0,0.99534,3.15,0.73,11.4,6,red
8.6,0.37,0.65,6.4,0.08,3.0,8.0,0.9981700000000001,3.27,0.58,11.0,5,red
8.6,0.37,0.65,6.4,0.08,3.0,8.0,0.9981700000000001,3.27,0.58,11.0,5,red
7.9,0.3,0.68,8.3,0.05,37.5,278.0,0.99316,3.01,0.51,12.3,7,red
10.3,0.27,0.56,1.4,0.047,3.0,8.0,0.99471,3.16,0.51,11.8,6,red
7.9,0.3,0.68,8.3,0.05,37.5,289.0,0.99316,3.01,0.51,12.3,7,red
7.2,0.38,0.3,1.8,0.073,31.0,70.0,0.99685,3.42,0.59,9.5,6,red
8.7,0.42,0.45,2.4,0.07200000000000001,32.0,59.0,0.9961700000000001,3.33,0.77,12.0,6,red
7.2,0.38,0.3,1.8,0.073,31.0,70.0,0.99685,3.42,0.59,9.5,6,red
6.8,0.48,0.08,1.8,0.07400000000000001,40.0,64.0,0.99529,3.12,0.49,9.6,5,red
8.5,0.34,0.4,4.7,0.055,3.0,9.0,0.9973799999999999,3.38,0.66,11.6,7,red
7.9,0.19,0.42,1.6,0.057,18.0,30.0,0.9940000000000001,3.29,0.69,11.2,6,red
11.6,0.41,0.54,1.5,0.095,22.0,41.0,0.99735,3.02,0.76,9.9,7,red
11.6,0.41,0.54,1.5,0.095,22.0,41.0,0.99735,3.02,0.76,9.9,7,red
10.0,0.26,0.54,1.9,0.083,42.0,74.0,0.99451,2.98,0.63,11.8,8,red
7.9,0.34,0.42,2.0,0.086,8.0,19.0,0.99546,3.35,0.6,11.4,6,red
7.0,0.54,0.09,2.0,0.081,10.0,16.0,0.99479,3.43,0.59,11.5,6,red
9.2,0.31,0.36,2.2,0.079,11.0,31.0,0.99615,3.33,0.86,12.0,7,red
6.6,0.725,0.09,5.5,0.11699999999999999,9.0,17.0,0.99655,3.35,0.49,10.8,6,red
9.4,0.4,0.47,2.5,0.087,6.0,20.0,0.99772,3.15,0.5,10.5,5,red
6.6,0.725,0.09,5.5,0.11699999999999999,9.0,17.0,0.99655,3.35,0.49,10.8,6,red
8.6,0.52,0.38,1.5,0.096,5.0,18.0,0.99666,3.2,0.52,9.4,5,red
8.0,0.31,0.45,2.1,0.21600000000000003,5.0,16.0,0.9935799999999999,3.15,0.81,12.5,7,red
8.6,0.52,0.38,1.5,0.096,5.0,18.0,0.99666,3.2,0.52,9.4,5,red
8.4,0.34,0.42,2.1,0.07200000000000001,23.0,36.0,0.99392,3.11,0.78,12.4,6,red
7.4,0.49,0.27,2.1,0.071,14.0,25.0,0.9938799999999999,3.35,0.63,12.0,6,red
6.1,0.48,0.09,1.7,0.078,18.0,30.0,0.9940200000000001,3.45,0.54,11.2,6,red
7.4,0.49,0.27,2.1,0.071,14.0,25.0,0.9938799999999999,3.35,0.63,12.0,6,red
8.0,0.48,0.34,2.2,0.073,16.0,25.0,0.9936,3.28,0.66,12.4,6,red
6.3,0.57,0.28,2.1,0.048,13.0,49.0,0.99374,3.41,0.6,12.8,5,red
8.2,0.23,0.42,1.9,0.069,9.0,17.0,0.9937600000000001,3.21,0.54,12.3,6,red
9.1,0.3,0.41,2.0,0.068,10.0,24.0,0.99523,3.27,0.85,11.7,7,red
8.1,0.78,0.1,3.3,0.09,4.0,13.0,0.99855,3.36,0.49,9.5,5,red
10.8,0.47,0.43,2.1,0.171,27.0,66.0,0.9982,3.17,0.76,10.8,6,red
8.3,0.53,0.0,1.4,0.07,6.0,14.0,0.99593,3.25,0.64,10.0,6,red
5.4,0.42,0.27,2.0,0.092,23.0,55.0,0.99471,3.78,0.64,12.3,7,red
7.9,0.33,0.41,1.5,0.055999999999999994,6.0,35.0,0.9939600000000001,3.29,0.71,11.0,6,red
8.9,0.24,0.39,1.6,0.07400000000000001,3.0,10.0,0.99698,3.12,0.59,9.5,6,red
5.0,0.4,0.5,4.3,0.046,29.0,80.0,0.9902,3.49,0.66,13.6,6,red
7.0,0.69,0.07,2.5,0.091,15.0,21.0,0.99572,3.38,0.6,11.3,6,red
7.0,0.69,0.07,2.5,0.091,15.0,21.0,0.99572,3.38,0.6,11.3,6,red
7.0,0.69,0.07,2.5,0.091,15.0,21.0,0.99572,3.38,0.6,11.3,6,red
7.1,0.39,0.12,2.1,0.065,14.0,24.0,0.9925200000000001,3.3,0.53,13.3,6,red
5.6,0.66,0.0,2.5,0.066,7.0,15.0,0.99256,3.52,0.58,12.9,5,red
7.9,0.54,0.34,2.5,0.076,8.0,17.0,0.99235,3.2,0.72,13.1,8,red
6.6,0.5,0.0,1.8,0.062,21.0,28.0,0.9935200000000001,3.44,0.55,12.3,6,red
6.3,0.47,0.0,1.4,0.055,27.0,33.0,0.9922,3.45,0.48,12.3,6,red
10.7,0.4,0.37,1.9,0.081,17.0,29.0,0.99674,3.12,0.65,11.2,6,red
6.5,0.58,0.0,2.2,0.096,3.0,13.0,0.9955700000000001,3.62,0.62,11.5,4,red
8.8,0.24,0.35,1.7,0.055,13.0,27.0,0.9939399999999999,3.14,0.59,11.3,7,red
5.8,0.29,0.26,1.7,0.063,3.0,11.0,0.9915,3.39,0.54,13.5,6,red
6.3,0.76,0.0,2.9,0.07200000000000001,26.0,52.0,0.99379,3.51,0.6,11.5,6,red
10.0,0.43,0.33,2.7,0.095,28.0,89.0,0.9984,3.22,0.68,10.0,5,red
10.5,0.43,0.35,3.3,0.092,24.0,70.0,0.99798,3.21,0.69,10.5,6,red
9.1,0.6,0.0,1.9,0.057999999999999996,5.0,10.0,0.9977,3.18,0.63,10.4,6,red
5.9,0.19,0.21,1.7,0.045,57.0,135.0,0.99341,3.32,0.44,9.5,5,red
7.4,0.36,0.34,1.8,0.075,18.0,38.0,0.9933,3.38,0.88,13.6,7,red
7.2,0.48,0.07,5.5,0.08900000000000001,10.0,18.0,0.99684,3.37,0.68,11.2,7,red
8.5,0.28,0.35,1.7,0.061,6.0,15.0,0.99524,3.3,0.74,11.8,7,red
8.0,0.25,0.43,1.7,0.067,22.0,50.0,0.9946,3.38,0.6,11.9,6,red
10.4,0.52,0.45,2.0,0.08,6.0,13.0,0.99774,3.22,0.76,11.4,6,red
10.4,0.52,0.45,2.0,0.08,6.0,13.0,0.99774,3.22,0.76,11.4,6,red
7.5,0.41,0.15,3.7,0.10400000000000001,29.0,94.0,0.9978600000000001,3.14,0.58,9.1,5,red
8.2,0.51,0.24,2.0,0.079,16.0,86.0,0.99764,3.34,0.64,9.5,6,red
7.3,0.4,0.3,1.7,0.08,33.0,79.0,0.9969,3.41,0.65,9.5,6,red
8.2,0.38,0.32,2.5,0.08,24.0,71.0,0.99624,3.27,0.85,11.0,6,red
6.9,0.45,0.11,2.4,0.043,6.0,12.0,0.99354,3.3,0.65,11.4,6,red
7.0,0.22,0.3,1.8,0.065,16.0,20.0,0.99672,3.61,0.82,10.0,6,red
7.3,0.32,0.23,2.3,0.066,35.0,70.0,0.9958799999999999,3.43,0.62,10.1,5,red
8.2,0.2,0.43,2.5,0.076,31.0,51.0,0.99672,3.53,0.81,10.4,6,red
7.8,0.5,0.12,1.8,0.17800000000000002,6.0,21.0,0.996,3.28,0.87,9.8,6,red
10.0,0.41,0.45,6.2,0.071,6.0,14.0,0.99702,3.21,0.49,11.8,7,red
7.8,0.39,0.42,2.0,0.086,9.0,21.0,0.99526,3.39,0.66,11.6,6,red
10.0,0.35,0.47,2.0,0.061,6.0,11.0,0.99585,3.23,0.52,12.0,6,red
8.2,0.33,0.32,2.8,0.067,4.0,12.0,0.9947299999999999,3.3,0.76,12.8,7,red
6.1,0.58,0.23,2.5,0.044000000000000004,16.0,70.0,0.9935200000000001,3.46,0.65,12.5,6,red
8.3,0.6,0.25,2.2,0.11800000000000001,9.0,38.0,0.99616,3.15,0.53,9.8,5,red
9.6,0.42,0.35,2.1,0.083,17.0,38.0,0.9962200000000001,3.23,0.66,11.1,6,red
6.6,0.58,0.0,2.2,0.1,50.0,63.0,0.99544,3.59,0.68,11.4,6,red
8.3,0.6,0.25,2.2,0.11800000000000001,9.0,38.0,0.99616,3.15,0.53,9.8,5,red
8.5,0.18,0.51,1.75,0.071,45.0,88.0,0.99524,3.33,0.76,11.8,7,red
5.1,0.51,0.18,2.1,0.042,16.0,101.0,0.9924,3.46,0.87,12.9,7,red
6.7,0.41,0.43,2.8,0.076,22.0,54.0,0.99572,3.42,1.16,10.6,6,red
10.2,0.41,0.43,2.2,0.11,11.0,37.0,0.9972799999999999,3.16,0.67,10.8,5,red
10.6,0.36,0.57,2.3,0.087,6.0,20.0,0.9967600000000001,3.14,0.72,11.1,7,red
8.8,0.45,0.43,1.4,0.076,12.0,21.0,0.99551,3.21,0.75,10.2,6,red
8.5,0.32,0.42,2.3,0.075,12.0,19.0,0.99434,3.14,0.71,11.8,7,red
9.0,0.785,0.24,1.7,0.078,10.0,21.0,0.99692,3.29,0.67,10.0,5,red
9.0,0.785,0.24,1.7,0.078,10.0,21.0,0.99692,3.29,0.67,10.0,5,red
8.5,0.44,0.5,1.9,0.369,15.0,38.0,0.99634,3.01,1.1,9.4,5,red
9.9,0.54,0.26,2.0,0.111,7.0,60.0,0.9970899999999999,2.94,0.98,10.2,5,red
8.2,0.33,0.39,2.5,0.07400000000000001,29.0,48.0,0.9952799999999999,3.32,0.88,12.4,7,red
6.5,0.34,0.27,2.8,0.067,8.0,44.0,0.99384,3.21,0.56,12.0,6,red
7.6,0.5,0.29,2.3,0.086,5.0,14.0,0.9950200000000001,3.32,0.62,11.5,6,red
9.2,0.36,0.34,1.6,0.062,5.0,12.0,0.9966700000000001,3.2,0.67,10.5,6,red
7.1,0.59,0.0,2.2,0.078,26.0,44.0,0.9952200000000001,3.42,0.68,10.8,6,red
9.7,0.42,0.46,2.1,0.07400000000000001,5.0,16.0,0.99649,3.27,0.74,12.3,6,red
7.6,0.36,0.31,1.7,0.079,26.0,65.0,0.99716,3.46,0.62,9.5,6,red
7.6,0.36,0.31,1.7,0.079,26.0,65.0,0.99716,3.46,0.62,9.5,6,red
6.5,0.61,0.0,2.2,0.095,48.0,59.0,0.99541,3.61,0.7,11.5,6,red
6.5,0.88,0.03,5.6,0.079,23.0,47.0,0.99572,3.58,0.5,11.2,4,red
7.1,0.66,0.0,2.4,0.052000000000000005,6.0,11.0,0.99318,3.35,0.66,12.7,7,red
5.6,0.915,0.0,2.1,0.040999999999999995,17.0,78.0,0.99346,3.68,0.73,11.4,5,red
8.2,0.35,0.33,2.4,0.076,11.0,47.0,0.9959899999999999,3.27,0.81,11.0,6,red
8.2,0.35,0.33,2.4,0.076,11.0,47.0,0.9959899999999999,3.27,0.81,11.0,6,red
9.8,0.39,0.43,1.65,0.068,5.0,11.0,0.9947799999999999,3.19,0.46,11.4,5,red
10.2,0.4,0.4,2.5,0.068,41.0,54.0,0.99754,3.38,0.86,10.5,6,red
6.8,0.66,0.07,1.6,0.07,16.0,61.0,0.99572,3.29,0.6,9.3,5,red
6.7,0.64,0.23,2.1,0.08,11.0,119.0,0.9953799999999999,3.36,0.7,10.9,5,red
7.0,0.43,0.3,2.0,0.085,6.0,39.0,0.99346,3.33,0.46,11.9,6,red
6.6,0.8,0.03,7.8,0.079,6.0,12.0,0.9963,3.52,0.5,12.2,5,red
7.0,0.43,0.3,2.0,0.085,6.0,39.0,0.99346,3.33,0.46,11.9,6,red
6.7,0.64,0.23,2.1,0.08,11.0,119.0,0.9953799999999999,3.36,0.7,10.9,5,red
8.8,0.955,0.05,1.8,0.075,5.0,19.0,0.99616,3.3,0.44,9.6,4,red
9.1,0.4,0.57,4.6,0.08,6.0,20.0,0.9965200000000001,3.28,0.57,12.5,6,red
6.5,0.885,0.0,2.3,0.166,6.0,12.0,0.99551,3.56,0.51,10.8,5,red
7.2,0.25,0.37,2.5,0.063,11.0,41.0,0.99439,3.52,0.8,12.4,7,red
6.4,0.885,0.0,2.3,0.166,6.0,12.0,0.99551,3.56,0.51,10.8,5,red
7.0,0.745,0.12,1.8,0.114,15.0,64.0,0.9958799999999999,3.22,0.59,9.5,6,red
6.2,0.43,0.22,1.8,0.078,21.0,56.0,0.9963299999999999,3.52,0.6,9.5,6,red
7.9,0.58,0.23,2.3,0.076,23.0,94.0,0.9968600000000001,3.21,0.58,9.5,6,red
7.7,0.57,0.21,1.5,0.069,4.0,9.0,0.9945799999999999,3.16,0.54,9.8,6,red
7.7,0.26,0.26,2.0,0.052000000000000005,19.0,77.0,0.9951,3.15,0.79,10.9,6,red
7.9,0.58,0.23,2.3,0.076,23.0,94.0,0.9968600000000001,3.21,0.58,9.5,6,red
7.7,0.57,0.21,1.5,0.069,4.0,9.0,0.9945799999999999,3.16,0.54,9.8,6,red
7.9,0.34,0.36,1.9,0.065,5.0,10.0,0.99419,3.27,0.54,11.2,7,red
8.6,0.42,0.39,1.8,0.068,6.0,12.0,0.99516,3.35,0.69,11.7,8,red
9.9,0.74,0.19,5.8,0.111,33.0,76.0,0.9987799999999999,3.14,0.55,9.4,5,red
7.2,0.36,0.46,2.1,0.07400000000000001,24.0,44.0,0.99534,3.4,0.85,11.0,7,red
7.2,0.36,0.46,2.1,0.07400000000000001,24.0,44.0,0.99534,3.4,0.85,11.0,7,red
7.2,0.36,0.46,2.1,0.07400000000000001,24.0,44.0,0.99534,3.4,0.85,11.0,7,red
9.9,0.72,0.55,1.7,0.136,24.0,52.0,0.9975200000000001,3.35,0.94,10.0,5,red
7.2,0.36,0.46,2.1,0.07400000000000001,24.0,44.0,0.99534,3.4,0.85,11.0,7,red
6.2,0.39,0.43,2.0,0.071,14.0,24.0,0.9942799999999999,3.45,0.87,11.2,7,red
6.8,0.65,0.02,2.1,0.078,8.0,15.0,0.99498,3.35,0.62,10.4,6,red
6.6,0.44,0.15,2.1,0.076,22.0,53.0,0.9957,3.32,0.62,9.3,5,red
6.8,0.65,0.02,2.1,0.078,8.0,15.0,0.99498,3.35,0.62,10.4,6,red
9.6,0.38,0.42,1.9,0.071,5.0,13.0,0.99659,3.15,0.75,10.5,6,red
10.2,0.33,0.46,1.9,0.081,6.0,9.0,0.9962799999999999,3.1,0.48,10.4,6,red
8.8,0.27,0.46,2.1,0.095,20.0,29.0,0.9948799999999999,3.26,0.56,11.3,6,red
7.9,0.57,0.31,2.0,0.079,10.0,79.0,0.99677,3.29,0.69,9.5,6,red
8.2,0.34,0.37,1.9,0.057,43.0,74.0,0.99408,3.23,0.81,12.0,6,red
8.2,0.4,0.31,1.9,0.08199999999999999,8.0,24.0,0.996,3.24,0.69,10.6,6,red
9.0,0.39,0.4,1.3,0.044000000000000004,25.0,50.0,0.9947799999999999,3.2,0.83,10.9,6,red
10.9,0.32,0.52,1.8,0.132,17.0,44.0,0.99734,3.28,0.77,11.5,6,red
10.9,0.32,0.52,1.8,0.132,17.0,44.0,0.99734,3.28,0.77,11.5,6,red
8.1,0.53,0.22,2.2,0.078,33.0,89.0,0.9967799999999999,3.26,0.46,9.6,6,red
10.5,0.36,0.47,2.2,0.07400000000000001,9.0,23.0,0.9963799999999999,3.23,0.76,12.0,6,red
12.6,0.39,0.49,2.5,0.08,8.0,20.0,0.9992,3.07,0.82,10.3,6,red
9.2,0.46,0.23,2.6,0.091,18.0,77.0,0.9992200000000001,3.15,0.51,9.4,5,red
7.5,0.58,0.03,4.1,0.08,27.0,46.0,0.99592,3.02,0.47,9.2,5,red
9.0,0.58,0.25,2.0,0.10400000000000001,8.0,21.0,0.99769,3.27,0.72,9.6,5,red
5.1,0.42,0.0,1.8,0.044000000000000004,18.0,88.0,0.9915700000000001,3.68,0.73,13.6,7,red
7.6,0.43,0.29,2.1,0.075,19.0,66.0,0.99718,3.4,0.64,9.5,5,red
7.7,0.18,0.34,2.7,0.066,15.0,58.0,0.9947,3.37,0.78,11.8,6,red
7.8,0.815,0.01,2.6,0.07400000000000001,48.0,90.0,0.99621,3.38,0.62,10.8,5,red
7.6,0.43,0.29,2.1,0.075,19.0,66.0,0.99718,3.4,0.64,9.5,5,red
10.2,0.23,0.37,2.2,0.057,14.0,36.0,0.9961399999999999,3.23,0.49,9.3,4,red
7.1,0.75,0.01,2.2,0.059000000000000004,11.0,18.0,0.9924200000000001,3.39,0.4,12.8,6,red
6.0,0.33,0.32,12.9,0.054000000000000006,6.0,113.0,0.99572,3.3,0.56,11.5,4,red
7.8,0.55,0.0,1.7,0.07,7.0,17.0,0.99659,3.26,0.64,9.4,6,red
7.1,0.75,0.01,2.2,0.059000000000000004,11.0,18.0,0.9924200000000001,3.39,0.4,12.8,6,red
8.1,0.73,0.0,2.5,0.081,12.0,24.0,0.99798,3.38,0.46,9.6,4,red
6.5,0.67,0.0,4.3,0.057,11.0,20.0,0.9948799999999999,3.45,0.56,11.8,4,red
7.5,0.61,0.2,1.7,0.076,36.0,60.0,0.9949399999999999,3.1,0.4,9.3,5,red
9.8,0.37,0.39,2.5,0.079,28.0,65.0,0.99729,3.16,0.59,9.8,5,red
9.0,0.4,0.41,2.0,0.057999999999999996,15.0,40.0,0.9941399999999999,3.22,0.6,12.2,6,red
8.3,0.56,0.22,2.4,0.08199999999999999,10.0,86.0,0.9983,3.37,0.62,9.5,5,red
5.9,0.29,0.25,13.4,0.067,72.0,160.0,0.99721,3.33,0.54,10.3,6,red
7.4,0.55,0.19,1.8,0.08199999999999999,15.0,34.0,0.99655,3.49,0.68,10.5,5,red
7.4,0.74,0.07,1.7,0.086,15.0,48.0,0.9950200000000001,3.12,0.48,10.0,5,red
7.4,0.55,0.19,1.8,0.08199999999999999,15.0,34.0,0.99655,3.49,0.68,10.5,5,red
6.9,0.41,0.33,2.2,0.081,22.0,36.0,0.9949,3.41,0.75,11.1,6,red
7.1,0.6,0.01,2.3,0.079,24.0,37.0,0.9951399999999999,3.4,0.61,10.9,6,red
7.1,0.6,0.01,2.3,0.079,24.0,37.0,0.9951399999999999,3.4,0.61,10.9,6,red
7.5,0.58,0.14,2.2,0.077,27.0,60.0,0.9963,3.28,0.59,9.8,5,red
7.1,0.72,0.0,1.8,0.12300000000000001,6.0,14.0,0.9962700000000001,3.45,0.58,9.8,5,red
7.9,0.66,0.0,1.4,0.096,6.0,13.0,0.99569,3.43,0.58,9.5,5,red
7.8,0.7,0.06,1.9,0.079,20.0,35.0,0.9962799999999999,3.4,0.69,10.9,5,red
6.1,0.64,0.02,2.4,0.069,26.0,46.0,0.9935799999999999,3.47,0.45,11.0,5,red
7.5,0.59,0.22,1.8,0.08199999999999999,43.0,60.0,0.9949899999999999,3.1,0.42,9.2,5,red
7.0,0.58,0.28,4.8,0.085,12.0,69.0,0.9963299999999999,3.32,0.7,11.0,6,red
6.8,0.64,0.0,2.7,0.12300000000000001,15.0,33.0,0.9953799999999999,3.44,0.63,11.3,6,red
6.8,0.64,0.0,2.7,0.12300000000000001,15.0,33.0,0.9953799999999999,3.44,0.63,11.3,6,red
8.6,0.635,0.68,1.8,0.40299999999999997,19.0,56.0,0.9963200000000001,3.02,1.15,9.3,5,red
6.3,1.02,0.0,2.0,0.083,17.0,24.0,0.9943700000000001,3.59,0.55,11.2,4,red
9.8,0.45,0.38,2.5,0.081,34.0,66.0,0.99726,3.15,0.58,9.8,5,red
8.2,0.78,0.0,2.2,0.08900000000000001,13.0,26.0,0.9978,3.37,0.46,9.6,4,red
8.5,0.37,0.32,1.8,0.066,26.0,51.0,0.99456,3.38,0.72,11.8,6,red
7.2,0.57,0.05,2.3,0.081,16.0,36.0,0.99564,3.38,0.6,10.3,6,red
7.2,0.57,0.05,2.3,0.081,16.0,36.0,0.99564,3.38,0.6,10.3,6,red
10.4,0.43,0.5,2.3,0.068,13.0,19.0,0.996,3.1,0.87,11.4,6,red
6.9,0.41,0.31,2.0,0.079,21.0,51.0,0.9966799999999999,3.47,0.55,9.5,6,red
5.5,0.49,0.03,1.8,0.044000000000000004,28.0,87.0,0.9908,3.5,0.82,14.0,8,red
5.0,0.38,0.01,1.6,0.048,26.0,60.0,0.9908399999999999,3.7,0.75,14.0,6,red
7.3,0.44,0.2,1.6,0.049,24.0,64.0,0.9935,3.38,0.57,11.7,6,red
5.9,0.46,0.0,1.9,0.077,25.0,44.0,0.99385,3.5,0.53,11.2,5,red
7.5,0.58,0.2,2.0,0.073,34.0,44.0,0.9949399999999999,3.1,0.43,9.3,5,red
7.8,0.58,0.13,2.1,0.102,17.0,36.0,0.9944,3.24,0.53,11.2,6,red
8.0,0.715,0.22,2.3,0.075,13.0,81.0,0.9968799999999999,3.24,0.54,9.5,6,red
8.5,0.4,0.4,6.3,0.05,3.0,10.0,0.99566,3.28,0.56,12.0,4,red
7.0,0.69,0.0,1.9,0.114,3.0,10.0,0.99636,3.35,0.6,9.7,6,red
8.0,0.715,0.22,2.3,0.075,13.0,81.0,0.9968799999999999,3.24,0.54,9.5,6,red
9.8,0.3,0.39,1.7,0.062,3.0,9.0,0.9948,3.14,0.57,11.5,7,red
7.1,0.46,0.2,1.9,0.077,28.0,54.0,0.9956,3.37,0.64,10.4,6,red
7.1,0.46,0.2,1.9,0.077,28.0,54.0,0.9956,3.37,0.64,10.4,6,red
7.9,0.765,0.0,2.0,0.084,9.0,22.0,0.9961899999999999,3.33,0.68,10.9,6,red
8.7,0.63,0.28,2.7,0.096,17.0,69.0,0.99734,3.26,0.63,10.2,6,red
7.0,0.42,0.19,2.3,0.071,18.0,36.0,0.9947600000000001,3.39,0.56,10.9,5,red
11.3,0.37,0.5,1.8,0.09,20.0,47.0,0.99734,3.15,0.57,10.5,5,red
7.1,0.16,0.44,2.5,0.068,17.0,31.0,0.9932799999999999,3.35,0.54,12.4,6,red
8.0,0.6,0.08,2.6,0.055999999999999994,3.0,7.0,0.9928600000000001,3.22,0.37,13.0,5,red
7.0,0.6,0.3,4.5,0.068,20.0,110.0,0.9991399999999999,3.3,1.17,10.2,5,red
7.0,0.6,0.3,4.5,0.068,20.0,110.0,0.9991399999999999,3.3,1.17,10.2,5,red
7.6,0.74,0.0,1.9,0.1,6.0,12.0,0.99521,3.36,0.59,11.0,5,red
8.2,0.635,0.1,2.1,0.073,25.0,60.0,0.9963799999999999,3.29,0.75,10.9,6,red
5.9,0.395,0.13,2.4,0.055999999999999994,14.0,28.0,0.9936200000000001,3.62,0.67,12.4,6,red
7.5,0.755,0.0,1.9,0.084,6.0,12.0,0.99672,3.34,0.49,9.7,4,red
8.2,0.635,0.1,2.1,0.073,25.0,60.0,0.9963799999999999,3.29,0.75,10.9,6,red
6.6,0.63,0.0,4.3,0.09300000000000001,51.0,77.5,0.9955799999999999,3.2,0.45,9.5,5,red
6.6,0.63,0.0,4.3,0.09300000000000001,51.0,77.5,0.9955799999999999,3.2,0.45,9.5,5,red
7.2,0.53,0.14,2.1,0.064,15.0,29.0,0.99323,3.35,0.61,12.1,6,red
5.7,0.6,0.0,1.4,0.063,11.0,18.0,0.9919100000000001,3.45,0.56,12.2,6,red
7.6,1.58,0.0,2.1,0.13699999999999998,5.0,9.0,0.9947600000000001,3.5,0.4,10.9,3,red
5.2,0.645,0.0,2.15,0.08,15.0,28.0,0.99444,3.78,0.61,12.5,6,red
6.7,0.86,0.07,2.0,0.1,20.0,57.0,0.99598,3.6,0.74,11.7,6,red
9.1,0.37,0.32,2.1,0.064,4.0,15.0,0.9957600000000001,3.3,0.8,11.2,6,red
8.0,0.28,0.44,1.8,0.081,28.0,68.0,0.9950100000000001,3.36,0.66,11.2,5,red
7.6,0.79,0.21,2.3,0.087,21.0,68.0,0.9955,3.12,0.44,9.2,5,red
7.5,0.61,0.26,1.9,0.073,24.0,88.0,0.9961200000000001,3.3,0.53,9.8,5,red
9.7,0.69,0.32,2.5,0.08800000000000001,22.0,91.0,0.9979,3.29,0.62,10.1,5,red
6.8,0.68,0.09,3.9,0.068,15.0,29.0,0.99524,3.41,0.52,11.1,4,red
9.7,0.69,0.32,2.5,0.08800000000000001,22.0,91.0,0.9979,3.29,0.62,10.1,5,red
7.0,0.62,0.1,1.4,0.071,27.0,63.0,0.996,3.28,0.61,9.2,5,red
7.5,0.61,0.26,1.9,0.073,24.0,88.0,0.9961200000000001,3.3,0.53,9.8,5,red
6.5,0.51,0.15,3.0,0.064,12.0,27.0,0.9929,3.33,0.59,12.8,6,red
8.0,1.18,0.21,1.9,0.083,14.0,41.0,0.9953200000000001,3.34,0.47,10.5,5,red
7.0,0.36,0.21,2.3,0.086,20.0,65.0,0.9955799999999999,3.4,0.54,10.1,6,red
7.0,0.36,0.21,2.4,0.086,24.0,69.0,0.99556,3.4,0.53,10.1,6,red
7.5,0.63,0.27,2.0,0.083,17.0,91.0,0.99616,3.26,0.58,9.8,6,red
5.4,0.74,0.0,1.2,0.040999999999999995,16.0,46.0,0.9925799999999999,4.01,0.59,12.5,6,red
9.9,0.44,0.46,2.2,0.091,10.0,41.0,0.9963799999999999,3.18,0.69,11.9,6,red
7.5,0.63,0.27,2.0,0.083,17.0,91.0,0.99616,3.26,0.58,9.8,6,red
9.1,0.76,0.68,1.7,0.414,18.0,64.0,0.9965200000000001,2.9,1.33,9.1,6,red
9.7,0.66,0.34,2.6,0.094,12.0,88.0,0.9979600000000001,3.26,0.66,10.1,5,red
5.0,0.74,0.0,1.2,0.040999999999999995,16.0,46.0,0.9925799999999999,4.01,0.59,12.5,6,red
9.1,0.34,0.42,1.8,0.057999999999999996,9.0,18.0,0.99392,3.18,0.55,11.4,5,red
9.1,0.36,0.39,1.8,0.06,21.0,55.0,0.99495,3.18,0.82,11.0,7,red
6.7,0.46,0.24,1.7,0.077,18.0,34.0,0.9948,3.39,0.6,10.6,6,red
6.7,0.46,0.24,1.7,0.077,18.0,34.0,0.9948,3.39,0.6,10.6,6,red
6.7,0.46,0.24,1.7,0.077,18.0,34.0,0.9948,3.39,0.6,10.6,6,red
6.7,0.46,0.24,1.7,0.077,18.0,34.0,0.9948,3.39,0.6,10.6,6,red
6.5,0.52,0.11,1.8,0.073,13.0,38.0,0.9955,3.34,0.52,9.3,5,red
7.4,0.6,0.26,2.1,0.083,17.0,91.0,0.99616,3.29,0.56,9.8,6,red
7.4,0.6,0.26,2.1,0.083,17.0,91.0,0.99616,3.29,0.56,9.8,6,red
7.8,0.87,0.26,3.8,0.107,31.0,67.0,0.9966799999999999,3.26,0.46,9.2,5,red
8.4,0.39,0.1,1.7,0.075,6.0,25.0,0.9958100000000001,3.09,0.43,9.7,6,red
9.1,0.775,0.22,2.2,0.079,12.0,48.0,0.9976,3.18,0.51,9.6,5,red
7.2,0.835,0.0,2.0,0.166,4.0,11.0,0.99608,3.39,0.52,10.0,5,red
6.6,0.58,0.02,2.4,0.069,19.0,40.0,0.99387,3.38,0.66,12.6,6,red
6.0,0.5,0.0,1.4,0.057,15.0,26.0,0.9944799999999999,3.36,0.45,9.5,5,red
6.0,0.5,0.0,1.4,0.057,15.0,26.0,0.9944799999999999,3.36,0.45,9.5,5,red
6.0,0.5,0.0,1.4,0.057,15.0,26.0,0.9944799999999999,3.36,0.45,9.5,5,red
7.5,0.51,0.02,1.7,0.084,13.0,31.0,0.9953799999999999,3.36,0.54,10.5,6,red
7.5,0.51,0.02,1.7,0.084,13.0,31.0,0.9953799999999999,3.36,0.54,10.5,6,red
7.5,0.51,0.02,1.7,0.084,13.0,31.0,0.9953799999999999,3.36,0.54,10.5,6,red
7.6,0.54,0.02,1.7,0.085,17.0,31.0,0.9958899999999999,3.37,0.51,10.4,6,red
7.5,0.51,0.02,1.7,0.084,13.0,31.0,0.9953799999999999,3.36,0.54,10.5,6,red
11.5,0.42,0.48,2.6,0.077,8.0,20.0,0.9985200000000001,3.09,0.53,11.0,5,red
8.2,0.44,0.24,2.3,0.063,10.0,28.0,0.99613,3.25,0.53,10.2,6,red
6.1,0.59,0.01,2.1,0.055999999999999994,5.0,13.0,0.99472,3.52,0.56,11.4,5,red
7.2,0.655,0.03,1.8,0.078,7.0,12.0,0.99587,3.34,0.39,9.5,5,red
7.2,0.655,0.03,1.8,0.078,7.0,12.0,0.99587,3.34,0.39,9.5,5,red
6.9,0.57,0.0,2.8,0.081,21.0,41.0,0.99518,3.41,0.52,10.8,5,red
9.0,0.6,0.29,2.0,0.069,32.0,73.0,0.99654,3.34,0.57,10.0,5,red
7.2,0.62,0.01,2.3,0.065,8.0,46.0,0.9933200000000001,3.32,0.51,11.8,6,red
7.6,0.645,0.03,1.9,0.086,14.0,57.0,0.9969,3.37,0.46,10.3,5,red
7.6,0.645,0.03,1.9,0.086,14.0,57.0,0.9969,3.37,0.46,10.3,5,red
7.2,0.58,0.03,2.3,0.077,7.0,28.0,0.9956799999999999,3.35,0.52,10.0,5,red
6.1,0.32,0.25,1.8,0.086,5.0,32.0,0.99464,3.36,0.44,10.1,5,red
6.1,0.34,0.25,1.8,0.084,4.0,28.0,0.99464,3.36,0.44,10.1,5,red
7.3,0.43,0.24,2.5,0.078,27.0,67.0,0.9964799999999999,3.6,0.59,11.1,6,red
7.4,0.64,0.17,5.4,0.168,52.0,98.0,0.99736,3.28,0.5,9.5,5,red
11.6,0.475,0.4,1.4,0.091,6.0,28.0,0.9970399999999999,3.07,0.65,10.0333333333333,6,red
9.2,0.54,0.31,2.3,0.11199999999999999,11.0,38.0,0.9969899999999999,3.24,0.56,10.9,5,red
8.3,0.85,0.14,2.5,0.09300000000000001,13.0,54.0,0.99724,3.36,0.54,10.1,5,red
11.6,0.475,0.4,1.4,0.091,6.0,28.0,0.9970399999999999,3.07,0.65,10.0333333333333,6,red
8.0,0.83,0.27,2.0,0.08,11.0,63.0,0.9965200000000001,3.29,0.48,9.8,4,red
7.2,0.605,0.02,1.9,0.096,10.0,31.0,0.995,3.46,0.53,11.8,6,red
7.8,0.5,0.09,2.2,0.115,10.0,42.0,0.9971,3.18,0.62,9.5,5,red
7.3,0.74,0.08,1.7,0.094,10.0,45.0,0.9957600000000001,3.24,0.5,9.8,5,red
6.9,0.54,0.3,2.2,0.08800000000000001,9.0,105.0,0.99725,3.25,1.18,10.5,6,red
8.0,0.77,0.32,2.1,0.079,16.0,74.0,0.99656,3.27,0.5,9.8,6,red
6.6,0.61,0.0,1.6,0.069,4.0,8.0,0.9939600000000001,3.33,0.37,10.4,4,red
8.7,0.78,0.51,1.7,0.415,12.0,66.0,0.99623,3.0,1.17,9.2,5,red
7.5,0.58,0.56,3.1,0.153,5.0,14.0,0.9947600000000001,3.21,1.03,11.6,6,red
8.7,0.78,0.51,1.7,0.415,12.0,66.0,0.99623,3.0,1.17,9.2,5,red
7.7,0.75,0.27,3.8,0.11,34.0,89.0,0.99664,3.24,0.45,9.3,5,red
6.8,0.815,0.0,1.2,0.267,16.0,29.0,0.99471,3.32,0.51,9.8,3,red
7.2,0.56,0.26,2.0,0.083,13.0,100.0,0.9958600000000001,3.26,0.52,9.9,5,red
8.2,0.885,0.2,1.4,0.086,7.0,31.0,0.9946,3.11,0.46,10.0,5,red
5.2,0.49,0.26,2.3,0.09,23.0,74.0,0.9953,3.71,0.62,12.2,6,red
7.2,0.45,0.15,2.0,0.078,10.0,28.0,0.9960899999999999,3.29,0.51,9.9,6,red
7.5,0.57,0.02,2.6,0.077,11.0,35.0,0.9955700000000001,3.36,0.62,10.8,6,red
7.5,0.57,0.02,2.6,0.077,11.0,35.0,0.9955700000000001,3.36,0.62,10.8,6,red
6.8,0.83,0.09,1.8,0.07400000000000001,4.0,25.0,0.99534,3.38,0.45,9.6,5,red
8.0,0.6,0.22,2.1,0.08,25.0,105.0,0.99613,3.3,0.49,9.9,5,red
8.0,0.6,0.22,2.1,0.08,25.0,105.0,0.99613,3.3,0.49,9.9,5,red
7.1,0.755,0.15,1.8,0.107,20.0,84.0,0.99593,3.19,0.5,9.5,5,red
8.0,0.81,0.25,3.4,0.076,34.0,85.0,0.9966799999999999,3.19,0.42,9.2,5,red
7.4,0.64,0.07,1.8,0.1,8.0,23.0,0.9961,3.3,0.58,9.6,5,red
7.4,0.64,0.07,1.8,0.1,8.0,23.0,0.9961,3.3,0.58,9.6,5,red
6.6,0.64,0.31,6.1,0.083,7.0,49.0,0.99718,3.35,0.68,10.3,5,red
6.7,0.48,0.02,2.2,0.08,36.0,111.0,0.99524,3.1,0.53,9.7,5,red
6.0,0.49,0.0,2.3,0.068,15.0,33.0,0.99292,3.58,0.59,12.5,6,red
8.0,0.64,0.22,2.4,0.094,5.0,33.0,0.9961200000000001,3.37,0.58,11.0,5,red
7.1,0.62,0.06,1.3,0.07,5.0,12.0,0.9942,3.17,0.48,9.8,5,red
8.0,0.52,0.25,2.0,0.078,19.0,59.0,0.9961200000000001,3.3,0.48,10.2,5,red
6.4,0.57,0.14,3.9,0.07,27.0,73.0,0.99669,3.32,0.48,9.2,5,red
8.6,0.685,0.1,1.6,0.092,3.0,12.0,0.99745,3.31,0.65,9.55,6,red
8.7,0.675,0.1,1.6,0.09,4.0,11.0,0.99745,3.31,0.65,9.55,5,red
7.3,0.59,0.26,2.0,0.08,17.0,104.0,0.99584,3.28,0.52,9.9,5,red
7.0,0.6,0.12,2.2,0.083,13.0,28.0,0.9966,3.52,0.62,10.2,7,red
7.2,0.67,0.0,2.2,0.068,10.0,24.0,0.9956,3.42,0.72,11.1,6,red
7.9,0.69,0.21,2.1,0.08,33.0,141.0,0.9962,3.25,0.51,9.9,5,red
7.9,0.69,0.21,2.1,0.08,33.0,141.0,0.9962,3.25,0.51,9.9,5,red
7.6,0.3,0.42,2.0,0.052000000000000005,6.0,24.0,0.9963,3.44,0.82,11.9,6,red
7.2,0.33,0.33,1.7,0.061,3.0,13.0,0.996,3.23,1.1,10.0,8,red
8.0,0.5,0.39,2.6,0.08199999999999999,12.0,46.0,0.9985,3.43,0.62,10.7,6,red
7.7,0.28,0.3,2.0,0.062,18.0,34.0,0.9952,3.28,0.9,11.3,7,red
8.2,0.24,0.34,5.1,0.062,8.0,22.0,0.9974,3.22,0.94,10.9,6,red
6.0,0.51,0.0,2.1,0.064,40.0,54.0,0.995,3.54,0.93,10.7,6,red
8.1,0.29,0.36,2.2,0.048,35.0,53.0,0.995,3.27,1.01,12.4,7,red
6.0,0.51,0.0,2.1,0.064,40.0,54.0,0.995,3.54,0.93,10.7,6,red
6.6,0.96,0.0,1.8,0.08199999999999999,5.0,16.0,0.9936,3.5,0.44,11.9,6,red
6.4,0.47,0.4,2.4,0.071,8.0,19.0,0.9963,3.56,0.73,10.6,6,red
8.2,0.24,0.34,5.1,0.062,8.0,22.0,0.9974,3.22,0.94,10.9,6,red
9.9,0.57,0.25,2.0,0.10400000000000001,12.0,89.0,0.9963,3.04,0.9,10.1,5,red
10.0,0.32,0.59,2.2,0.077,3.0,15.0,0.9994,3.2,0.78,9.6,5,red
6.2,0.58,0.0,1.6,0.065,8.0,18.0,0.9966,3.56,0.84,9.4,5,red
10.0,0.32,0.59,2.2,0.077,3.0,15.0,0.9994,3.2,0.78,9.6,5,red
7.3,0.34,0.33,2.5,0.064,21.0,37.0,0.9952,3.35,0.77,12.1,7,red
7.8,0.53,0.01,1.6,0.077,3.0,19.0,0.995,3.16,0.46,9.8,5,red
7.7,0.64,0.21,2.2,0.077,32.0,133.0,0.9956,3.27,0.45,9.9,5,red
7.8,0.53,0.01,1.6,0.077,3.0,19.0,0.995,3.16,0.46,9.8,5,red
7.5,0.4,0.18,1.6,0.079,24.0,58.0,0.9965,3.34,0.58,9.4,5,red
7.0,0.54,0.0,2.1,0.079,39.0,55.0,0.9956,3.39,0.84,11.4,6,red
6.4,0.53,0.09,3.9,0.12300000000000001,14.0,31.0,0.9968,3.5,0.67,11.0,4,red
8.3,0.26,0.37,1.4,0.076,8.0,23.0,0.9974,3.26,0.7,9.6,6,red
8.3,0.26,0.37,1.4,0.076,8.0,23.0,0.9974,3.26,0.7,9.6,6,red
7.7,0.23,0.37,1.8,0.046,23.0,60.0,0.9971,3.41,0.71,12.1,6,red
7.6,0.41,0.33,2.5,0.078,6.0,23.0,0.9957,3.3,0.58,11.2,5,red
7.8,0.64,0.0,1.9,0.07200000000000001,27.0,55.0,0.9962,3.31,0.63,11.0,5,red
7.9,0.18,0.4,2.2,0.049,38.0,67.0,0.996,3.33,0.93,11.3,5,red
7.4,0.41,0.24,1.8,0.066,18.0,47.0,0.9956,3.37,0.62,10.4,5,red
7.6,0.43,0.31,2.1,0.069,13.0,74.0,0.9958,3.26,0.54,9.9,6,red
5.9,0.44,0.0,1.6,0.042,3.0,11.0,0.9944,3.48,0.85,11.7,6,red
6.1,0.4,0.16,1.8,0.069,11.0,25.0,0.9955,3.42,0.74,10.1,7,red
10.2,0.54,0.37,15.4,0.214,55.0,95.0,1.00369,3.18,0.77,9.0,6,red
10.2,0.54,0.37,15.4,0.214,55.0,95.0,1.00369,3.18,0.77,9.0,6,red
10.0,0.38,0.38,1.6,0.16899999999999998,27.0,90.0,0.9991399999999999,3.15,0.65,8.5,5,red
6.8,0.915,0.29,4.8,0.07,15.0,39.0,0.99577,3.53,0.54,11.1,5,red
7.0,0.59,0.0,1.7,0.052000000000000005,3.0,8.0,0.996,3.41,0.47,10.3,5,red
7.3,0.67,0.02,2.2,0.07200000000000001,31.0,92.0,0.99566,3.32,0.68,11.066666666666698,6,red
7.2,0.37,0.32,2.0,0.062,15.0,28.0,0.9947,3.23,0.73,11.3,7,red
7.4,0.785,0.19,5.2,0.094,19.0,98.0,0.99713,3.16,0.52,9.56666666666667,6,red
6.9,0.63,0.02,1.9,0.078,18.0,30.0,0.9971200000000001,3.4,0.75,9.8,5,red
6.9,0.58,0.2,1.75,0.057999999999999996,8.0,22.0,0.9932200000000001,3.38,0.49,11.7,5,red
7.3,0.67,0.02,2.2,0.07200000000000001,31.0,92.0,0.99566,3.32,0.68,11.1,6,red
7.4,0.785,0.19,5.2,0.094,19.0,98.0,0.99713,3.16,0.52,9.6,6,red
6.9,0.63,0.02,1.9,0.078,18.0,30.0,0.9971200000000001,3.4,0.75,9.8,5,red
6.8,0.67,0.0,1.9,0.08,22.0,39.0,0.9970100000000001,3.4,0.74,9.7,5,red
6.9,0.58,0.01,1.9,0.08,40.0,54.0,0.9968299999999999,3.4,0.73,9.7,5,red
7.2,0.38,0.31,2.0,0.055999999999999994,15.0,29.0,0.99472,3.23,0.76,11.3,8,red
7.2,0.37,0.32,2.0,0.062,15.0,28.0,0.9947,3.23,0.73,11.3,7,red
7.8,0.32,0.44,2.7,0.10400000000000001,8.0,17.0,0.9973200000000001,3.33,0.78,11.0,7,red
6.6,0.58,0.02,2.0,0.062,37.0,53.0,0.99374,3.35,0.76,11.6,7,red
7.6,0.49,0.33,1.9,0.07400000000000001,27.0,85.0,0.9970600000000001,3.41,0.58,9.0,5,red
11.7,0.45,0.63,2.2,0.073,7.0,23.0,0.99974,3.21,0.69,10.9,6,red
6.5,0.9,0.0,1.6,0.052000000000000005,9.0,17.0,0.99467,3.5,0.63,10.9,6,red
6.0,0.54,0.06,1.8,0.05,38.0,89.0,0.99236,3.3,0.5,10.55,6,red
7.6,0.49,0.33,1.9,0.07400000000000001,27.0,85.0,0.9970600000000001,3.41,0.58,9.0,5,red
8.4,0.29,0.4,1.7,0.067,8.0,20.0,0.99603,3.39,0.6,10.5,5,red
7.9,0.2,0.35,1.7,0.054000000000000006,7.0,15.0,0.9945799999999999,3.32,0.8,11.9,7,red
6.4,0.42,0.09,2.3,0.054000000000000006,34.0,64.0,0.99724,3.41,0.68,10.4,6,red
6.2,0.785,0.0,2.1,0.06,6.0,13.0,0.99664,3.59,0.61,10.0,4,red
6.8,0.64,0.03,2.3,0.075,14.0,31.0,0.99545,3.36,0.58,10.4,6,red
6.9,0.63,0.01,2.4,0.076,14.0,39.0,0.9952200000000001,3.34,0.53,10.8,6,red
6.8,0.59,0.1,1.7,0.063,34.0,53.0,0.9958,3.41,0.67,9.7,5,red
6.8,0.59,0.1,1.7,0.063,34.0,53.0,0.9958,3.41,0.67,9.7,5,red
7.3,0.48,0.32,2.1,0.062,31.0,54.0,0.9972799999999999,3.3,0.65,10.0,7,red
6.7,1.04,0.08,2.3,0.067,19.0,32.0,0.9964799999999999,3.52,0.57,11.0,4,red
7.3,0.48,0.32,2.1,0.062,31.0,54.0,0.9972799999999999,3.3,0.65,10.0,7,red
7.3,0.98,0.05,2.1,0.061,20.0,49.0,0.99705,3.31,0.55,9.7,3,red
10.0,0.69,0.11,1.4,0.084,8.0,24.0,0.9957799999999999,2.88,0.47,9.7,5,red
6.7,0.7,0.08,3.75,0.067,8.0,16.0,0.99334,3.43,0.52,12.6,5,red
7.6,0.35,0.6,2.6,0.073,23.0,44.0,0.99656,3.38,0.79,11.1,6,red
6.1,0.6,0.08,1.8,0.071,14.0,45.0,0.99336,3.38,0.54,11.0,5,red
9.9,0.5,0.5,13.8,0.205,48.0,82.0,1.00242,3.16,0.75,8.8,5,red
5.3,0.47,0.11,2.2,0.048,16.0,89.0,0.99182,3.54,0.88,13.566666666666698,7,red
9.9,0.5,0.5,13.8,0.205,48.0,82.0,1.00242,3.16,0.75,8.8,5,red
5.3,0.47,0.11,2.2,0.048,16.0,89.0,0.99182,3.54,0.88,13.6,7,red
7.1,0.875,0.05,5.7,0.08199999999999999,3.0,14.0,0.99808,3.4,0.52,10.2,3,red
8.2,0.28,0.6,3.0,0.10400000000000001,10.0,22.0,0.99828,3.39,0.68,10.6,5,red
5.6,0.62,0.03,1.5,0.08,6.0,13.0,0.99498,3.66,0.62,10.1,4,red
8.2,0.28,0.6,3.0,0.10400000000000001,10.0,22.0,0.99828,3.39,0.68,10.6,5,red
7.2,0.58,0.54,2.1,0.114,3.0,9.0,0.9971899999999999,3.33,0.57,10.3,4,red
8.1,0.33,0.44,1.5,0.042,6.0,12.0,0.9954200000000001,3.35,0.61,10.7,5,red
6.8,0.91,0.06,2.0,0.06,4.0,11.0,0.99592,3.53,0.64,10.9,4,red
7.0,0.655,0.16,2.1,0.07400000000000001,8.0,25.0,0.9960600000000001,3.37,0.55,9.7,5,red
6.8,0.68,0.21,2.1,0.07,9.0,23.0,0.99546,3.38,0.6,10.3,5,red
6.0,0.64,0.05,1.9,0.066,9.0,17.0,0.9949600000000001,3.52,0.78,10.6,5,red
5.6,0.54,0.04,1.7,0.049,5.0,13.0,0.9942,3.72,0.58,11.4,5,red
6.2,0.57,0.1,2.1,0.048,4.0,11.0,0.9944799999999999,3.44,0.76,10.8,6,red
7.1,0.22,0.49,1.8,0.039,8.0,18.0,0.99344,3.39,0.56,12.4,6,red
5.6,0.54,0.04,1.7,0.049,5.0,13.0,0.9942,3.72,0.58,11.4,5,red
6.2,0.65,0.06,1.6,0.05,6.0,18.0,0.9934799999999999,3.57,0.54,11.95,5,red
7.7,0.54,0.26,1.9,0.08900000000000001,23.0,147.0,0.99636,3.26,0.59,9.7,5,red
6.4,0.31,0.09,1.4,0.066,15.0,28.0,0.99459,3.42,0.7,10.0,7,red
7.0,0.43,0.02,1.9,0.08,15.0,28.0,0.99492,3.35,0.81,10.6,6,red
7.7,0.54,0.26,1.9,0.08900000000000001,23.0,147.0,0.99636,3.26,0.59,9.7,5,red
6.9,0.74,0.03,2.3,0.054000000000000006,7.0,16.0,0.99508,3.45,0.63,11.5,6,red
6.6,0.895,0.04,2.3,0.068,7.0,13.0,0.99582,3.53,0.58,10.8,6,red
6.9,0.74,0.03,2.3,0.054000000000000006,7.0,16.0,0.99508,3.45,0.63,11.5,6,red
7.5,0.725,0.04,1.5,0.076,8.0,15.0,0.99508,3.26,0.53,9.6,5,red
7.8,0.82,0.29,4.3,0.083,21.0,64.0,0.9964200000000001,3.16,0.53,9.4,5,red
7.3,0.585,0.18,2.4,0.078,15.0,60.0,0.9963799999999999,3.31,0.54,9.8,5,red
6.2,0.44,0.39,2.5,0.077,6.0,14.0,0.99555,3.51,0.69,11.0,6,red
7.5,0.38,0.57,2.3,0.106,5.0,12.0,0.99605,3.36,0.55,11.4,6,red
6.7,0.76,0.02,1.8,0.078,6.0,12.0,0.996,3.55,0.63,9.95,3,red
6.8,0.81,0.05,2.0,0.07,6.0,14.0,0.9956200000000001,3.51,0.66,10.8,6,red
7.5,0.38,0.57,2.3,0.106,5.0,12.0,0.99605,3.36,0.55,11.4,6,red
7.1,0.27,0.6,2.1,0.07400000000000001,17.0,25.0,0.9981399999999999,3.38,0.72,10.6,6,red
7.9,0.18,0.4,1.8,0.062,7.0,20.0,0.9941,3.28,0.7,11.1,5,red
6.4,0.36,0.21,2.2,0.047,26.0,48.0,0.99661,3.47,0.77,9.7,6,red
7.1,0.69,0.04,2.1,0.068,19.0,27.0,0.9971200000000001,3.44,0.67,9.8,5,red
6.4,0.79,0.04,2.2,0.061,11.0,17.0,0.9958799999999999,3.53,0.65,10.4,6,red
6.4,0.56,0.15,1.8,0.078,17.0,65.0,0.9929399999999999,3.33,0.6,10.5,6,red
6.9,0.84,0.21,4.1,0.07400000000000001,16.0,65.0,0.9984200000000001,3.53,0.72,9.23333333333333,6,red
6.9,0.84,0.21,4.1,0.07400000000000001,16.0,65.0,0.9984200000000001,3.53,0.72,9.25,6,red
6.1,0.32,0.25,2.3,0.071,23.0,58.0,0.9963299999999999,3.42,0.97,10.6,5,red
6.5,0.53,0.06,2.0,0.063,29.0,44.0,0.9948899999999999,3.38,0.83,10.3,6,red
7.4,0.47,0.46,2.2,0.114,7.0,20.0,0.9964700000000001,3.32,0.63,10.5,5,red
6.6,0.7,0.08,2.6,0.106,14.0,27.0,0.99665,3.44,0.58,10.2,5,red
6.5,0.53,0.06,2.0,0.063,29.0,44.0,0.9948899999999999,3.38,0.83,10.3,6,red
6.9,0.48,0.2,1.9,0.08199999999999999,9.0,23.0,0.99585,3.39,0.43,9.05,4,red
6.1,0.32,0.25,2.3,0.071,23.0,58.0,0.9963299999999999,3.42,0.97,10.6,5,red
6.8,0.48,0.25,2.0,0.076,29.0,61.0,0.9953,3.34,0.6,10.4,5,red
6.0,0.42,0.19,2.0,0.075,22.0,47.0,0.9952200000000001,3.39,0.78,10.0,6,red
6.7,0.48,0.08,2.1,0.064,18.0,34.0,0.9955200000000001,3.33,0.64,9.7,5,red
6.8,0.47,0.08,2.2,0.064,18.0,38.0,0.9955299999999999,3.3,0.65,9.6,6,red
7.1,0.53,0.07,1.7,0.071,15.0,24.0,0.9951,3.29,0.66,10.8,6,red
7.9,0.29,0.49,2.2,0.096,21.0,59.0,0.9971399999999999,3.31,0.67,10.1,6,red
7.1,0.69,0.08,2.1,0.063,42.0,52.0,0.99608,3.42,0.6,10.2,6,red
6.6,0.44,0.09,2.2,0.063,9.0,18.0,0.99444,3.42,0.69,11.3,6,red
6.1,0.705,0.1,2.8,0.081,13.0,28.0,0.99631,3.6,0.66,10.2,5,red
7.2,0.53,0.13,2.0,0.057999999999999996,18.0,22.0,0.9957299999999999,3.21,0.68,9.9,6,red
8.0,0.39,0.3,1.9,0.07400000000000001,32.0,84.0,0.9971700000000001,3.39,0.61,9.0,5,red
6.6,0.56,0.14,2.4,0.064,13.0,29.0,0.99397,3.42,0.62,11.7,7,red
7.0,0.55,0.13,2.2,0.075,15.0,35.0,0.9959,3.36,0.59,9.7,6,red
6.1,0.53,0.08,1.9,0.077,24.0,45.0,0.9952799999999999,3.6,0.68,10.3,6,red
5.4,0.58,0.08,1.9,0.059000000000000004,20.0,31.0,0.99484,3.5,0.64,10.2,6,red
6.2,0.64,0.09,2.5,0.081,15.0,26.0,0.9953799999999999,3.57,0.63,12.0,5,red
7.2,0.39,0.32,1.8,0.065,34.0,60.0,0.9971399999999999,3.46,0.78,9.9,5,red
6.2,0.52,0.08,4.4,0.071,11.0,32.0,0.99646,3.56,0.63,11.6,6,red
7.4,0.25,0.29,2.2,0.054000000000000006,19.0,49.0,0.99666,3.4,0.76,10.9,7,red
6.7,0.855,0.02,1.9,0.064,29.0,38.0,0.99472,3.3,0.56,10.75,6,red
11.1,0.44,0.42,2.2,0.064,14.0,19.0,0.9975799999999999,3.25,0.57,10.4,6,red
8.4,0.37,0.43,2.3,0.063,12.0,19.0,0.9955,3.17,0.81,11.2,7,red
6.5,0.63,0.33,1.8,0.059000000000000004,16.0,28.0,0.99531,3.36,0.64,10.1,6,red
7.0,0.57,0.02,2.0,0.07200000000000001,17.0,26.0,0.99575,3.36,0.61,10.2,5,red
6.3,0.6,0.1,1.6,0.048,12.0,26.0,0.99306,3.55,0.51,12.1,5,red
11.2,0.4,0.5,2.0,0.099,19.0,50.0,0.9978299999999999,3.1,0.58,10.4,5,red
7.4,0.36,0.3,1.8,0.07400000000000001,17.0,24.0,0.99419,3.24,0.7,11.4,8,red
7.1,0.68,0.0,2.3,0.087,17.0,26.0,0.9978299999999999,3.45,0.53,9.5,5,red
7.1,0.67,0.0,2.3,0.083,18.0,27.0,0.9976799999999999,3.44,0.54,9.4,5,red
6.3,0.68,0.01,3.7,0.10300000000000001,32.0,54.0,0.9958600000000001,3.51,0.66,11.3,6,red
7.3,0.735,0.0,2.2,0.08,18.0,28.0,0.99765,3.41,0.6,9.4,5,red
6.6,0.855,0.02,2.4,0.062,15.0,23.0,0.9962700000000001,3.54,0.6,11.0,6,red
7.0,0.56,0.17,1.7,0.065,15.0,24.0,0.9951399999999999,3.44,0.68,10.55,7,red
6.6,0.88,0.04,2.2,0.066,12.0,20.0,0.99636,3.53,0.56,9.9,5,red
6.6,0.855,0.02,2.4,0.062,15.0,23.0,0.9962700000000001,3.54,0.6,11.0,6,red
6.9,0.63,0.33,6.7,0.235,66.0,115.0,0.99787,3.22,0.56,9.5,5,red
7.8,0.6,0.26,2.0,0.08,31.0,131.0,0.9962200000000001,3.21,0.52,9.9,5,red
7.8,0.6,0.26,2.0,0.08,31.0,131.0,0.9962200000000001,3.21,0.52,9.9,5,red
7.8,0.6,0.26,2.0,0.08,31.0,131.0,0.9962200000000001,3.21,0.52,9.9,5,red
7.2,0.695,0.13,2.0,0.076,12.0,20.0,0.99546,3.29,0.54,10.1,5,red
7.2,0.695,0.13,2.0,0.076,12.0,20.0,0.99546,3.29,0.54,10.1,5,red
7.2,0.695,0.13,2.0,0.076,12.0,20.0,0.99546,3.29,0.54,10.1,5,red
6.7,0.67,0.02,1.9,0.061,26.0,42.0,0.9948899999999999,3.39,0.82,10.9,6,red
6.7,0.16,0.64,2.1,0.059000000000000004,24.0,52.0,0.9949399999999999,3.34,0.71,11.2,6,red
7.2,0.695,0.13,2.0,0.076,12.0,20.0,0.99546,3.29,0.54,10.1,5,red
7.0,0.56,0.13,1.6,0.077,25.0,42.0,0.99629,3.34,0.59,9.2,5,red
6.2,0.51,0.14,1.9,0.055999999999999994,15.0,34.0,0.9939600000000001,3.48,0.57,11.5,6,red
6.4,0.36,0.53,2.2,0.23,19.0,35.0,0.9934,3.37,0.93,12.4,6,red
6.4,0.38,0.14,2.2,0.038,15.0,25.0,0.9951399999999999,3.44,0.65,11.1,6,red
7.3,0.69,0.32,2.2,0.069,35.0,104.0,0.9963200000000001,3.33,0.51,9.5,5,red
6.0,0.58,0.2,2.4,0.075,15.0,50.0,0.99467,3.58,0.67,12.5,6,red
5.6,0.31,0.78,13.9,0.07400000000000001,23.0,92.0,0.99677,3.39,0.48,10.5,6,red
7.5,0.52,0.4,2.2,0.06,12.0,20.0,0.99474,3.26,0.64,11.8,6,red
8.0,0.3,0.63,1.6,0.081,16.0,29.0,0.9958799999999999,3.3,0.78,10.8,6,red
6.2,0.7,0.15,5.1,0.076,13.0,27.0,0.9962200000000001,3.54,0.6,11.9,6,red
6.8,0.67,0.15,1.8,0.11800000000000001,13.0,20.0,0.9954,3.42,0.67,11.3,6,red
6.2,0.56,0.09,1.7,0.053,24.0,32.0,0.9940200000000001,3.54,0.6,11.3,5,red
7.4,0.35,0.33,2.4,0.068,9.0,26.0,0.9947,3.36,0.6,11.9,6,red
6.2,0.56,0.09,1.7,0.053,24.0,32.0,0.9940200000000001,3.54,0.6,11.3,5,red
6.1,0.715,0.1,2.6,0.053,13.0,27.0,0.9936200000000001,3.57,0.5,11.9,5,red
6.2,0.46,0.29,2.1,0.07400000000000001,32.0,98.0,0.9957799999999999,3.33,0.62,9.8,5,red
6.7,0.32,0.44,2.4,0.061,24.0,34.0,0.99484,3.29,0.8,11.6,7,red
7.2,0.39,0.44,2.6,0.066,22.0,48.0,0.9949399999999999,3.3,0.84,11.5,6,red
7.5,0.31,0.41,2.4,0.065,34.0,60.0,0.99492,3.34,0.85,11.4,6,red
5.8,0.61,0.11,1.8,0.066,18.0,28.0,0.9948299999999999,3.55,0.66,10.9,6,red
7.2,0.66,0.33,2.5,0.068,34.0,102.0,0.9941399999999999,3.27,0.78,12.8,6,red
6.6,0.725,0.2,7.8,0.073,29.0,79.0,0.9977,3.29,0.54,9.2,5,red
6.3,0.55,0.15,1.8,0.077,26.0,35.0,0.9931399999999999,3.32,0.82,11.6,6,red
5.4,0.74,0.09,1.7,0.08900000000000001,16.0,26.0,0.9940200000000001,3.67,0.56,11.6,6,red
6.3,0.51,0.13,2.3,0.076,29.0,40.0,0.99574,3.42,0.75,11.0,6,red
6.8,0.62,0.08,1.9,0.068,28.0,38.0,0.99651,3.42,0.82,9.5,6,red
6.2,0.6,0.08,2.0,0.09,32.0,44.0,0.9949,3.45,0.58,10.5,5,red
5.9,0.55,0.1,2.2,0.062,39.0,51.0,0.9951200000000001,3.52,0.76,11.2,6,red
6.3,0.51,0.13,2.3,0.076,29.0,40.0,0.99574,3.42,0.75,11.0,6,red
5.9,0.645,0.12,2.0,0.075,32.0,44.0,0.9954700000000001,3.57,0.71,10.2,5,red
6.0,0.31,0.47,3.6,0.067,18.0,42.0,0.99549,3.39,0.66,11.0,6,red
7.0,0.27,0.36,20.7,0.045,45.0,170.0,1.001,3.0,0.45,8.8,6,white
6.3,0.3,0.34,1.6,0.049,14.0,132.0,0.9940000000000001,3.3,0.49,9.5,6,white
8.1,0.28,0.4,6.9,0.05,30.0,97.0,0.9951,3.26,0.44,10.1,6,white
7.2,0.23,0.32,8.5,0.057999999999999996,47.0,186.0,0.9956,3.19,0.4,9.9,6,white
7.2,0.23,0.32,8.5,0.057999999999999996,47.0,186.0,0.9956,3.19,0.4,9.9,6,white
8.1,0.28,0.4,6.9,0.05,30.0,97.0,0.9951,3.26,0.44,10.1,6,white
6.2,0.32,0.16,7.0,0.045,30.0,136.0,0.9949,3.18,0.47,9.6,6,white
7.0,0.27,0.36,20.7,0.045,45.0,170.0,1.001,3.0,0.45,8.8,6,white
6.3,0.3,0.34,1.6,0.049,14.0,132.0,0.9940000000000001,3.3,0.49,9.5,6,white
8.1,0.22,0.43,1.5,0.044000000000000004,28.0,129.0,0.9938,3.22,0.45,11.0,6,white
8.1,0.27,0.41,1.45,0.033,11.0,63.0,0.9908,2.99,0.56,12.0,5,white
8.6,0.23,0.4,4.2,0.035,17.0,109.0,0.9947,3.14,0.53,9.7,5,white
7.9,0.18,0.37,1.2,0.04,16.0,75.0,0.992,3.18,0.63,10.8,5,white
6.6,0.16,0.4,1.5,0.044000000000000004,48.0,143.0,0.9912,3.54,0.52,12.4,7,white
8.3,0.42,0.62,19.25,0.04,41.0,172.0,1.0002,2.98,0.67,9.7,5,white
6.6,0.17,0.38,1.5,0.032,28.0,112.0,0.9914,3.25,0.55,11.4,7,white
6.3,0.48,0.04,1.1,0.046,30.0,99.0,0.9928,3.24,0.36,9.6,6,white
6.2,0.66,0.48,1.2,0.028999999999999998,29.0,75.0,0.9892,3.33,0.39,12.8,8,white
7.4,0.34,0.42,1.1,0.033,17.0,171.0,0.9917,3.12,0.53,11.3,6,white
6.5,0.31,0.14,7.5,0.044000000000000004,34.0,133.0,0.9955,3.22,0.5,9.5,5,white
6.2,0.66,0.48,1.2,0.028999999999999998,29.0,75.0,0.9892,3.33,0.39,12.8,8,white
6.4,0.31,0.38,2.9,0.038,19.0,102.0,0.9912,3.17,0.35,11.0,7,white
6.8,0.26,0.42,1.7,0.049,41.0,122.0,0.993,3.47,0.48,10.5,8,white
7.6,0.67,0.14,1.5,0.07400000000000001,25.0,168.0,0.9937,3.05,0.51,9.3,5,white
6.6,0.27,0.41,1.3,0.052000000000000005,16.0,142.0,0.9951,3.42,0.47,10.0,6,white
7.0,0.25,0.32,9.0,0.046,56.0,245.0,0.9955,3.25,0.5,10.4,6,white
6.9,0.24,0.35,1.0,0.052000000000000005,35.0,146.0,0.993,3.45,0.44,10.0,6,white
7.0,0.28,0.39,8.7,0.051,32.0,141.0,0.9961,3.38,0.53,10.5,6,white
7.4,0.27,0.48,1.1,0.047,17.0,132.0,0.9914,3.19,0.49,11.6,6,white
7.2,0.32,0.36,2.0,0.033,37.0,114.0,0.9906,3.1,0.71,12.3,7,white
8.5,0.24,0.39,10.4,0.044000000000000004,20.0,142.0,0.9974,3.2,0.53,10.0,6,white
8.3,0.14,0.34,1.1,0.042,7.0,47.0,0.9934,3.47,0.4,10.2,6,white
7.4,0.25,0.36,2.05,0.05,31.0,100.0,0.992,3.19,0.44,10.8,6,white
6.2,0.12,0.34,1.5,0.045,43.0,117.0,0.9939,3.42,0.51,9.0,6,white
5.8,0.27,0.2,14.95,0.044000000000000004,22.0,179.0,0.9962,3.37,0.37,10.2,5,white
7.3,0.28,0.43,1.7,0.08,21.0,123.0,0.9905,3.19,0.42,12.8,5,white
6.5,0.39,0.23,5.4,0.051,25.0,149.0,0.9934,3.24,0.35,10.0,5,white
7.0,0.33,0.32,1.2,0.053,38.0,138.0,0.9906,3.13,0.28,11.2,6,white
7.3,0.24,0.39,17.95,0.057,45.0,149.0,0.9999,3.21,0.36,8.6,5,white
7.3,0.24,0.39,17.95,0.057,45.0,149.0,0.9999,3.21,0.36,8.6,5,white
6.7,0.23,0.39,2.5,0.172,63.0,158.0,0.9937,3.11,0.36,9.4,6,white
6.7,0.24,0.39,2.9,0.17300000000000001,63.0,157.0,0.9937,3.1,0.34,9.4,6,white
7.0,0.31,0.26,7.4,0.069,28.0,160.0,0.9954,3.13,0.46,9.8,6,white
6.6,0.24,0.27,1.4,0.057,33.0,152.0,0.9934,3.22,0.56,9.5,6,white
6.7,0.23,0.26,1.4,0.06,33.0,154.0,0.9934,3.24,0.56,9.5,6,white
7.4,0.18,0.31,1.4,0.057999999999999996,38.0,167.0,0.9931,3.16,0.53,10.0,7,white
6.2,0.45,0.26,4.4,0.063,63.0,206.0,0.9940000000000001,3.27,0.52,9.8,4,white
6.2,0.46,0.25,4.4,0.066,62.0,207.0,0.9939,3.25,0.52,9.8,5,white
7.0,0.31,0.26,7.4,0.069,28.0,160.0,0.9954,3.13,0.46,9.8,6,white
6.9,0.19,0.35,5.0,0.067,32.0,150.0,0.995,3.36,0.48,9.8,5,white
7.2,0.19,0.31,1.6,0.062,31.0,173.0,0.9917,3.35,0.44,11.7,6,white
6.6,0.25,0.29,1.1,0.068,39.0,124.0,0.9914,3.34,0.58,11.0,7,white
6.2,0.16,0.33,1.1,0.057,21.0,82.0,0.991,3.32,0.46,10.9,7,white
6.4,0.18,0.35,1.0,0.045,39.0,108.0,0.9911,3.31,0.35,10.9,6,white
6.8,0.2,0.59,0.9,0.147,38.0,132.0,0.993,3.05,0.38,9.1,6,white
6.9,0.25,0.35,1.3,0.039,29.0,191.0,0.9908,3.13,0.52,11.0,6,white
7.2,0.21,0.34,11.9,0.043,37.0,213.0,0.9962,3.09,0.5,9.6,6,white
6.0,0.19,0.26,12.4,0.048,50.0,147.0,0.9972,3.3,0.36,8.9,6,white
6.6,0.38,0.15,4.6,0.044000000000000004,25.0,78.0,0.9931,3.11,0.38,10.2,6,white
7.4,0.2,0.36,1.2,0.038,44.0,111.0,0.9926,3.36,0.34,9.9,6,white
6.8,0.22,0.24,4.9,0.092,30.0,123.0,0.9951,3.03,0.46,8.6,6,white
6.0,0.19,0.26,12.4,0.048,50.0,147.0,0.9972,3.3,0.36,8.9,6,white
7.0,0.47,0.07,1.1,0.035,17.0,151.0,0.991,3.02,0.34,10.5,5,white
6.6,0.38,0.15,4.6,0.044000000000000004,25.0,78.0,0.9931,3.11,0.38,10.2,6,white
7.2,0.24,0.27,1.4,0.038,31.0,122.0,0.9927,3.15,0.46,10.3,6,white
6.2,0.35,0.03,1.2,0.064,29.0,120.0,0.9934,3.22,0.54,9.1,5,white
6.4,0.26,0.24,6.4,0.04,27.0,124.0,0.9903,3.22,0.49,12.6,7,white
6.7,0.25,0.13,1.2,0.040999999999999995,81.0,174.0,0.992,3.14,0.42,9.8,5,white
6.7,0.23,0.31,2.1,0.046,30.0,96.0,0.9926,3.33,0.64,10.7,8,white
7.4,0.24,0.29,10.1,0.05,21.0,105.0,0.9962,3.13,0.35,9.5,5,white
6.2,0.27,0.43,7.8,0.055999999999999994,48.0,244.0,0.9956,3.1,0.51,9.0,6,white
6.8,0.3,0.23,4.6,0.061,50.5,238.5,0.9958,3.32,0.6,9.5,5,white
6.0,0.27,0.28,4.8,0.063,31.0,201.0,0.9964,3.69,0.71,10.0,5,white
8.6,0.23,0.46,1.0,0.054000000000000006,9.0,72.0,0.9941,2.95,0.49,9.1,6,white
6.7,0.23,0.31,2.1,0.046,30.0,96.0,0.9926,3.33,0.64,10.7,8,white
7.4,0.24,0.29,10.1,0.05,21.0,105.0,0.9962,3.13,0.35,9.5,5,white
7.1,0.18,0.36,1.4,0.043,31.0,87.0,0.9898,3.26,0.37,12.7,7,white
7.0,0.32,0.34,1.3,0.042,20.0,69.0,0.9912,3.31,0.65,12.0,7,white
7.4,0.18,0.3,8.8,0.064,26.0,103.0,0.9961,2.94,0.56,9.3,5,white
6.7,0.54,0.28,5.4,0.06,21.0,105.0,0.9949,3.27,0.37,9.0,5,white
6.8,0.22,0.31,1.4,0.053,34.0,114.0,0.9929,3.39,0.77,10.6,6,white
7.1,0.2,0.34,16.0,0.05,51.0,166.0,0.9985,3.21,0.6,9.2,6,white
7.1,0.34,0.2,6.1,0.063,47.0,164.0,0.9946,3.17,0.42,10.0,5,white
7.3,0.22,0.3,8.2,0.047,42.0,207.0,0.9966,3.33,0.46,9.5,6,white
7.1,0.43,0.61,11.8,0.045,54.0,155.0,0.9974,3.11,0.45,8.7,5,white
7.1,0.44,0.62,11.8,0.044000000000000004,52.0,152.0,0.9975,3.12,0.46,8.7,6,white
7.2,0.39,0.63,11.0,0.044000000000000004,55.0,156.0,0.9974,3.09,0.44,8.7,6,white
6.8,0.25,0.31,13.3,0.05,69.0,202.0,0.9972,3.22,0.48,9.7,6,white
7.1,0.43,0.61,11.8,0.045,54.0,155.0,0.9974,3.11,0.45,8.7,5,white
7.1,0.44,0.62,11.8,0.044000000000000004,52.0,152.0,0.9975,3.12,0.46,8.7,6,white
7.2,0.39,0.63,11.0,0.044000000000000004,55.0,156.0,0.9974,3.09,0.44,8.7,6,white
6.1,0.27,0.43,7.5,0.049,65.0,243.0,0.9957,3.12,0.47,9.0,5,white
6.9,0.24,0.33,1.7,0.035,47.0,136.0,0.99,3.26,0.4,12.6,7,white
6.9,0.21,0.33,1.8,0.034,48.0,136.0,0.9899,3.25,0.41,12.6,7,white
7.5,0.17,0.32,1.7,0.04,51.0,148.0,0.9916,3.21,0.44,11.5,7,white
7.1,0.26,0.29,12.4,0.044000000000000004,62.0,240.0,0.9969,3.04,0.42,9.2,6,white
6.0,0.34,0.66,15.9,0.046,26.0,164.0,0.9979,3.14,0.5,8.8,6,white
8.6,0.265,0.36,1.2,0.034,15.0,80.0,0.9913,2.95,0.36,11.4,7,white
9.8,0.36,0.46,10.5,0.038,4.0,83.0,0.9956,2.89,0.3,10.1,4,white
6.0,0.34,0.66,15.9,0.046,26.0,164.0,0.9979,3.14,0.5,8.8,6,white
7.4,0.25,0.37,13.5,0.06,52.0,192.0,0.9975,3.0,0.44,9.1,5,white
7.1,0.12,0.32,9.6,0.054000000000000006,64.0,162.0,0.9962,3.4,0.41,9.4,5,white
6.0,0.21,0.24,12.1,0.05,55.0,164.0,0.997,3.34,0.39,9.4,5,white
7.5,0.305,0.4,18.9,0.059000000000000004,44.0,170.0,1.0,2.99,0.46,9.0,5,white
7.4,0.25,0.37,13.5,0.06,52.0,192.0,0.9975,3.0,0.44,9.1,5,white
7.3,0.13,0.32,14.4,0.051,34.0,109.0,0.9974,3.2,0.35,9.2,6,white
7.1,0.12,0.32,9.6,0.054000000000000006,64.0,162.0,0.9962,3.4,0.41,9.4,5,white
7.1,0.23,0.35,16.5,0.04,60.0,171.0,0.9990000000000001,3.16,0.59,9.1,6,white
7.1,0.23,0.35,16.5,0.04,60.0,171.0,0.9990000000000001,3.16,0.59,9.1,6,white
6.9,0.33,0.28,1.3,0.051,37.0,187.0,0.9927,3.27,0.6,10.3,5,white
6.5,0.17,0.54,8.5,0.08199999999999999,64.0,163.0,0.9959,2.89,0.39,8.8,6,white
7.2,0.27,0.46,18.75,0.052000000000000005,45.0,255.0,1.0,3.04,0.52,8.9,5,white
7.2,0.31,0.5,13.3,0.055999999999999994,68.0,195.0,0.9982,3.01,0.47,9.2,5,white
6.7,0.41,0.34,9.2,0.049,29.0,150.0,0.9968,3.22,0.51,9.1,5,white
6.7,0.41,0.34,9.2,0.049,29.0,150.0,0.9968,3.22,0.51,9.1,5,white
5.5,0.485,0.0,1.5,0.065,8.0,103.0,0.9940000000000001,3.63,0.4,9.7,4,white
6.0,0.31,0.24,3.3,0.040999999999999995,25.0,143.0,0.9914,3.31,0.44,11.3,6,white
7.0,0.14,0.4,1.7,0.035,16.0,85.0,0.9911,3.19,0.42,11.8,6,white
7.2,0.31,0.5,13.3,0.055999999999999994,68.0,195.0,0.9982,3.01,0.47,9.2,5,white
7.3,0.32,0.48,13.3,0.06,57.0,196.0,0.9982,3.04,0.5,9.2,5,white
5.9,0.36,0.04,5.7,0.046,21.0,87.0,0.9934,3.22,0.51,10.2,5,white
7.8,0.24,0.32,12.2,0.054000000000000006,42.0,138.0,0.9984,3.01,0.54,8.8,5,white
7.4,0.16,0.31,6.85,0.059000000000000004,31.0,131.0,0.9952,3.29,0.34,9.7,5,white
6.9,0.19,0.28,5.0,0.057999999999999996,14.0,146.0,0.9952,3.29,0.36,9.1,6,white
6.4,0.13,0.47,1.6,0.092,40.0,158.0,0.9928,3.21,0.36,9.8,6,white
6.7,0.19,0.36,1.1,0.026000000000000002,63.0,143.0,0.9912,3.27,0.48,11.0,6,white
7.4,0.39,0.23,7.0,0.033,29.0,126.0,0.9940000000000001,3.14,0.42,10.5,5,white
6.5,0.24,0.32,7.6,0.038,48.0,203.0,0.9958,3.45,0.54,9.7,7,white
6.1,0.3,0.56,2.8,0.044000000000000004,47.0,179.0,0.9924,3.3,0.57,10.9,7,white
6.1,0.3,0.56,2.7,0.046,46.0,184.0,0.9924,3.31,0.57,10.9,6,white
5.7,0.26,0.25,10.4,0.02,7.0,57.0,0.9940000000000001,3.39,0.37,10.6,5,white
6.5,0.24,0.32,7.6,0.038,48.0,203.0,0.9958,3.45,0.54,9.7,7,white
6.5,0.425,0.4,13.1,0.038,59.0,241.0,0.9979,3.23,0.57,9.0,5,white
6.6,0.24,0.27,15.8,0.035,46.0,188.0,0.9982,3.24,0.51,9.2,5,white
6.8,0.27,0.22,8.1,0.034,55.0,203.0,0.9961,3.19,0.52,8.9,5,white
6.7,0.27,0.31,15.7,0.036000000000000004,44.0,179.0,0.9979,3.26,0.56,9.6,5,white
8.2,0.23,0.4,1.2,0.027000000000000003,36.0,121.0,0.992,3.12,0.38,10.7,6,white
7.1,0.37,0.67,10.5,0.045,49.0,155.0,0.9975,3.16,0.44,8.7,5,white
6.8,0.19,0.36,1.9,0.035,30.0,96.0,0.9917,3.15,0.54,10.8,7,white
8.1,0.28,0.39,1.9,0.028999999999999998,18.0,79.0,0.9923,3.23,0.52,11.8,6,white
6.3,0.31,0.34,2.2,0.045,20.0,77.0,0.9927,3.3,0.43,10.2,5,white
7.1,0.37,0.67,10.5,0.045,49.0,155.0,0.9975,3.16,0.44,8.7,5,white
7.9,0.21,0.4,1.2,0.039,38.0,107.0,0.992,3.21,0.54,10.8,6,white
8.5,0.21,0.41,4.3,0.036000000000000004,24.0,99.0,0.9947,3.18,0.53,9.7,6,white
8.1,0.2,0.4,2.0,0.037000000000000005,19.0,87.0,0.9921,3.12,0.54,11.2,6,white
6.3,0.255,0.37,1.1,0.04,37.0,114.0,0.9905,3.0,0.39,10.9,6,white
5.6,0.16,0.27,1.4,0.044000000000000004,53.0,168.0,0.9918,3.28,0.37,10.1,6,white
6.4,0.595,0.14,5.2,0.057999999999999996,15.0,97.0,0.9951,3.38,0.36,9.0,4,white
6.3,0.34,0.33,4.6,0.034,19.0,80.0,0.9917,3.38,0.58,12.0,7,white
6.9,0.25,0.3,4.1,0.054000000000000006,23.0,116.0,0.9940000000000001,2.99,0.38,9.4,6,white
7.9,0.22,0.38,8.0,0.043,46.0,152.0,0.9934,3.12,0.32,11.5,7,white
7.6,0.18,0.46,10.2,0.055,58.0,135.0,0.9968,3.14,0.43,9.9,6,white
6.9,0.25,0.3,4.1,0.054000000000000006,23.0,116.0,0.9940000000000001,2.99,0.38,9.4,6,white
7.2,0.18,0.41,1.2,0.048,41.0,97.0,0.9919,3.14,0.45,10.4,5,white
8.2,0.23,0.4,7.5,0.049,12.0,76.0,0.9966,3.06,0.84,9.7,6,white
7.4,0.24,0.42,14.0,0.066,48.0,198.0,0.9979,2.89,0.42,8.9,6,white
7.4,0.24,0.42,14.0,0.066,48.0,198.0,0.9979,2.89,0.42,8.9,6,white
6.1,0.32,0.24,1.5,0.036000000000000004,38.0,124.0,0.9898,3.29,0.42,12.4,7,white
5.2,0.44,0.04,1.4,0.036000000000000004,43.0,119.0,0.9894,3.36,0.33,12.1,8,white
5.2,0.44,0.04,1.4,0.036000000000000004,43.0,119.0,0.9894,3.36,0.33,12.1,8,white
6.1,0.32,0.24,1.5,0.036000000000000004,38.0,124.0,0.9898,3.29,0.42,12.4,7,white
6.4,0.22,0.56,14.5,0.055,27.0,159.0,0.998,2.98,0.4,9.1,5,white
6.3,0.36,0.3,4.8,0.049,14.0,85.0,0.9932,3.28,0.39,10.6,5,white
7.4,0.24,0.42,14.0,0.066,48.0,198.0,0.9979,2.89,0.42,8.9,6,white
6.7,0.24,0.35,13.1,0.05,64.0,205.0,0.997,3.15,0.5,9.5,5,white
7.0,0.23,0.36,13.0,0.051,72.0,177.0,0.9972,3.16,0.49,9.8,5,white
8.4,0.27,0.46,8.7,0.048,39.0,197.0,0.9974,3.14,0.59,9.6,6,white
6.7,0.46,0.18,2.4,0.034,25.0,98.0,0.9896,3.08,0.44,12.6,7,white
7.5,0.29,0.31,8.95,0.055,20.0,151.0,0.9968,3.08,0.54,9.3,5,white
9.8,0.42,0.48,9.85,0.034,5.0,110.0,0.9958,2.87,0.29,10.0,5,white
7.1,0.3,0.46,1.5,0.066,29.0,133.0,0.9906,3.12,0.54,12.7,6,white
7.9,0.19,0.45,1.5,0.045,17.0,96.0,0.9917,3.13,0.39,11.0,6,white
7.6,0.48,0.37,0.8,0.037000000000000005,4.0,100.0,0.9902,3.03,0.39,11.4,4,white
6.3,0.22,0.43,4.55,0.038,31.0,130.0,0.9918,3.35,0.33,11.5,7,white
7.5,0.27,0.31,17.7,0.051,33.0,173.0,0.9990000000000001,3.09,0.64,10.2,5,white
6.9,0.23,0.4,7.5,0.04,50.0,151.0,0.9927,3.11,0.27,11.4,6,white
7.2,0.32,0.47,5.1,0.044000000000000004,19.0,65.0,0.991,3.03,0.41,12.6,4,white
5.9,0.23,0.3,12.9,0.054000000000000006,57.0,170.0,0.9972,3.28,0.39,9.4,5,white
6.0,0.67,0.07,1.2,0.06,9.0,108.0,0.9931,3.11,0.35,8.7,4,white
6.4,0.25,0.32,5.5,0.049,41.0,176.0,0.995,3.19,0.68,9.2,6,white
6.4,0.33,0.31,5.5,0.048,42.0,173.0,0.9951,3.19,0.66,9.3,6,white
7.1,0.34,0.15,1.2,0.053,61.0,183.0,0.9936,3.09,0.43,9.2,5,white
6.8,0.28,0.4,22.0,0.048,48.0,167.0,1.001,2.93,0.5,8.7,5,white
6.9,0.27,0.4,14.0,0.05,64.0,227.0,0.9979,3.18,0.58,9.6,6,white
6.8,0.26,0.56,11.9,0.043,64.0,226.0,0.997,3.02,0.63,9.3,5,white
6.8,0.29,0.56,11.9,0.043,66.0,230.0,0.9972,3.02,0.63,9.3,5,white
6.7,0.24,0.41,9.4,0.04,49.0,166.0,0.9954,3.12,0.61,9.9,6,white
5.9,0.3,0.23,4.2,0.038,42.0,119.0,0.9924,3.15,0.5,11.0,5,white
6.8,0.53,0.35,3.8,0.034,26.0,109.0,0.9906,3.26,0.57,12.7,8,white
6.5,0.28,0.28,8.5,0.047,54.0,210.0,0.9962,3.09,0.54,8.9,4,white
6.6,0.28,0.28,8.5,0.052000000000000005,55.0,211.0,0.9962,3.09,0.55,8.9,6,white
6.8,0.28,0.4,22.0,0.048,48.0,167.0,1.001,2.93,0.5,8.7,5,white
6.8,0.28,0.36,8.0,0.045,28.0,123.0,0.9928,3.02,0.37,11.4,6,white
6.6,0.15,0.34,5.1,0.055,34.0,125.0,0.9942,3.36,0.42,9.6,5,white
6.4,0.29,0.44,3.6,0.2,75.0,181.0,0.9942,3.02,0.41,9.1,5,white
6.4,0.3,0.45,3.5,0.19699999999999998,76.0,180.0,0.9942,3.02,0.39,9.1,6,white
6.4,0.29,0.44,3.6,0.19699999999999998,75.0,183.0,0.9942,3.01,0.38,9.1,5,white
6.8,0.26,0.24,7.8,0.052000000000000005,54.0,214.0,0.9961,3.13,0.47,8.9,5,white
7.1,0.32,0.24,13.1,0.05,52.0,204.0,0.998,3.1,0.49,8.8,5,white
6.8,0.26,0.24,7.8,0.052000000000000005,54.0,214.0,0.9961,3.13,0.47,8.9,5,white
6.8,0.27,0.26,16.1,0.049,55.0,196.0,0.9984,3.15,0.5,9.3,5,white
7.1,0.32,0.24,13.1,0.05,52.0,204.0,0.998,3.1,0.49,8.8,5,white
6.9,0.54,0.32,13.2,0.05,53.0,236.0,0.9973,3.2,0.5,9.6,5,white
6.8,0.26,0.34,13.9,0.034,39.0,134.0,0.9949,3.33,0.53,12.0,6,white
5.8,0.28,0.35,2.3,0.053,36.0,114.0,0.9924,3.28,0.5,10.2,4,white
6.4,0.21,0.5,11.6,0.042,45.0,153.0,0.9972,3.15,0.43,8.8,5,white
7.0,0.16,0.32,8.3,0.045,38.0,126.0,0.9958,3.21,0.34,9.2,5,white
10.2,0.44,0.88,6.2,0.049,20.0,124.0,0.9968,2.99,0.51,9.9,4,white
6.8,0.57,0.29,2.2,0.04,15.0,77.0,0.9938,3.32,0.74,10.2,5,white
6.1,0.4,0.31,0.9,0.048,23.0,170.0,0.993,3.22,0.77,9.5,6,white
5.6,0.245,0.25,9.7,0.032,12.0,68.0,0.9940000000000001,3.31,0.34,10.5,5,white
6.8,0.18,0.38,1.4,0.038,35.0,111.0,0.9918,3.32,0.59,11.2,7,white
7.0,0.16,0.32,8.3,0.045,38.0,126.0,0.9958,3.21,0.34,9.2,5,white
6.7,0.13,0.29,5.3,0.051,31.0,122.0,0.9944,3.44,0.37,9.7,6,white
6.2,0.25,0.25,1.4,0.03,35.0,105.0,0.9912,3.3,0.44,11.1,7,white
5.8,0.26,0.24,9.2,0.044000000000000004,55.0,152.0,0.9961,3.31,0.38,9.4,5,white
7.5,0.27,0.36,7.0,0.036000000000000004,45.0,164.0,0.9939,3.03,0.33,11.0,5,white
5.8,0.26,0.24,9.2,0.044000000000000004,55.0,152.0,0.9961,3.31,0.38,9.4,5,white
5.7,0.28,0.24,17.5,0.044000000000000004,60.0,167.0,0.9989,3.31,0.44,9.4,5,white
7.5,0.23,0.36,7.0,0.036000000000000004,43.0,161.0,0.9938,3.04,0.32,11.0,5,white
7.5,0.27,0.36,7.0,0.036000000000000004,45.0,164.0,0.9939,3.03,0.33,11.0,5,white
7.2,0.685,0.21,9.5,0.07,33.0,172.0,0.9971,3.0,0.55,9.1,6,white
6.2,0.25,0.25,1.4,0.03,35.0,105.0,0.9912,3.3,0.44,11.1,7,white
6.5,0.19,0.3,0.8,0.043,33.0,144.0,0.9936,3.42,0.39,9.1,6,white
6.3,0.495,0.22,1.8,0.046,31.0,140.0,0.9929,3.39,0.54,10.4,6,white
7.1,0.24,0.41,17.8,0.046,39.0,145.0,0.9998,3.32,0.39,8.7,5,white
6.4,0.17,0.32,2.4,0.048,41.0,200.0,0.9938,3.5,0.5,9.7,6,white
7.1,0.25,0.32,10.3,0.040999999999999995,66.0,272.0,0.9969,3.17,0.52,9.1,6,white
6.4,0.17,0.32,2.4,0.048,41.0,200.0,0.9938,3.5,0.5,9.7,6,white
7.1,0.24,0.41,17.8,0.046,39.0,145.0,0.9998,3.32,0.39,8.7,5,white
6.8,0.64,0.08,9.7,0.062,26.0,142.0,0.9972,3.37,0.46,8.9,4,white
8.3,0.28,0.4,7.8,0.040999999999999995,38.0,194.0,0.9976,3.34,0.51,9.6,6,white
8.2,0.27,0.39,7.8,0.039,49.0,208.0,0.9976,3.31,0.51,9.5,6,white
7.2,0.23,0.38,14.3,0.057999999999999996,55.0,194.0,0.9979,3.09,0.44,9.0,6,white
7.2,0.23,0.38,14.3,0.057999999999999996,55.0,194.0,0.9979,3.09,0.44,9.0,6,white
7.2,0.23,0.38,14.3,0.057999999999999996,55.0,194.0,0.9979,3.09,0.44,9.0,6,white
7.2,0.23,0.38,14.3,0.057999999999999996,55.0,194.0,0.9979,3.09,0.44,9.0,6,white
6.8,0.52,0.32,13.2,0.044000000000000004,54.0,221.0,0.9972,3.27,0.5,9.6,6,white
7.0,0.26,0.59,1.4,0.037000000000000005,40.0,120.0,0.9918,3.34,0.41,11.1,7,white
6.2,0.25,0.21,15.55,0.039,28.0,159.0,0.9982,3.48,0.64,9.6,6,white
7.3,0.32,0.23,13.7,0.05,49.0,197.0,0.9985,3.2,0.46,8.7,5,white
7.7,0.31,0.26,7.8,0.031,23.0,90.0,0.9944,3.13,0.5,10.4,5,white
7.1,0.21,0.37,2.4,0.026000000000000002,23.0,100.0,0.9903,3.15,0.38,11.4,7,white
6.8,0.24,0.34,2.7,0.047,64.5,218.5,0.9934,3.3,0.58,9.7,6,white
6.9,0.4,0.56,11.2,0.043,40.0,142.0,0.9975,3.14,0.46,8.7,5,white
6.1,0.18,0.36,2.0,0.038,20.0,249.5,0.9923,3.37,0.79,11.3,6,white
6.8,0.21,0.27,2.1,0.03,26.0,139.0,0.99,3.16,0.61,12.6,7,white
5.8,0.2,0.27,1.4,0.031,12.0,77.0,0.9905,3.25,0.36,10.9,7,white
5.6,0.19,0.26,1.4,0.03,12.0,76.0,0.9905,3.25,0.37,10.9,7,white
6.1,0.41,0.14,10.4,0.037000000000000005,18.0,119.0,0.996,3.38,0.45,10.0,5,white
5.9,0.21,0.28,4.6,0.053,40.0,199.0,0.9964,3.72,0.7,10.0,4,white
8.5,0.26,0.21,16.2,0.07400000000000001,41.0,197.0,0.998,3.02,0.5,9.8,3,white
6.9,0.4,0.56,11.2,0.043,40.0,142.0,0.9975,3.14,0.46,8.7,5,white
5.8,0.24,0.44,3.5,0.028999999999999998,5.0,109.0,0.9913,3.53,0.43,11.7,3,white
5.8,0.24,0.39,1.5,0.054000000000000006,37.0,158.0,0.9932,3.21,0.52,9.3,6,white
6.7,0.26,0.39,1.1,0.04,45.0,147.0,0.9935,3.32,0.58,9.6,8,white
6.3,0.35,0.3,5.7,0.035,8.0,97.0,0.9927,3.27,0.41,11.0,7,white
6.3,0.35,0.3,5.7,0.035,8.0,97.0,0.9927,3.27,0.41,11.0,7,white
6.4,0.23,0.39,1.8,0.032,23.0,118.0,0.9912,3.32,0.5,11.8,6,white
5.8,0.36,0.38,0.9,0.037000000000000005,3.0,75.0,0.9904,3.28,0.34,11.4,4,white
6.9,0.115,0.35,5.4,0.048,36.0,108.0,0.9939,3.32,0.42,10.2,6,white
6.9,0.29,0.4,19.45,0.043,36.0,156.0,0.9996,2.93,0.47,8.9,5,white
6.9,0.28,0.4,8.2,0.036000000000000004,15.0,95.0,0.9944,3.17,0.33,10.2,5,white
7.2,0.29,0.4,13.6,0.045,66.0,231.0,0.9977,3.08,0.59,9.6,6,white
6.2,0.24,0.35,1.2,0.038,22.0,167.0,0.9912,3.1,0.48,10.6,6,white
6.9,0.29,0.4,19.45,0.043,36.0,156.0,0.9996,2.93,0.47,8.9,5,white
6.9,0.32,0.26,8.3,0.053,32.0,180.0,0.9965,3.25,0.51,9.2,6,white
5.3,0.58,0.07,6.9,0.043,34.0,149.0,0.9944,3.34,0.57,9.7,5,white
5.3,0.585,0.07,7.1,0.044000000000000004,34.0,145.0,0.9945,3.34,0.57,9.7,6,white
5.4,0.59,0.07,7.0,0.045,36.0,147.0,0.9944,3.34,0.57,9.7,6,white
6.9,0.32,0.26,8.3,0.053,32.0,180.0,0.9965,3.25,0.51,9.2,6,white
5.2,0.6,0.07,7.0,0.044000000000000004,33.0,147.0,0.9944,3.33,0.58,9.7,5,white
5.8,0.25,0.26,13.1,0.051,44.0,148.0,0.9972,3.29,0.38,9.3,5,white
6.6,0.58,0.3,5.1,0.057,30.0,123.0,0.9949,3.24,0.38,9.0,5,white
7.0,0.29,0.54,10.7,0.046,59.0,234.0,0.9966,3.05,0.61,9.5,5,white
6.6,0.19,0.41,8.9,0.046,51.0,169.0,0.9954,3.14,0.57,9.8,6,white
6.7,0.2,0.41,9.1,0.044000000000000004,50.0,166.0,0.9954,3.14,0.58,9.8,6,white
7.7,0.26,0.4,1.1,0.042,9.0,60.0,0.9915,2.89,0.5,10.6,5,white
6.8,0.32,0.34,1.2,0.044000000000000004,14.0,67.0,0.9919,3.05,0.47,10.6,4,white
7.0,0.3,0.49,4.7,0.036000000000000004,17.0,105.0,0.9916,3.26,0.68,12.4,7,white
7.0,0.24,0.36,2.8,0.034,22.0,112.0,0.99,3.19,0.38,12.6,8,white
6.1,0.31,0.58,5.0,0.039,36.0,114.0,0.9909,3.3,0.6,12.3,8,white
6.8,0.44,0.37,5.1,0.047,46.0,201.0,0.9938,3.08,0.65,10.5,4,white
6.7,0.34,0.3,15.6,0.054000000000000006,51.0,196.0,0.9982,3.19,0.49,9.3,5,white
7.1,0.35,0.24,15.4,0.055,46.0,198.0,0.9988,3.12,0.49,8.8,5,white
7.3,0.32,0.25,7.2,0.055999999999999994,47.0,180.0,0.9961,3.08,0.47,8.8,5,white
6.5,0.28,0.33,15.7,0.053,51.0,190.0,0.9978,3.22,0.51,9.7,6,white
7.2,0.23,0.39,14.2,0.057999999999999996,49.0,192.0,0.9979,2.98,0.48,9.0,7,white
7.2,0.23,0.39,14.2,0.057999999999999996,49.0,192.0,0.9979,2.98,0.48,9.0,7,white
7.2,0.23,0.39,14.2,0.057999999999999996,49.0,192.0,0.9979,2.98,0.48,9.0,7,white
7.2,0.23,0.39,14.2,0.057999999999999996,49.0,192.0,0.9979,2.98,0.48,9.0,7,white
5.9,0.15,0.31,5.8,0.040999999999999995,53.0,155.0,0.9945,3.52,0.46,10.5,6,white
7.4,0.28,0.42,19.8,0.066,53.0,195.0,1.0,2.96,0.44,9.1,5,white
6.2,0.28,0.22,7.3,0.040999999999999995,26.0,157.0,0.9957,3.44,0.64,9.8,7,white
9.1,0.59,0.38,1.6,0.066,34.0,182.0,0.9968,3.23,0.38,8.5,3,white
6.3,0.33,0.27,1.2,0.046,34.0,175.0,0.9934,3.37,0.54,9.4,6,white
8.3,0.39,0.7,10.6,0.045,33.0,169.0,0.9976,3.09,0.57,9.4,5,white
7.2,0.19,0.46,3.8,0.040999999999999995,82.0,187.0,0.9932,3.19,0.6,11.2,7,white
7.5,0.17,0.44,11.3,0.046,65.0,146.0,0.997,3.17,0.45,10.0,6,white
6.7,0.17,0.5,2.1,0.043,27.0,122.0,0.9923,3.15,0.45,10.3,6,white
6.1,0.41,0.0,1.6,0.063,36.0,87.0,0.9914,3.27,0.67,10.8,6,white
8.3,0.2,0.35,0.9,0.05,12.0,74.0,0.992,3.13,0.38,10.5,6,white
6.1,0.41,0.0,1.6,0.063,36.0,87.0,0.9914,3.27,0.67,10.8,6,white
6.0,0.29,0.21,1.3,0.055,42.0,168.0,0.9914,3.32,0.43,11.1,6,white
7.3,0.41,0.24,6.8,0.057,41.0,163.0,0.9949,3.2,0.41,9.9,6,white
7.3,0.41,0.24,6.8,0.057,41.0,163.0,0.9949,3.2,0.41,9.9,6,white
7.2,0.43,0.24,6.7,0.057999999999999996,40.0,163.0,0.995,3.2,0.41,9.9,5,white
7.3,0.4,0.24,6.7,0.057999999999999996,41.0,166.0,0.995,3.2,0.41,9.9,6,white
6.2,0.33,0.27,4.9,0.036000000000000004,30.0,134.0,0.9927,3.2,0.42,10.4,7,white
6.2,0.31,0.26,4.8,0.037000000000000005,36.0,148.0,0.9928,3.21,0.41,10.4,6,white
6.1,0.36,0.27,2.1,0.035,16.0,100.0,0.9917,3.4,0.71,11.5,7,white
5.0,0.55,0.14,8.3,0.032,35.0,164.0,0.9918,3.53,0.51,12.5,8,white
7.8,0.25,0.41,3.7,0.042,37.0,149.0,0.9954,3.36,0.45,10.0,6,white
5.7,0.36,0.21,6.7,0.038,51.0,166.0,0.9941,3.29,0.63,10.0,6,white
5.8,0.34,0.21,6.6,0.04,50.0,167.0,0.9941,3.29,0.62,10.0,5,white
6.8,0.28,0.6,1.1,0.132,42.0,127.0,0.9934,3.09,0.44,9.1,6,white
6.8,0.25,0.34,4.7,0.031,34.0,134.0,0.9927,3.21,0.38,10.6,6,white
6.6,0.24,0.35,7.7,0.031,36.0,135.0,0.9938,3.19,0.37,10.5,5,white
5.9,0.3,0.47,7.85,0.03,19.0,133.0,0.9933,3.52,0.43,11.5,7,white
6.1,0.125,0.25,3.3,0.04,10.0,69.0,0.9934,3.54,0.59,10.1,6,white
6.0,0.1,0.24,1.1,0.040999999999999995,15.0,65.0,0.9927,3.61,0.61,10.3,7,white
6.6,0.24,0.35,7.7,0.031,36.0,135.0,0.9938,3.19,0.37,10.5,5,white
6.8,0.25,0.34,4.7,0.031,34.0,134.0,0.9927,3.21,0.38,10.6,6,white
6.8,0.28,0.44,9.3,0.031,35.0,137.0,0.9946,3.16,0.36,10.4,6,white
8.3,0.41,0.51,2.0,0.046,11.0,207.0,0.993,3.02,0.55,11.4,5,white
7.5,0.27,0.31,5.8,0.057,131.0,313.0,0.9946,3.18,0.59,10.5,5,white
7.9,0.26,0.41,15.15,0.04,38.0,216.0,0.9976,2.96,0.6,10.0,6,white
6.4,0.34,0.23,6.3,0.039,37.0,143.0,0.9944,3.19,0.65,10.0,6,white
6.5,0.28,0.35,15.4,0.042,55.0,195.0,0.9978,3.23,0.5,9.6,6,white
7.2,0.21,0.41,1.3,0.036000000000000004,33.0,85.0,0.992,3.17,0.51,10.4,5,white
6.4,0.32,0.35,4.8,0.03,34.0,101.0,0.9912,3.36,0.6,12.5,8,white
6.8,0.24,0.34,4.6,0.032,37.0,135.0,0.9927,3.2,0.39,10.6,5,white
6.3,0.23,0.3,1.8,0.033,16.0,91.0,0.9906,3.28,0.4,11.8,6,white
6.5,0.28,0.34,9.9,0.038,30.0,133.0,0.9954,3.11,0.44,9.8,5,white
5.6,0.26,0.26,5.7,0.031,12.0,80.0,0.9923,3.25,0.38,10.8,5,white
6.3,0.23,0.3,1.8,0.033,16.0,91.0,0.9906,3.28,0.4,11.8,6,white
6.3,0.23,0.33,1.5,0.036000000000000004,15.0,105.0,0.991,3.32,0.42,11.2,6,white
5.8,0.27,0.27,12.3,0.045,55.0,170.0,0.9972,3.28,0.42,9.3,6,white
5.9,0.26,0.4,1.3,0.047,12.0,139.0,0.9945,3.45,0.53,10.4,5,white
6.6,0.18,0.35,1.5,0.049,49.0,141.0,0.9934,3.43,0.85,10.2,7,white
7.4,0.2,0.43,7.8,0.045,27.0,153.0,0.9964,3.19,0.55,9.0,7,white
8.0,0.24,0.36,1.5,0.047,17.0,129.0,0.9948,3.2,0.54,10.0,6,white
6.4,0.26,0.42,9.7,0.044000000000000004,30.0,140.0,0.9962,3.18,0.47,9.1,6,white
5.4,0.31,0.47,3.0,0.053,46.0,144.0,0.9931,3.29,0.76,10.0,5,white
5.4,0.29,0.47,3.0,0.052000000000000005,47.0,145.0,0.993,3.29,0.75,10.0,6,white
7.1,0.145,0.33,4.6,0.05,33.0,131.0,0.9942,3.28,0.4,9.6,6,white
5.6,0.34,0.1,1.3,0.031,20.0,68.0,0.9906,3.36,0.51,11.2,7,white
6.7,0.19,0.41,15.6,0.055999999999999994,75.0,155.0,0.9995,3.2,0.44,8.8,6,white
7.8,0.18,0.46,13.6,0.052000000000000005,38.0,118.0,0.998,3.15,0.5,10.0,6,white
7.6,0.17,0.45,11.2,0.054000000000000006,56.0,137.0,0.997,3.15,0.47,10.0,5,white
6.3,0.12,0.36,2.1,0.044000000000000004,47.0,146.0,0.9914,3.27,0.74,11.4,7,white
7.3,0.33,0.4,6.85,0.038,32.0,138.0,0.992,3.03,0.3,11.9,7,white
5.5,0.335,0.3,2.5,0.071,27.0,128.0,0.9924,3.14,0.51,9.6,6,white
7.3,0.33,0.4,6.85,0.038,32.0,138.0,0.992,3.03,0.3,11.9,7,white
5.8,0.4,0.42,4.4,0.047,38.5,245.0,0.9937,3.25,0.57,9.6,6,white
7.3,0.22,0.37,14.3,0.063,48.0,191.0,0.9978,2.89,0.38,9.0,6,white
7.3,0.22,0.37,14.3,0.063,48.0,191.0,0.9978,2.89,0.38,9.0,6,white
6.1,0.36,0.33,1.1,0.05,24.0,169.0,0.9927,3.15,0.78,9.5,6,white
10.0,0.2,0.39,1.4,0.05,19.0,152.0,0.9940000000000001,3.0,0.42,10.4,6,white
6.9,0.24,0.34,4.7,0.04,43.0,161.0,0.9935,3.2,0.59,10.6,6,white
6.4,0.24,0.32,14.9,0.047,54.0,162.0,0.9968,3.28,0.5,10.2,6,white
7.1,0.365,0.14,1.2,0.055,24.0,84.0,0.9941,3.15,0.43,8.9,5,white
6.8,0.15,0.3,5.3,0.05,40.0,127.0,0.9942,3.4,0.39,9.7,6,white
7.3,0.22,0.37,14.3,0.063,48.0,191.0,0.9978,2.89,0.38,9.0,6,white
6.8,0.16,0.4,2.3,0.037000000000000005,18.0,102.0,0.9923,3.49,0.42,11.4,7,white
6.0,0.26,0.32,3.5,0.027999999999999997,29.0,113.0,0.9912,3.4,0.71,12.3,7,white
6.0,0.18,0.27,1.5,0.08900000000000001,40.0,143.0,0.9923,3.49,0.62,10.8,6,white
6.9,0.33,0.21,1.0,0.053,39.0,148.0,0.9927,3.12,0.45,9.4,6,white
7.7,0.29,0.48,2.3,0.049,36.0,178.0,0.9931,3.17,0.64,10.6,6,white
7.1,0.39,0.35,12.5,0.044000000000000004,26.0,72.0,0.9941,3.17,0.29,11.6,5,white
6.9,0.33,0.21,1.0,0.053,39.0,148.0,0.9927,3.12,0.45,9.4,6,white
7.7,0.29,0.48,2.3,0.049,36.0,178.0,0.9931,3.17,0.64,10.6,6,white
6.6,0.905,0.19,0.8,0.048,17.0,204.0,0.9934,3.34,0.56,10.0,5,white
7.2,0.27,0.27,2.4,0.048,30.0,149.0,0.9936,3.1,0.51,9.2,6,white
5.1,0.33,0.22,1.6,0.027000000000000003,18.0,89.0,0.9893,3.51,0.38,12.5,7,white
5.1,0.33,0.22,1.6,0.027000000000000003,18.0,89.0,0.9893,3.51,0.38,12.5,7,white
6.4,0.31,0.28,1.5,0.037000000000000005,12.0,119.0,0.9919,3.32,0.51,10.4,7,white
7.3,0.2,0.44,1.4,0.045,21.0,98.0,0.9924,3.15,0.46,10.0,7,white
5.7,0.32,0.5,2.6,0.049,17.0,155.0,0.9927,3.22,0.64,10.0,6,white
6.4,0.31,0.28,1.5,0.037000000000000005,12.0,119.0,0.9919,3.32,0.51,10.4,7,white
7.3,0.2,0.44,1.4,0.045,21.0,98.0,0.9924,3.15,0.46,10.0,7,white
7.2,0.28,0.26,12.5,0.046,48.0,179.0,0.9975,3.1,0.52,9.0,6,white
7.5,0.35,0.28,9.6,0.051,26.0,157.0,0.9969,3.12,0.53,9.2,6,white
7.2,0.27,0.27,2.4,0.048,30.0,149.0,0.9936,3.1,0.51,9.2,6,white
6.0,0.36,0.39,3.2,0.027000000000000003,20.0,125.0,0.991,3.38,0.39,11.3,7,white
5.1,0.33,0.22,1.6,0.027000000000000003,18.0,89.0,0.9893,3.51,0.38,12.5,7,white
5.0,0.17,0.56,1.5,0.026000000000000002,24.0,115.0,0.9906,3.48,0.39,10.8,7,white
6.3,0.39,0.35,5.9,0.04,82.5,260.0,0.9941,3.12,0.66,10.1,5,white
6.7,0.21,0.32,5.4,0.047,29.0,140.0,0.995,3.39,0.46,9.7,6,white
7.0,0.3,0.38,14.9,0.032,60.0,181.0,0.9983,3.18,0.61,9.3,7,white
7.0,0.3,0.38,14.9,0.032,60.0,181.0,0.9983,3.18,0.61,9.3,7,white
6.5,0.36,0.32,1.1,0.031,13.0,66.0,0.9916,3.1,0.46,10.6,5,white
6.1,0.55,0.15,9.8,0.031,19.0,125.0,0.9957,3.36,0.47,10.2,6,white
7.3,0.24,0.43,2.0,0.021,20.0,69.0,0.99,3.08,0.56,12.2,6,white
6.8,0.37,0.51,11.8,0.044000000000000004,62.0,163.0,0.9976,3.19,0.44,8.8,5,white
6.8,0.27,0.12,1.3,0.04,87.0,168.0,0.992,3.18,0.41,10.0,5,white
8.2,0.28,0.42,1.8,0.031,30.0,93.0,0.9917,3.09,0.39,11.4,5,white
6.3,0.2,0.4,1.5,0.037000000000000005,35.0,107.0,0.9917,3.46,0.5,11.4,6,white
5.9,0.26,0.27,18.2,0.048,52.0,168.0,0.9993,3.35,0.44,9.4,5,white
6.4,0.19,0.42,2.9,0.032,32.0,83.0,0.9908,3.3,0.41,11.7,6,white
6.3,0.2,0.4,1.5,0.037000000000000005,35.0,107.0,0.9917,3.46,0.5,11.4,6,white
6.8,0.37,0.51,11.8,0.044000000000000004,62.0,163.0,0.9976,3.19,0.44,8.8,5,white
6.1,0.35,0.07,1.4,0.069,22.0,108.0,0.9934,3.23,0.52,9.2,5,white
7.1,0.27,0.31,18.2,0.046,55.0,252.0,1.0,3.07,0.56,8.7,5,white
6.8,0.22,0.31,6.3,0.035,33.0,170.0,0.9918,3.24,0.66,12.6,6,white
6.8,0.27,0.12,1.3,0.04,87.0,168.0,0.992,3.18,0.41,10.0,5,white
5.8,0.28,0.34,4.0,0.031,40.0,99.0,0.9896,3.39,0.39,12.8,7,white
6.9,0.49,0.24,1.2,0.049,13.0,125.0,0.9932,3.17,0.51,9.4,5,white
6.3,0.14,0.39,1.2,0.044000000000000004,26.0,116.0,0.992,3.26,0.53,10.3,6,white
8.2,0.28,0.42,1.8,0.031,30.0,93.0,0.9917,3.09,0.39,11.4,5,white
7.2,0.25,0.39,18.95,0.038,42.0,155.0,0.9999,2.97,0.47,9.0,6,white
7.3,0.28,0.36,12.7,0.04,38.0,140.0,0.998,3.3,0.79,9.6,6,white
7.2,0.19,0.39,1.2,0.036000000000000004,32.0,85.0,0.9918,3.16,0.5,10.5,5,white
7.2,0.19,0.39,1.2,0.036000000000000004,32.0,85.0,0.9918,3.16,0.5,10.5,5,white
7.2,0.25,0.39,18.95,0.038,42.0,155.0,0.9999,2.97,0.47,9.0,6,white
7.3,0.28,0.36,12.7,0.04,38.0,140.0,0.998,3.3,0.79,9.6,6,white
7.4,0.21,0.27,1.2,0.040999999999999995,27.0,99.0,0.9927,3.19,0.33,9.8,6,white
6.8,0.26,0.22,7.7,0.047,57.0,210.0,0.9959,3.1,0.47,9.0,5,white
7.4,0.21,0.27,1.2,0.040999999999999995,27.0,99.0,0.9927,3.19,0.33,9.8,6,white
7.4,0.31,0.28,1.6,0.05,33.0,137.0,0.9929,3.31,0.56,10.5,6,white
7.0,0.22,0.31,2.7,0.03,41.0,136.0,0.9898,3.16,0.37,12.7,7,white
7.0,0.21,0.28,8.7,0.045,37.0,222.0,0.9954,3.25,0.54,10.4,6,white
7.0,0.21,0.28,8.6,0.045,37.0,221.0,0.9954,3.25,0.54,10.4,6,white
7.0,0.21,0.28,8.6,0.045,37.0,221.0,0.9954,3.25,0.54,10.4,6,white
6.9,0.23,0.38,8.3,0.047,47.0,162.0,0.9954,3.34,0.52,10.5,7,white
7.0,0.21,0.28,8.7,0.045,37.0,222.0,0.9954,3.25,0.54,10.4,6,white
7.0,0.21,0.28,8.6,0.045,37.0,221.0,0.9954,3.25,0.54,10.4,6,white
6.8,0.29,0.5,13.3,0.053,48.0,194.0,0.9974,3.09,0.45,9.4,5,white
7.8,0.21,0.27,1.2,0.051,20.0,89.0,0.9936,3.06,0.46,9.1,5,white
7.1,0.31,0.47,13.6,0.055999999999999994,54.0,197.0,0.9978,3.1,0.49,9.3,5,white
6.8,0.29,0.5,13.3,0.053,48.0,194.0,0.9974,3.09,0.45,9.4,5,white
6.4,0.34,0.1,1.1,0.048,19.0,84.0,0.9927,3.21,0.38,9.8,5,white
7.4,0.155,0.34,2.3,0.045,73.5,214.0,0.9934,3.18,0.61,9.9,7,white
7.2,0.55,0.09,1.5,0.10800000000000001,16.0,151.0,0.9938,3.07,0.57,9.2,4,white
7.0,0.23,0.36,7.1,0.027999999999999997,31.0,104.0,0.9922,3.35,0.47,12.1,8,white
6.9,0.2,0.37,6.2,0.027000000000000003,24.0,97.0,0.992,3.38,0.49,12.2,7,white
6.1,0.28,0.32,2.5,0.042,23.0,218.5,0.9935,3.27,0.6,9.8,5,white
6.6,0.16,0.32,1.4,0.035,49.0,186.0,0.9906,3.35,0.64,12.4,8,white
7.4,0.155,0.34,2.3,0.045,73.5,214.0,0.9934,3.18,0.61,9.9,7,white
6.2,0.35,0.04,1.2,0.06,23.0,108.0,0.9934,3.26,0.54,9.2,5,white
6.7,0.22,0.37,1.6,0.027999999999999997,24.0,102.0,0.9913,3.29,0.59,11.6,7,white
6.1,0.38,0.2,6.6,0.033,25.0,137.0,0.9938,3.3,0.69,10.4,6,white
6.0,0.25,0.28,2.2,0.026000000000000002,54.0,126.0,0.9898,3.43,0.65,12.9,8,white
6.6,0.52,0.44,12.2,0.048,54.0,245.0,0.9975,3.26,0.54,9.3,6,white
6.9,0.24,0.36,20.8,0.031,40.0,139.0,0.9975,3.2,0.33,11.0,6,white
7.1,0.32,0.32,11.0,0.038,16.0,66.0,0.9937,3.24,0.4,11.5,3,white
5.8,0.28,0.27,2.6,0.054000000000000006,30.0,156.0,0.9914,3.53,0.42,12.4,5,white
6.5,0.41,0.24,14.0,0.048,24.0,113.0,0.9982,3.44,0.53,9.8,6,white
6.5,0.41,0.24,14.0,0.048,24.0,113.0,0.9982,3.44,0.53,9.8,6,white
6.4,0.28,0.29,1.6,0.052000000000000005,34.0,127.0,0.9929,3.48,0.56,10.5,7,white
7.2,0.6,0.2,9.9,0.07,21.0,174.0,0.9971,3.03,0.54,9.1,5,white
6.1,0.2,0.25,1.2,0.038,34.0,128.0,0.9921,3.24,0.44,10.1,5,white
5.9,0.46,0.14,2.7,0.042,27.0,160.0,0.9931,3.46,0.51,10.6,7,white
6.0,0.27,0.27,1.6,0.046,32.0,113.0,0.9924,3.41,0.51,10.5,7,white
6.4,0.28,0.29,1.6,0.052000000000000005,34.0,127.0,0.9929,3.48,0.56,10.5,7,white
6.4,0.41,0.24,14.0,0.048,24.0,113.0,0.9982,3.44,0.53,9.8,6,white
6.3,0.23,0.31,1.5,0.022000000000000002,11.0,82.0,0.9892,3.3,0.4,12.9,7,white
7.1,0.21,0.27,8.6,0.055999999999999994,26.0,111.0,0.9956,2.95,0.52,9.5,5,white
6.0,0.37,0.32,1.0,0.053,31.0,218.5,0.9924,3.29,0.72,9.8,6,white
6.1,0.43,0.35,9.1,0.059000000000000004,83.0,249.0,0.9971,3.37,0.5,8.5,5,white
7.1,0.21,0.27,8.6,0.055999999999999994,26.0,111.0,0.9956,2.95,0.52,9.5,5,white
7.0,0.25,0.29,15.2,0.047,40.0,171.0,0.9982,3.22,0.45,9.3,5,white
5.9,0.25,0.19,12.4,0.047,50.0,162.0,0.9973,3.35,0.38,9.5,5,white
6.8,0.32,0.21,2.2,0.044000000000000004,15.0,68.0,0.9932,3.17,0.39,9.4,6,white
7.2,0.39,0.62,11.0,0.047,66.0,178.0,0.9976,3.16,0.5,8.7,5,white
6.3,0.21,0.58,10.0,0.081,34.0,126.0,0.9962,2.95,0.46,8.9,5,white
7.0,0.14,0.32,9.0,0.039,54.0,141.0,0.9956,3.22,0.43,9.4,6,white
6.8,0.32,0.21,2.2,0.044000000000000004,15.0,68.0,0.9932,3.17,0.39,9.4,6,white
7.2,0.39,0.62,11.0,0.047,66.0,178.0,0.9976,3.16,0.5,8.7,5,white
7.2,0.29,0.53,18.15,0.047,59.0,182.0,0.9992,3.09,0.52,9.6,5,white
8.6,0.37,0.7,12.15,0.039,21.0,158.0,0.9983,3.0,0.73,9.3,6,white
6.5,0.38,0.34,3.4,0.036000000000000004,34.0,200.0,0.9937,3.14,0.76,10.0,5,white
6.6,0.24,0.29,2.0,0.023,19.0,86.0,0.99,3.25,0.45,12.5,6,white
7.0,0.17,0.31,4.8,0.034,34.0,132.0,0.9944,3.36,0.48,9.6,7,white
5.5,0.16,0.22,4.5,0.03,30.0,102.0,0.9938,3.24,0.36,9.4,6,white
7.0,0.24,0.51,11.0,0.028999999999999998,55.0,227.0,0.9965,3.03,0.61,9.5,5,white
7.4,0.28,0.36,1.1,0.027999999999999997,42.0,105.0,0.9893,2.99,0.39,12.4,7,white
7.0,0.22,0.28,1.5,0.037000000000000005,29.0,115.0,0.9927,3.11,0.55,10.5,6,white
7.1,0.55,0.13,1.7,0.073,21.0,165.0,0.9940000000000001,2.97,0.58,9.2,6,white
6.3,0.22,0.33,1.7,0.040999999999999995,67.0,164.0,0.9928,3.32,0.56,10.4,6,white
6.7,0.47,0.34,8.9,0.043,31.0,172.0,0.9964,3.22,0.6,9.2,5,white
5.9,0.36,0.41,1.3,0.047,45.0,104.0,0.9917,3.33,0.51,10.6,6,white
5.8,0.25,0.24,13.3,0.044000000000000004,41.0,137.0,0.9972,3.34,0.42,9.5,5,white
6.7,0.47,0.34,8.9,0.043,31.0,172.0,0.9964,3.22,0.6,9.2,5,white
6.2,0.37,0.3,6.6,0.34600000000000003,79.0,200.0,0.9954,3.29,0.58,9.6,5,white
6.2,0.18,0.38,1.5,0.027999999999999997,36.0,117.0,0.993,3.47,0.54,9.7,6,white
6.0,0.16,0.37,1.5,0.025,43.0,117.0,0.9928,3.46,0.51,9.7,6,white
6.6,0.34,0.28,1.3,0.035,32.0,90.0,0.9916,3.1,0.42,10.7,6,white
7.4,0.29,0.29,1.6,0.045,53.0,180.0,0.9936,3.34,0.68,10.5,6,white
7.4,0.26,0.31,7.6,0.047,52.0,177.0,0.9962,3.13,0.45,8.9,6,white
7.0,0.28,0.36,1.0,0.035,8.0,70.0,0.9899,3.09,0.46,12.1,6,white
7.1,0.23,0.39,1.6,0.032,12.0,65.0,0.9898,3.25,0.4,12.7,7,white
7.8,0.19,0.26,8.9,0.039,42.0,182.0,0.996,3.18,0.46,9.9,6,white
6.3,0.19,0.28,1.8,0.022000000000000002,28.0,158.0,0.9907,3.2,0.64,11.4,6,white
6.8,0.2,0.38,4.7,0.04,27.0,103.0,0.9940000000000001,3.37,0.58,10.7,6,white
5.7,0.44,0.13,7.0,0.025,28.0,173.0,0.9913,3.33,0.48,12.5,6,white
7.2,0.4,0.62,10.8,0.040999999999999995,70.0,189.0,0.9976,3.08,0.49,8.6,4,white
6.8,0.23,0.32,1.6,0.026000000000000002,43.0,147.0,0.9904,3.29,0.54,12.5,6,white
5.7,0.335,0.34,1.0,0.04,13.0,174.0,0.992,3.27,0.66,10.0,5,white
7.2,0.4,0.62,10.8,0.040999999999999995,70.0,189.0,0.9976,3.08,0.49,8.6,4,white
7.2,0.28,0.54,16.7,0.045,54.0,200.0,0.9990000000000001,3.08,0.49,9.5,6,white
6.8,0.19,0.58,14.2,0.038,51.0,164.0,0.9975,3.12,0.48,9.6,6,white
6.4,0.3,0.3,2.25,0.038,8.0,210.0,0.9937,3.2,0.62,9.9,6,white
6.5,0.3,0.29,2.25,0.037000000000000005,8.0,210.0,0.9937,3.19,0.62,9.9,5,white
7.8,0.18,0.31,12.2,0.053,46.0,140.0,0.998,3.06,0.53,8.9,6,white
7.8,0.18,0.31,12.2,0.053,46.0,140.0,0.998,3.06,0.53,8.9,6,white
7.3,0.51,0.26,3.3,0.09,7.0,135.0,0.9944,3.01,0.52,8.8,5,white
6.0,0.24,0.27,1.9,0.048,40.0,170.0,0.9938,3.64,0.54,10.0,7,white
5.9,0.62,0.28,3.5,0.039,55.0,152.0,0.9907,3.44,0.44,12.0,6,white
6.0,0.24,0.27,1.9,0.048,40.0,170.0,0.9938,3.64,0.54,10.0,7,white
6.7,0.27,0.12,1.3,0.040999999999999995,62.0,138.0,0.9921,3.21,0.42,10.0,6,white
7.8,0.34,0.35,1.8,0.042,8.0,167.0,0.9908,3.11,0.41,12.1,6,white
7.3,0.26,0.36,5.2,0.04,31.0,141.0,0.9931,3.16,0.59,11.0,6,white
7.4,0.36,0.33,1.4,0.025,27.0,55.0,0.9915,3.21,0.33,11.2,6,white
7.8,0.28,0.32,9.0,0.036000000000000004,34.0,115.0,0.9952,3.17,0.39,10.3,7,white
6.1,0.31,0.26,2.2,0.051,28.0,167.0,0.9926,3.37,0.47,10.4,6,white
6.8,0.18,0.37,1.6,0.055,47.0,154.0,0.9934,3.08,0.45,9.1,5,white
7.4,0.15,0.42,1.7,0.045,49.0,154.0,0.992,3.0,0.6,10.4,6,white
5.9,0.13,0.28,1.9,0.05,20.0,78.0,0.9918,3.43,0.64,10.8,6,white
7.2,0.34,0.34,12.6,0.048,7.0,41.0,0.9942,3.19,0.4,11.7,5,white
7.9,0.19,0.26,2.1,0.039,8.0,143.0,0.9942,3.05,0.74,9.8,5,white
7.9,0.19,0.26,2.1,0.039,8.0,143.0,0.9942,3.05,0.74,9.8,5,white
6.9,0.25,0.4,1.3,0.038,22.0,101.0,0.9901,3.03,0.39,11.4,6,white
5.8,0.36,0.32,1.7,0.033,22.0,96.0,0.9898,3.03,0.38,11.2,6,white
5.6,0.35,0.37,1.0,0.038,6.0,72.0,0.9902,3.37,0.34,11.4,5,white
5.9,0.32,0.39,3.3,0.114,24.0,140.0,0.9934,3.09,0.45,9.2,6,white
7.2,0.31,0.46,5.0,0.04,3.0,29.0,0.9906,3.04,0.53,12.5,4,white
6.1,0.28,0.22,1.8,0.034,32.0,116.0,0.9898,3.36,0.44,12.6,6,white
5.2,0.36,0.02,1.6,0.031,24.0,104.0,0.9896,3.44,0.35,12.2,6,white
5.6,0.19,0.47,4.5,0.03,19.0,112.0,0.9922,3.56,0.45,11.2,6,white
6.4,0.1,0.35,4.9,0.048,31.0,103.0,0.9947,3.43,0.79,9.7,6,white
6.4,0.18,0.48,4.0,0.18600000000000003,64.0,150.0,0.9945,3.06,0.4,9.3,5,white
7.4,0.25,0.36,13.2,0.067,53.0,178.0,0.9976,3.01,0.48,9.0,6,white
7.4,0.25,0.36,13.2,0.067,53.0,178.0,0.9976,3.01,0.48,9.0,6,white
7.4,0.25,0.36,13.2,0.067,53.0,178.0,0.9976,3.01,0.48,9.0,6,white
7.9,0.345,0.51,15.3,0.047,54.0,171.0,0.9987,3.09,0.51,9.1,5,white
7.9,0.345,0.51,15.3,0.047,54.0,171.0,0.9987,3.09,0.51,9.1,5,white
7.4,0.25,0.36,13.2,0.067,53.0,178.0,0.9976,3.01,0.48,9.0,6,white
6.1,0.24,0.3,1.5,0.045,22.0,61.0,0.992,3.31,0.54,10.4,5,white
6.8,0.25,0.24,4.55,0.053,41.0,211.0,0.9955,3.37,0.67,9.5,6,white
6.7,0.31,0.31,9.9,0.04,10.0,175.0,0.9953,3.46,0.55,11.4,4,white
7.2,0.46,0.65,10.4,0.05,76.0,192.0,0.9976,3.16,0.42,8.7,5,white
5.5,0.35,0.35,1.1,0.045,14.0,167.0,0.992,3.34,0.68,9.9,6,white
6.7,0.24,0.41,8.7,0.036000000000000004,29.0,148.0,0.9952,3.22,0.62,9.9,6,white
6.8,0.28,0.17,13.9,0.047,49.0,162.0,0.9983,3.21,0.51,9.0,6,white
6.4,0.16,0.22,1.4,0.04,41.0,149.0,0.9933,3.49,0.58,10.0,6,white
6.3,0.26,0.24,7.2,0.039,38.0,172.0,0.9958,3.49,0.64,9.7,6,white
7.7,0.22,0.42,1.9,0.052000000000000005,10.0,87.0,0.9922,3.3,0.49,11.8,6,white
6.5,0.18,0.31,1.7,0.044000000000000004,30.0,127.0,0.9928,3.49,0.5,10.2,7,white
7.2,0.46,0.65,10.4,0.05,76.0,192.0,0.9976,3.16,0.42,8.7,5,white
7.0,0.3,0.51,13.6,0.05,40.0,168.0,0.9976,3.07,0.52,9.6,7,white
9.2,0.25,0.34,1.2,0.026000000000000002,31.0,93.0,0.9916,2.93,0.37,11.3,7,white
7.8,0.28,0.34,1.6,0.027999999999999997,32.0,118.0,0.9901,3.0,0.38,12.1,7,white
7.0,0.3,0.51,13.6,0.05,40.0,168.0,0.9976,3.07,0.52,9.6,7,white
7.8,0.28,0.34,1.6,0.027999999999999997,32.0,118.0,0.9901,3.0,0.38,12.1,7,white
9.2,0.25,0.34,1.2,0.026000000000000002,31.0,93.0,0.9916,2.93,0.37,11.3,7,white
8.4,0.35,0.71,12.2,0.046,22.0,160.0,0.9982,2.98,0.65,9.4,5,white
6.1,0.41,0.24,1.6,0.049,16.0,137.0,0.993,3.32,0.5,10.4,6,white
5.9,0.21,0.24,12.1,0.044000000000000004,53.0,165.0,0.9969,3.25,0.39,9.5,5,white
7.2,0.34,0.44,4.2,0.047,51.0,144.0,0.991,3.01,0.76,12.3,6,white
6.7,0.21,0.42,9.1,0.049,31.0,150.0,0.9953,3.12,0.74,9.9,7,white
5.9,0.37,0.1,1.6,0.057,39.0,128.0,0.9924,3.24,0.48,10.1,5,white
7.7,0.34,0.27,8.8,0.063,39.0,184.0,0.9969,3.09,0.63,9.2,6,white
7.4,0.3,0.22,1.4,0.046,16.0,135.0,0.9928,3.08,0.77,10.4,7,white
6.8,0.51,0.3,4.2,0.066,38.0,165.0,0.9945,3.2,0.42,9.1,5,white
7.8,0.22,0.38,10.3,0.059000000000000004,28.0,99.0,0.9967,3.12,0.47,10.0,6,white
7.2,0.35,0.34,12.4,0.051,6.0,37.0,0.9944,3.13,0.39,11.5,6,white
6.0,0.26,0.5,2.2,0.048,59.0,153.0,0.9928,3.08,0.61,9.8,5,white
6.1,0.26,0.51,2.2,0.05,61.0,154.0,0.9929,3.08,0.6,9.8,6,white
6.5,0.28,0.27,5.2,0.04,44.0,179.0,0.9948,3.19,0.69,9.4,6,white
7.4,0.41,0.66,10.8,0.051,77.0,194.0,0.9976,3.05,0.46,8.7,5,white
6.5,0.28,0.29,2.7,0.038,26.0,107.0,0.9912,3.32,0.41,11.6,7,white
6.7,0.34,0.54,16.3,0.047,44.0,181.0,0.9987,3.04,0.56,8.8,5,white
7.2,0.2,0.34,2.7,0.032,49.0,151.0,0.99,3.16,0.39,12.7,7,white
7.4,0.2,0.33,1.9,0.035,39.0,138.0,0.991,3.17,0.44,11.7,7,white
8.2,0.22,0.3,1.8,0.047,47.0,185.0,0.9933,3.13,0.5,10.2,6,white
8.2,0.23,0.29,1.8,0.047,47.0,187.0,0.9933,3.13,0.5,10.2,6,white
7.1,0.22,0.33,2.8,0.033,48.0,153.0,0.9899,3.15,0.38,12.7,7,white
6.5,0.28,0.29,2.7,0.038,26.0,107.0,0.9912,3.32,0.41,11.6,7,white
6.0,0.38,0.26,6.0,0.034,42.0,134.0,0.9912,3.38,0.38,12.3,7,white
7.4,0.41,0.66,10.8,0.051,77.0,194.0,0.9976,3.05,0.46,8.7,5,white
5.7,0.18,0.22,4.2,0.042,25.0,111.0,0.9940000000000001,3.35,0.39,9.4,5,white
7.3,0.3,0.22,6.4,0.055999999999999994,44.0,168.0,0.9947,3.13,0.35,10.1,6,white
7.4,0.24,0.22,10.7,0.042,26.0,81.0,0.9954,2.86,0.36,9.7,6,white
6.6,0.25,0.3,1.6,0.046,32.0,134.0,0.993,3.42,0.51,10.1,7,white
7.4,0.24,0.22,10.7,0.042,26.0,81.0,0.9954,2.86,0.36,9.7,6,white
7.4,0.26,0.3,7.9,0.049,38.0,157.0,0.9963,3.13,0.48,8.9,6,white
6.1,0.32,0.25,1.7,0.034,37.0,136.0,0.992,3.47,0.5,10.8,7,white
6.9,0.28,0.27,2.1,0.036000000000000004,42.0,121.0,0.9926,3.42,0.49,10.8,7,white
7.0,0.23,0.33,5.8,0.04,25.0,136.0,0.995,3.19,0.58,9.5,6,white
7.1,0.31,0.5,14.5,0.059000000000000004,6.0,148.0,0.9983,2.94,0.44,9.1,5,white
7.3,0.2,0.37,1.2,0.037000000000000005,48.0,119.0,0.992,3.32,0.49,10.9,6,white
6.9,0.41,0.33,10.1,0.043,28.0,152.0,0.9968,3.2,0.52,9.4,5,white
6.4,0.45,0.07,1.1,0.03,10.0,131.0,0.9905,2.97,0.28,10.8,5,white
6.4,0.475,0.06,1.0,0.03,9.0,131.0,0.9904,2.97,0.29,10.8,5,white
6.3,0.27,0.38,0.9,0.051,7.0,140.0,0.9926,3.45,0.5,10.5,7,white
6.9,0.41,0.33,10.1,0.043,28.0,152.0,0.9968,3.2,0.52,9.4,5,white
7.0,0.29,0.37,4.9,0.034,26.0,127.0,0.9928,3.17,0.44,10.8,6,white
5.9,0.27,0.29,11.4,0.036000000000000004,31.0,115.0,0.9949,3.35,0.48,10.5,8,white
6.9,0.19,0.4,1.4,0.036000000000000004,14.0,55.0,0.9909,3.08,0.68,11.5,7,white
6.7,0.3,0.35,1.4,0.18,36.0,160.0,0.9937,3.11,0.54,9.4,6,white
7.2,0.24,0.4,1.4,0.045,31.0,106.0,0.9914,2.88,0.38,10.8,6,white
6.4,0.45,0.07,1.1,0.03,10.0,131.0,0.9905,2.97,0.28,10.8,5,white
6.4,0.475,0.06,1.0,0.03,9.0,131.0,0.9904,2.97,0.29,10.8,5,white
6.3,0.26,0.49,1.5,0.052000000000000005,34.0,134.0,0.9924,2.99,0.61,9.8,6,white
6.3,0.26,0.49,1.5,0.052000000000000005,34.0,134.0,0.9924,2.99,0.61,9.8,6,white
7.3,0.25,0.29,7.5,0.049,38.0,158.0,0.9965,3.43,0.38,9.6,5,white
7.3,0.25,0.29,7.5,0.049,38.0,158.0,0.9965,3.43,0.38,9.6,5,white
6.1,0.28,0.25,17.75,0.044000000000000004,48.0,161.0,0.9993,3.34,0.48,9.5,5,white
7.4,0.37,0.35,5.7,0.061,12.0,94.0,0.9965,3.48,0.69,10.7,6,white
6.5,0.36,0.28,3.2,0.037000000000000005,29.0,119.0,0.9908,3.25,0.65,12.4,8,white
7.4,0.24,0.4,4.3,0.032,9.0,95.0,0.992,3.09,0.39,11.1,6,white
7.5,0.23,0.68,11.0,0.047,37.0,133.0,0.9978,2.99,0.38,8.8,5,white
7.5,0.21,0.68,10.9,0.045,38.0,133.0,0.9978,3.0,0.36,8.7,5,white
7.5,0.21,0.68,10.9,0.045,38.0,133.0,0.9978,3.0,0.36,8.7,5,white
7.5,0.23,0.68,11.0,0.047,37.0,133.0,0.9978,2.99,0.38,8.8,5,white
7.8,0.32,0.33,2.4,0.037000000000000005,18.0,101.0,0.9912,3.21,0.65,11.7,7,white
7.8,0.26,0.27,1.9,0.051,52.0,195.0,0.9928,3.23,0.5,10.9,6,white
7.7,0.24,0.27,1.8,0.051,52.0,190.0,0.9928,3.23,0.5,10.8,6,white
7.4,0.19,0.3,1.4,0.057,33.0,135.0,0.993,3.12,0.5,9.6,6,white
6.5,0.46,0.41,16.8,0.084,59.0,222.0,0.9993,3.18,0.58,9.0,5,white
6.5,0.26,0.43,8.9,0.083,50.0,171.0,0.9965,2.85,0.5,9.0,5,white
5.3,0.32,0.12,6.6,0.043,22.0,141.0,0.9937,3.36,0.6,10.4,6,white
7.2,0.24,0.34,1.1,0.045,3.0,64.0,0.9913,3.23,0.51,11.4,5,white
6.0,0.36,0.06,1.4,0.066,27.0,128.0,0.9934,3.26,0.55,9.3,5,white
6.2,0.24,0.29,13.3,0.039,49.0,130.0,0.9952,3.33,0.46,11.0,8,white
7.6,0.56,0.12,10.4,0.096,22.0,177.0,0.9983,3.32,0.45,9.1,4,white
7.0,0.32,0.24,6.2,0.048,31.0,228.0,0.9957,3.23,0.62,9.4,6,white
7.0,0.32,0.24,6.2,0.048,31.0,228.0,0.9957,3.23,0.62,9.4,6,white
5.8,0.31,0.33,1.2,0.036000000000000004,23.0,99.0,0.9916,3.18,0.6,10.5,6,white
7.0,0.23,0.42,18.05,0.05,35.0,144.0,0.9999,3.22,0.42,8.8,5,white
7.0,0.23,0.42,18.05,0.05,35.0,144.0,0.9999,3.22,0.42,8.8,5,white
6.9,0.24,0.33,4.8,0.04,16.0,131.0,0.9936,3.26,0.64,10.7,6,white
6.0,0.29,0.2,12.6,0.045,45.0,187.0,0.9972,3.33,0.42,9.5,5,white
6.1,0.17,0.28,4.5,0.033,46.0,150.0,0.9933,3.43,0.49,10.9,6,white
5.9,0.14,0.25,4.5,0.027000000000000003,34.0,140.0,0.9934,3.49,0.51,10.8,6,white
6.2,0.17,0.28,4.7,0.037000000000000005,39.0,133.0,0.9931,3.41,0.46,10.8,7,white
7.4,0.28,0.25,11.9,0.053,25.0,148.0,0.9976,3.1,0.62,9.2,5,white
5.6,0.35,0.14,5.0,0.046,48.0,198.0,0.9937,3.3,0.71,10.3,5,white
5.8,0.335,0.14,5.8,0.046,49.0,197.0,0.9937,3.3,0.71,10.3,5,white
5.6,0.235,0.29,1.2,0.047,33.0,127.0,0.991,3.34,0.5,11.0,7,white
6.1,0.28,0.25,12.9,0.054000000000000006,34.0,189.0,0.9979,3.25,0.43,9.0,4,white
6.3,0.21,0.33,13.9,0.046,68.0,179.0,0.9971,3.36,0.5,10.4,6,white
6.4,0.24,0.28,11.5,0.05,34.0,163.0,0.9969,3.31,0.45,9.5,5,white
6.4,0.24,0.29,11.4,0.051,32.0,166.0,0.9968,3.31,0.45,9.5,5,white
6.3,0.26,0.25,7.8,0.057999999999999996,44.0,166.0,0.9961,3.24,0.41,9.0,5,white
6.5,0.33,0.72,1.1,0.061,7.0,151.0,0.993,3.09,0.57,9.5,4,white
7.4,0.105,0.34,12.2,0.05,57.0,146.0,0.9973,3.16,0.37,9.0,6,white
6.0,0.32,0.12,5.9,0.040999999999999995,34.0,190.0,0.9944,3.16,0.72,10.0,5,white
7.1,0.26,0.34,14.4,0.067,35.0,189.0,0.9986,3.07,0.53,9.1,7,white
7.1,0.26,0.34,14.4,0.067,35.0,189.0,0.9986,3.07,0.53,9.1,7,white
7.1,0.26,0.34,14.4,0.067,35.0,189.0,0.9986,3.07,0.53,9.1,7,white
7.1,0.26,0.34,14.4,0.067,35.0,189.0,0.9986,3.07,0.53,9.1,7,white
5.9,0.24,0.26,12.3,0.053,34.0,134.0,0.9972,3.34,0.45,9.5,6,white
6.5,0.21,0.37,2.5,0.048,70.0,138.0,0.9917,3.33,0.75,11.4,7,white
7.7,0.27,0.35,5.3,0.03,30.0,117.0,0.992,3.11,0.42,12.2,6,white
9.0,0.27,0.35,4.9,0.027999999999999997,27.0,95.0,0.9932,3.04,0.4,11.3,6,white
7.3,0.34,0.21,3.2,0.05,14.0,136.0,0.9936,3.25,0.44,10.2,5,white
6.6,0.27,0.25,3.1,0.052000000000000005,41.0,188.0,0.9915,3.24,0.4,11.3,5,white
6.8,0.29,0.16,1.4,0.038,122.5,234.5,0.9922,3.15,0.47,10.0,4,white
7.1,0.28,0.26,1.9,0.049,12.0,86.0,0.9934,3.15,0.38,9.4,5,white
6.8,0.25,0.34,14.0,0.032,47.0,133.0,0.9952,3.37,0.5,12.2,7,white
7.0,0.57,0.1,8.3,0.094,23.0,188.0,0.9972,3.4,0.47,9.2,4,white
7.1,0.28,0.26,1.9,0.049,12.0,86.0,0.9934,3.15,0.38,9.4,5,white
7.1,0.17,0.38,7.4,0.052000000000000005,49.0,182.0,0.9958,3.35,0.52,9.6,6,white
7.8,0.28,0.22,1.4,0.055999999999999994,24.0,130.0,0.9944,3.28,0.48,9.5,5,white
6.8,0.22,0.37,1.7,0.036000000000000004,38.0,195.0,0.9908,3.35,0.72,12.5,6,white
7.1,0.17,0.38,7.4,0.052000000000000005,49.0,182.0,0.9958,3.35,0.52,9.6,6,white
6.1,0.14,0.25,1.3,0.047,37.0,173.0,0.9925,3.35,0.46,10.0,6,white
6.4,0.24,0.5,11.6,0.047,60.0,211.0,0.9966,3.18,0.57,9.3,5,white
7.8,0.42,0.26,9.2,0.057999999999999996,34.0,199.0,0.9972,3.14,0.55,9.3,6,white
6.6,0.28,0.36,1.7,0.038,22.0,101.0,0.9912,3.29,0.57,11.6,6,white
7.1,0.32,0.34,14.5,0.039,46.0,150.0,0.995,3.38,0.5,12.5,8,white
6.7,0.31,0.3,2.1,0.038,18.0,130.0,0.9928,3.36,0.63,10.6,6,white
6.4,0.32,0.5,10.7,0.047,57.0,206.0,0.9968,3.08,0.6,9.4,5,white
6.1,0.28,0.25,6.9,0.055999999999999994,44.0,201.0,0.9955,3.19,0.4,9.1,6,white
5.9,0.29,0.25,12.0,0.057,48.0,224.0,0.9981,3.23,0.41,9.0,6,white
5.8,0.32,0.38,4.75,0.033,23.0,94.0,0.991,3.42,0.42,11.8,7,white
5.8,0.32,0.38,4.75,0.033,23.0,94.0,0.991,3.42,0.42,11.8,7,white
5.7,0.32,0.38,4.75,0.033,23.0,94.0,0.991,3.42,0.42,11.8,7,white
6.7,0.28,0.14,1.4,0.043,64.0,159.0,0.992,3.17,0.39,10.0,5,white
6.8,0.34,0.69,1.3,0.057999999999999996,12.0,171.0,0.9931,3.06,0.47,9.7,5,white
5.9,0.25,0.25,11.3,0.052000000000000005,30.0,165.0,0.997,3.24,0.44,9.5,6,white
6.4,0.27,0.32,4.5,0.24,61.0,174.0,0.9948,3.12,0.48,9.4,5,white
8.1,0.46,0.31,1.7,0.052000000000000005,50.0,183.0,0.9923,3.03,0.42,11.2,5,white
6.2,0.36,0.26,13.2,0.051,54.0,201.0,0.9976,3.25,0.46,9.0,5,white
6.8,0.22,0.35,5.5,0.043,21.0,114.0,0.9938,3.3,0.53,10.7,7,white
6.8,0.67,0.3,13.0,0.29,22.0,193.0,0.9984,3.08,0.67,9.0,4,white
7.2,0.28,0.3,10.7,0.044000000000000004,61.0,222.0,0.9972,3.14,0.5,9.1,6,white
6.7,0.17,0.37,2.0,0.039,34.0,125.0,0.9922,3.26,0.6,10.8,7,white
6.9,0.2,0.34,1.9,0.043,25.0,136.0,0.9935,3.31,0.6,10.1,4,white
6.1,0.36,0.16,6.4,0.037000000000000005,36.0,198.0,0.9944,3.17,0.62,9.9,6,white
6.0,0.36,0.16,6.3,0.036000000000000004,36.0,191.0,0.9942,3.17,0.62,9.8,5,white
5.9,0.37,0.14,6.3,0.036000000000000004,34.0,185.0,0.9944,3.17,0.63,9.8,5,white
7.6,0.29,0.58,17.5,0.040999999999999995,51.0,225.0,0.9997,3.16,0.66,9.5,6,white
6.3,0.34,0.28,14.7,0.047,49.0,198.0,0.9977,3.23,0.46,9.5,5,white
6.7,0.19,0.34,1.0,0.022000000000000002,22.0,94.0,0.9912,3.23,0.57,11.1,6,white
7.5,0.31,0.51,14.8,0.039,62.0,204.0,0.9982,3.06,0.6,9.5,5,white
7.5,0.31,0.51,14.8,0.039,62.0,204.0,0.9982,3.06,0.6,9.5,5,white
7.4,0.31,0.48,14.2,0.042,62.0,204.0,0.9983,3.06,0.59,9.4,5,white
8.4,0.4,0.7,13.1,0.042,29.0,197.0,0.998,3.06,0.64,9.7,5,white
5.9,0.34,0.22,2.4,0.03,19.0,135.0,0.9894,3.41,0.78,13.9,7,white
6.6,0.38,0.18,1.2,0.042,20.0,84.0,0.9927,3.22,0.45,10.1,4,white
6.4,0.33,0.28,1.1,0.038,30.0,110.0,0.9917,3.12,0.42,10.5,6,white
5.6,0.25,0.26,3.6,0.037000000000000005,18.0,115.0,0.9904,3.42,0.5,12.6,6,white
8.6,0.27,0.46,6.1,0.032,13.0,41.0,0.993,2.89,0.34,10.9,5,white
6.2,0.31,0.21,6.3,0.040999999999999995,50.0,218.0,0.9941,3.15,0.6,10.0,5,white
7.2,0.18,0.45,4.4,0.046,57.0,166.0,0.9943,3.13,0.62,11.2,6,white
7.7,0.2,0.44,13.9,0.05,44.0,130.0,0.99855,3.11,0.48,10.0,6,white
6.2,0.47,0.21,1.0,0.044000000000000004,13.0,98.0,0.99345,3.14,0.46,9.2,5,white
6.1,0.25,0.24,12.1,0.046,51.0,172.0,0.998,3.35,0.45,9.5,5,white
8.2,0.27,0.43,1.6,0.035,31.0,128.0,0.9916,3.1,0.5,12.3,6,white
8.2,0.27,0.43,1.6,0.035,31.0,128.0,0.9916,3.1,0.5,12.3,6,white
6.4,0.31,0.39,7.5,0.04,57.0,213.0,0.99475,3.32,0.43,10.0,5,white
6.0,0.39,0.26,2.7,0.038,39.0,187.0,0.99325,3.41,0.5,10.8,6,white
6.2,0.21,0.27,1.7,0.038,41.0,150.0,0.9933,3.49,0.71,10.5,7,white
7.7,0.42,0.31,9.2,0.048,22.0,221.0,0.9969,3.06,0.61,9.2,6,white
7.0,0.27,0.41,18.75,0.042,34.0,157.0,1.0002,2.96,0.5,9.1,5,white
6.2,0.21,0.27,1.7,0.038,41.0,150.0,0.9933,3.49,0.71,10.5,7,white
7.4,0.29,0.5,1.8,0.042,35.0,127.0,0.9937,3.45,0.5,10.2,7,white
6.6,0.29,0.44,9.0,0.053,62.0,178.0,0.99685,3.02,0.45,8.9,5,white
6.0,0.3,0.44,1.5,0.046,15.0,182.0,0.99455,3.5,0.52,10.4,5,white
6.9,0.31,0.34,1.6,0.032,23.0,128.0,0.9917,3.37,0.47,11.7,6,white
6.6,0.33,0.31,1.3,0.02,29.0,89.0,0.99035,3.26,0.44,12.4,8,white
7.8,0.3,0.4,1.8,0.027999999999999997,23.0,122.0,0.9914,3.14,0.39,10.9,7,white
6.4,0.39,0.21,1.2,0.040999999999999995,35.0,136.0,0.99225,3.15,0.46,10.2,5,white
6.4,0.24,0.31,2.8,0.038,41.0,114.0,0.99155,3.37,0.66,11.7,7,white
7.0,0.21,0.34,8.0,0.057,19.0,101.0,0.9954,2.99,0.59,9.4,5,white
6.4,0.16,0.31,5.3,0.043,42.0,157.0,0.99455,3.35,0.47,10.5,5,white
6.0,0.33,0.27,0.8,0.185,12.0,188.0,0.9924,3.12,0.62,9.4,5,white
6.5,0.23,0.33,13.8,0.042,25.0,139.0,0.99695,3.35,0.56,10.4,6,white
6.2,0.25,0.48,10.0,0.044000000000000004,78.0,240.0,0.99655,3.25,0.47,9.5,6,white
8.8,0.28,0.45,6.0,0.022000000000000002,14.0,49.0,0.9934,3.01,0.33,11.1,7,white
6.6,0.25,0.3,14.4,0.052000000000000005,40.0,183.0,0.998,3.02,0.5,9.1,6,white
6.9,0.38,0.25,9.8,0.04,28.0,191.0,0.9971,3.28,0.61,9.2,5,white
6.4,0.25,0.3,5.5,0.038,15.0,129.0,0.9948,3.14,0.49,9.6,6,white
6.6,0.25,0.3,14.4,0.052000000000000005,40.0,183.0,0.998,3.02,0.5,9.1,6,white
6.9,0.38,0.25,9.8,0.04,28.0,191.0,0.9971,3.28,0.61,9.2,5,white
7.1,0.21,0.31,3.8,0.021,40.0,142.0,0.99215,3.17,0.39,10.8,7,white
6.4,0.25,0.3,5.5,0.038,15.0,129.0,0.9948,3.14,0.49,9.6,6,white
6.9,0.39,0.4,4.6,0.022000000000000002,5.0,19.0,0.9915,3.31,0.37,12.6,3,white
5.8,0.2,0.3,1.5,0.031,21.0,57.0,0.99115,3.44,0.55,11.0,6,white
7.0,0.2,0.37,2.0,0.03,26.0,136.0,0.9932,3.28,0.61,10.2,6,white
5.9,0.26,0.25,12.5,0.034,38.0,152.0,0.9977,3.33,0.43,9.4,5,white
7.4,0.38,0.27,7.5,0.040999999999999995,24.0,160.0,0.99535,3.17,0.43,10.0,5,white
7.4,0.2,1.66,2.1,0.022000000000000002,34.0,113.0,0.99165,3.26,0.55,12.2,6,white
7.0,0.21,0.34,8.5,0.033,31.0,253.0,0.9953,3.22,0.56,10.5,6,white
7.2,0.29,0.4,7.6,0.024,56.0,177.0,0.9928,3.04,0.32,11.5,6,white
6.9,0.18,0.38,8.1,0.049,44.0,176.0,0.9958,3.3,0.54,9.8,6,white
7.3,0.3,0.42,7.35,0.025,51.0,175.0,0.9928,3.04,0.32,11.4,6,white
7.2,0.29,0.4,7.6,0.024,56.0,177.0,0.9928,3.04,0.32,11.5,6,white
6.9,0.2,0.5,10.0,0.036000000000000004,78.0,167.0,0.9964,3.15,0.55,10.2,6,white
6.7,0.2,0.42,14.0,0.038,83.0,160.0,0.9987,3.16,0.5,9.4,6,white
7.0,0.21,0.34,8.5,0.033,31.0,253.0,0.9953,3.22,0.56,10.5,6,white
5.9,0.35,0.47,2.2,0.11,14.0,138.0,0.9932,3.09,0.5,9.1,5,white
7.1,0.28,0.44,1.8,0.032,32.0,107.0,0.9907,3.25,0.48,12.2,7,white
5.8,0.25,0.28,11.1,0.055999999999999994,45.0,175.0,0.99755,3.42,0.43,9.5,5,white
6.8,0.22,0.37,15.2,0.051,68.0,178.0,0.99935,3.4,0.85,9.3,6,white
7.1,0.14,0.4,1.2,0.051,55.0,136.0,0.9932,3.3,0.96,9.8,7,white
7.1,0.13,0.4,1.2,0.047,54.0,134.0,0.9932,3.3,0.97,9.8,7,white
6.9,0.18,0.38,8.1,0.049,44.0,176.0,0.9958,3.3,0.54,9.8,6,white
7.0,0.2,0.38,8.1,0.05,42.0,173.0,0.99585,3.3,0.54,9.8,6,white
6.8,0.24,0.49,19.3,0.057,55.0,247.0,1.00055,3.0,0.56,8.7,5,white
5.0,0.44,0.04,18.6,0.039,38.0,128.0,0.9985,3.37,0.57,10.2,6,white
6.3,0.3,0.28,5.0,0.042,36.0,168.0,0.99505,3.22,0.69,9.5,6,white
7.2,0.27,0.42,1.6,0.05,35.0,135.0,0.992,2.94,0.46,11.0,6,white
6.7,0.5,0.63,13.4,0.078,81.0,238.0,0.9988,3.08,0.44,9.2,5,white
6.8,0.2,0.36,1.6,0.027999999999999997,7.0,46.0,0.99175,3.21,0.6,10.9,6,white
6.7,0.11,0.34,8.8,0.043,41.0,113.0,0.9962,3.42,0.4,9.3,7,white
6.7,0.11,0.34,8.8,0.043,41.0,113.0,0.9962,3.42,0.4,9.3,7,white
6.8,0.12,0.31,5.2,0.045,29.0,120.0,0.9942,3.41,0.46,9.8,7,white
6.6,0.16,0.57,1.1,0.13,58.0,140.0,0.9927,3.12,0.39,9.3,7,white
6.6,0.21,0.6,1.1,0.135,61.0,144.0,0.9927,3.12,0.39,9.3,7,white
6.1,0.27,0.3,16.7,0.039,49.0,172.0,0.99985,3.4,0.45,9.4,5,white
9.1,0.27,0.45,10.6,0.035,28.0,124.0,0.997,3.2,0.46,10.4,9,white
6.4,0.225,0.48,2.2,0.115,29.0,104.0,0.9918,3.24,0.58,12.1,6,white
8.3,0.14,0.45,1.5,0.039,18.0,98.0,0.99215,3.02,0.56,11.0,6,white
7.2,0.23,0.19,13.7,0.052000000000000005,47.0,197.0,0.99865,3.12,0.53,9.0,5,white
6.9,0.22,0.37,15.0,0.053,59.0,178.0,0.9992,3.37,0.82,9.5,7,white
8.1,0.17,0.44,14.1,0.053,43.0,145.0,1.0006,3.28,0.75,8.8,8,white
6.0,0.395,0.0,1.4,0.042,7.0,55.0,0.99135,3.37,0.38,11.2,4,white
7.8,0.29,0.22,9.5,0.055999999999999994,44.0,213.0,0.99715,3.08,0.61,9.3,6,white
6.9,0.22,0.37,15.0,0.053,59.0,178.0,0.9992,3.37,0.82,9.5,7,white
8.1,0.17,0.44,14.1,0.053,43.0,145.0,1.0006,3.28,0.75,8.8,8,white
7.2,0.23,0.19,13.7,0.052000000000000005,47.0,197.0,0.99865,3.12,0.53,9.0,5,white
7.6,0.3,0.27,10.6,0.039,31.0,119.0,0.99815,3.27,0.3,9.3,6,white
7.7,0.34,0.28,11.0,0.04,31.0,117.0,0.99815,3.27,0.29,9.2,6,white
7.7,0.34,0.28,11.0,0.04,31.0,117.0,0.99815,3.27,0.29,9.2,6,white
5.8,0.34,0.16,7.0,0.037000000000000005,26.0,116.0,0.9949,3.46,0.45,10.0,7,white
7.6,0.3,0.27,10.6,0.039,31.0,119.0,0.99815,3.27,0.3,9.3,6,white
7.7,0.34,0.28,11.0,0.04,31.0,117.0,0.99815,3.27,0.29,9.2,6,white
5.9,0.24,0.3,2.0,0.033,28.0,92.0,0.99225,3.39,0.69,10.9,7,white
6.4,0.46,0.08,4.9,0.046,34.0,144.0,0.99445,3.1,0.56,10.0,5,white
5.9,0.24,0.3,2.0,0.033,28.0,92.0,0.99225,3.39,0.69,10.9,7,white
7.4,0.32,0.27,1.4,0.049,38.0,173.0,0.99335,3.03,0.52,9.3,5,white
7.2,0.31,0.26,7.3,0.05,37.0,157.0,0.99625,3.09,0.43,9.0,5,white
7.8,0.42,0.23,8.8,0.054000000000000006,42.0,215.0,0.9971,3.02,0.58,9.2,6,white
6.9,0.24,0.33,12.5,0.046,47.0,153.0,0.9983,3.28,0.77,9.6,6,white
5.4,0.18,0.24,4.8,0.040999999999999995,30.0,113.0,0.99445,3.42,0.4,9.4,6,white
6.0,0.18,0.31,1.4,0.036000000000000004,14.0,75.0,0.99085,3.34,0.58,11.1,8,white
7.8,0.27,0.58,11.2,0.036000000000000004,44.0,161.0,0.9977,3.06,0.41,8.9,6,white
6.0,0.28,0.49,6.8,0.048,61.0,222.0,0.9953,3.19,0.47,9.3,5,white
6.8,0.39,0.35,11.6,0.044000000000000004,57.0,220.0,0.99775,3.07,0.53,9.3,5,white
6.6,0.21,0.31,11.4,0.039,46.0,165.0,0.99795,3.41,0.44,9.8,7,white
7.3,0.32,0.34,6.6,0.032,24.0,112.0,0.99505,3.22,0.46,9.8,6,white
7.8,0.27,0.58,11.2,0.036000000000000004,44.0,161.0,0.9977,3.06,0.41,8.9,6,white
6.4,0.31,0.26,13.2,0.046,57.0,205.0,0.9975,3.17,0.41,9.6,5,white
6.2,0.29,0.26,13.1,0.046,55.0,204.0,0.99745,3.16,0.41,9.6,6,white
6.0,0.39,0.17,12.0,0.046,65.0,246.0,0.9976,3.15,0.38,9.0,6,white
6.2,0.3,0.26,13.4,0.046,57.0,206.0,0.99775,3.17,0.43,9.5,6,white
6.0,0.28,0.49,6.8,0.048,61.0,222.0,0.9953,3.19,0.47,9.3,5,white
6.0,0.41,0.05,1.5,0.063,17.0,120.0,0.9932,3.21,0.56,9.2,6,white
6.4,0.35,0.28,1.1,0.055,9.0,160.0,0.99405,3.42,0.5,9.1,7,white
6.5,0.26,0.32,16.5,0.045,44.0,166.0,1.0,3.38,0.46,9.5,6,white
7.9,0.35,0.24,15.6,0.07200000000000001,44.0,229.0,0.99785,3.03,0.59,10.5,6,white
6.2,0.3,0.17,2.8,0.04,24.0,125.0,0.9939,3.01,0.46,9.0,5,white
8.4,0.18,0.42,5.1,0.036000000000000004,7.0,77.0,0.9939,3.16,0.52,11.7,5,white
6.6,0.56,0.22,8.9,0.034,27.0,133.0,0.99675,3.2,0.51,9.1,5,white
6.2,0.3,0.17,2.8,0.04,24.0,125.0,0.9939,3.01,0.46,9.0,5,white
6.6,0.56,0.22,8.9,0.034,27.0,133.0,0.99675,3.2,0.51,9.1,5,white
6.6,0.36,0.29,1.6,0.021,24.0,85.0,0.98965,3.41,0.61,12.4,9,white
7.3,0.655,0.2,10.2,0.071,28.0,212.0,0.9971,2.96,0.58,9.2,6,white
6.8,0.18,0.21,5.4,0.053,34.0,104.0,0.99445,3.3,0.43,9.4,5,white
6.7,0.19,0.23,6.2,0.047,36.0,117.0,0.9945,3.34,0.43,9.6,6,white
8.4,0.18,0.42,5.1,0.036000000000000004,7.0,77.0,0.9939,3.16,0.52,11.7,5,white
7.0,0.21,0.37,7.2,0.042,36.0,167.0,0.9958,3.26,0.56,9.8,6,white
6.8,0.25,0.38,8.1,0.046,24.0,155.0,0.9956,3.33,0.59,10.2,6,white
7.4,0.24,0.36,2.0,0.031,27.0,139.0,0.99055,3.28,0.48,12.5,9,white
7.1,0.16,0.36,10.7,0.044000000000000004,20.0,90.0,0.9959,3.16,0.44,10.9,7,white
7.1,0.16,0.36,1.2,0.043,21.0,90.0,0.9925,3.16,0.42,11.0,7,white
7.3,0.205,0.31,1.7,0.06,34.0,110.0,0.9963,3.72,0.69,10.5,6,white
7.4,0.17,0.4,5.5,0.037000000000000005,34.0,161.0,0.9935,3.05,0.62,11.5,4,white
7.3,0.3,0.34,2.7,0.044000000000000004,34.0,108.0,0.99105,3.36,0.53,12.8,8,white
6.9,0.25,0.34,1.3,0.035,27.0,82.0,0.99045,3.18,0.44,12.2,6,white
7.3,0.205,0.31,1.7,0.06,34.0,110.0,0.9963,3.72,0.69,10.5,6,white
7.5,0.42,0.34,4.3,0.04,34.0,108.0,0.99155,3.14,0.45,12.8,8,white
7.3,0.25,0.36,2.1,0.034,30.0,177.0,0.99085,3.25,0.4,11.9,8,white
7.3,0.25,0.36,2.1,0.034,30.0,177.0,0.99085,3.25,0.4,11.9,8,white
7.3,0.25,0.36,2.1,0.034,30.0,177.0,0.99085,3.25,0.4,11.9,8,white
7.5,0.34,0.35,6.0,0.034,12.0,126.0,0.9924,3.16,0.39,12.0,7,white
7.6,0.33,0.35,6.3,0.036000000000000004,12.0,126.0,0.9924,3.16,0.39,12.0,7,white
8.7,0.23,0.32,13.4,0.044000000000000004,35.0,169.0,0.99975,3.12,0.47,8.8,7,white
8.7,0.23,0.32,13.4,0.044000000000000004,35.0,169.0,0.99975,3.12,0.47,8.8,7,white
6.9,0.19,0.35,1.7,0.036000000000000004,33.0,101.0,0.99315,3.21,0.54,10.8,7,white
7.3,0.21,0.29,1.6,0.034,29.0,118.0,0.9917,3.3,0.5,11.0,8,white
7.3,0.21,0.29,1.6,0.034,29.0,118.0,0.9917,3.3,0.5,11.0,8,white
6.6,0.22,0.37,15.4,0.035,62.0,153.0,0.99845,3.02,0.4,9.3,5,white
9.2,0.34,0.27,1.2,0.026000000000000002,17.0,73.0,0.9921,3.08,0.39,10.8,5,white
8.7,0.23,0.32,13.4,0.044000000000000004,35.0,169.0,0.99975,3.12,0.47,8.8,7,white
6.0,0.2,0.24,1.8,0.03,30.0,105.0,0.9909,3.31,0.47,11.5,6,white
6.9,0.19,0.35,1.7,0.036000000000000004,33.0,101.0,0.99315,3.21,0.54,10.8,7,white
8.2,0.38,0.49,13.6,0.042,58.0,166.0,0.99855,3.1,0.54,9.4,5,white
6.9,0.18,0.36,1.3,0.036000000000000004,40.0,117.0,0.9934,3.27,0.95,9.5,7,white
7.7,0.34,0.58,11.1,0.039,41.0,151.0,0.9978,3.06,0.49,8.6,5,white
6.9,0.18,0.36,1.3,0.036000000000000004,40.0,117.0,0.9934,3.27,0.95,9.5,7,white
7.4,0.2,0.35,2.1,0.038,30.0,116.0,0.9949,3.49,0.77,10.3,7,white
8.2,0.38,0.49,13.6,0.042,58.0,166.0,0.99855,3.1,0.54,9.4,5,white
8.2,0.4,0.48,13.7,0.042,59.0,169.0,0.9986,3.1,0.52,9.4,5,white
6.7,0.22,0.39,10.2,0.038,60.0,149.0,0.99725,3.17,0.54,10.0,7,white
6.6,0.3,0.3,4.8,0.17,60.0,166.0,0.9946,3.18,0.47,9.4,5,white
8.1,0.27,0.35,1.7,0.03,38.0,103.0,0.99255,3.22,0.63,10.4,8,white
7.3,0.25,0.42,14.2,0.040999999999999995,57.0,182.0,0.9996,3.29,0.75,9.1,7,white
4.8,0.34,0.0,6.5,0.027999999999999997,33.0,163.0,0.9939,3.36,0.61,9.9,6,white
6.2,0.28,0.33,1.7,0.028999999999999998,24.0,111.0,0.99,3.24,0.5,12.1,6,white
4.8,0.33,0.0,6.5,0.027999999999999997,34.0,163.0,0.9937,3.35,0.61,9.9,5,white
6.1,0.27,0.33,2.2,0.021,26.0,117.0,0.9886,3.12,0.3,12.5,6,white
6.9,0.18,0.36,1.3,0.036000000000000004,40.0,117.0,0.9934,3.27,0.95,9.5,7,white
7.8,0.18,0.46,12.6,0.042,41.0,143.0,1.0,3.24,0.76,8.5,8,white
7.3,0.28,0.42,14.4,0.04,49.0,173.0,0.9994,3.28,0.82,9.0,7,white
7.3,0.24,0.29,1.2,0.037000000000000005,37.0,97.0,0.9926,3.19,0.7,10.1,6,white
6.0,0.45,0.65,9.7,0.08,11.0,159.0,0.9956,3.04,0.48,9.4,5,white
7.7,0.34,0.58,11.1,0.039,41.0,151.0,0.9978,3.06,0.49,8.6,5,white
6.3,0.26,0.21,4.0,0.03,24.0,125.0,0.9915,3.06,0.34,10.7,6,white
10.3,0.17,0.47,1.4,0.037000000000000005,5.0,33.0,0.9939,2.89,0.28,9.6,3,white
7.7,0.15,0.29,1.3,0.028999999999999998,10.0,64.0,0.9932,3.35,0.39,10.1,5,white
7.1,0.21,0.32,2.2,0.037000000000000005,28.0,141.0,0.993,3.2,0.57,10.0,7,white
6.9,0.36,0.34,4.2,0.018000000000000002,57.0,119.0,0.9898,3.28,0.36,12.7,9,white
6.0,0.28,0.34,1.6,0.11900000000000001,33.0,104.0,0.9921,3.19,0.38,10.2,6,white
6.2,0.16,0.54,1.4,0.126,37.0,110.0,0.9932,3.23,0.37,8.9,6,white
6.9,0.12,0.36,2.2,0.037000000000000005,18.0,111.0,0.9919,3.41,0.82,11.9,8,white
7.1,0.21,0.32,2.2,0.037000000000000005,28.0,141.0,0.993,3.2,0.57,10.0,7,white
8.8,0.36,0.44,1.9,0.04,9.0,121.0,0.9953,3.19,0.48,9.9,6,white
7.4,0.26,0.43,6.0,0.022000000000000002,22.0,125.0,0.9928,3.13,0.55,11.5,6,white
7.4,0.26,0.43,6.0,0.022000000000000002,22.0,125.0,0.9928,3.13,0.55,11.5,6,white
6.8,0.23,0.29,12.2,0.035,38.0,236.0,0.9976,3.35,0.52,9.8,6,white
6.1,0.34,0.27,2.6,0.024,20.0,105.0,0.9906,3.4,0.67,12.2,7,white
7.3,0.26,0.31,1.6,0.04,39.0,173.0,0.9918,3.19,0.51,11.4,6,white
6.5,0.3,0.32,2.0,0.044000000000000004,34.0,90.0,0.99185,3.37,0.68,11.0,7,white
7.3,0.26,0.31,1.6,0.04,39.0,173.0,0.9918,3.19,0.51,11.4,6,white
6.5,0.3,0.32,2.0,0.044000000000000004,34.0,90.0,0.99185,3.37,0.68,11.0,7,white
5.0,0.31,0.0,6.4,0.046,43.0,166.0,0.9940000000000001,3.3,0.63,9.9,6,white
5.8,0.26,0.18,1.2,0.031,40.0,114.0,0.9908,3.42,0.4,11.0,7,white
5.9,0.26,0.3,1.0,0.036000000000000004,38.0,114.0,0.9928,3.58,0.48,9.4,5,white
7.0,0.31,0.29,1.4,0.037000000000000005,33.0,128.0,0.9896,3.12,0.36,12.2,7,white
5.8,0.26,0.18,1.2,0.031,40.0,114.0,0.9908,3.42,0.4,11.0,7,white
5.6,0.19,0.39,1.1,0.043,17.0,67.0,0.9918,3.23,0.53,10.3,6,white
6.8,0.18,0.28,8.7,0.047,52.0,242.0,0.9952,3.22,0.53,10.5,6,white
7.0,0.29,0.26,1.6,0.044000000000000004,12.0,87.0,0.9923,3.08,0.46,10.5,6,white
6.6,0.26,0.29,1.4,0.039,13.0,67.0,0.9915,3.05,0.49,10.9,6,white
6.8,0.18,0.28,8.5,0.047,52.0,242.0,0.9952,3.22,0.53,10.5,6,white
6.6,0.2,0.38,7.9,0.052000000000000005,30.0,145.0,0.9947,3.32,0.56,11.0,7,white
8.0,0.29,0.29,13.2,0.046,26.0,113.0,0.9983,3.25,0.37,9.7,6,white
6.1,0.28,0.35,12.8,0.048,63.0,229.0,0.9975,3.08,0.4,8.9,5,white
5.9,0.31,0.3,7.7,0.047,60.0,206.0,0.995,3.2,0.39,9.6,6,white
6.9,0.21,0.28,2.4,0.055999999999999994,49.0,159.0,0.9944,3.02,0.47,8.8,8,white
8.4,0.19,0.42,1.6,0.047,9.0,101.0,0.9940000000000001,3.06,0.65,11.1,4,white
8.3,0.27,0.45,1.3,0.048,8.0,72.0,0.9944,3.08,0.61,10.3,4,white
7.1,0.25,0.39,2.1,0.036000000000000004,30.0,124.0,0.9908,3.28,0.43,12.2,8,white
8.0,0.23,0.37,9.6,0.054000000000000006,23.0,159.0,0.99795,3.32,0.47,9.8,4,white
7.5,0.24,0.31,13.0,0.049,46.0,217.0,0.9985,3.08,0.53,8.8,5,white
6.3,0.33,0.2,5.8,0.04,24.0,144.0,0.99425,3.15,0.63,9.9,5,white
6.2,0.33,0.19,5.6,0.042,22.0,143.0,0.99425,3.15,0.63,9.9,5,white
6.3,0.34,0.19,5.8,0.040999999999999995,22.0,145.0,0.9943,3.15,0.63,9.9,5,white
5.8,0.29,0.05,0.8,0.038,11.0,30.0,0.9924,3.36,0.35,9.2,5,white
8.0,0.32,0.26,1.2,0.05,11.5,88.0,0.9946,3.24,0.37,9.5,4,white
5.6,0.29,0.05,0.8,0.038,11.0,30.0,0.9924,3.36,0.35,9.2,5,white
7.4,0.13,0.39,4.7,0.042,36.0,137.0,0.995,3.36,0.56,10.3,7,white
7.7,0.3,0.32,1.6,0.037000000000000005,23.0,124.0,0.9919,2.93,0.33,11.0,6,white
7.0,0.24,0.34,1.4,0.031,27.0,107.0,0.99,3.06,0.39,11.9,6,white
8.6,0.18,0.4,1.1,0.04,20.0,107.0,0.9923,2.94,0.32,10.2,7,white
7.0,0.11,0.32,4.6,0.057,59.0,144.0,0.9956,3.55,0.44,9.4,7,white
7.7,0.32,0.62,10.6,0.036000000000000004,56.0,153.0,0.9978,3.13,0.44,8.9,6,white
7.7,0.32,0.62,10.6,0.036000000000000004,56.0,153.0,0.9978,3.13,0.44,8.9,6,white
6.5,0.26,0.27,12.9,0.044000000000000004,69.0,215.0,0.9967,3.17,0.43,10.0,6,white
7.9,0.28,0.41,2.0,0.044000000000000004,50.0,152.0,0.9934,3.45,0.49,10.7,8,white
6.3,0.27,0.23,2.9,0.047,13.0,100.0,0.9936,3.28,0.43,9.8,5,white
5.4,0.595,0.1,2.8,0.042,26.0,80.0,0.9932,3.36,0.38,9.3,5,white
6.7,0.25,0.33,2.9,0.057,52.0,173.0,0.9934,3.02,0.48,9.5,7,white
6.5,0.25,0.35,12.0,0.055,47.0,179.0,0.998,3.58,0.47,10.0,5,white
6.1,0.36,0.58,15.0,0.044000000000000004,42.0,115.0,0.9978,3.15,0.51,9.0,5,white
7.7,0.17,0.52,5.9,0.017,21.0,84.0,0.9929,3.14,0.4,11.9,7,white
6.4,0.26,0.43,12.6,0.033,64.0,230.0,0.9974,3.08,0.38,8.9,5,white
6.5,0.26,0.28,12.5,0.046,80.0,225.0,0.99685,3.18,0.41,10.0,6,white
5.9,0.29,0.33,7.4,0.037000000000000005,58.0,205.0,0.99495,3.26,0.41,9.6,5,white
6.2,0.28,0.43,13.0,0.039,64.0,233.0,0.99745,3.08,0.38,8.9,5,white
6.1,0.27,0.44,6.7,0.040999999999999995,61.0,230.0,0.99505,3.12,0.4,8.9,5,white
6.4,0.43,0.32,1.4,0.048,10.0,67.0,0.992,3.08,0.41,11.4,5,white
6.1,0.36,0.58,15.0,0.044000000000000004,42.0,115.0,0.9978,3.15,0.51,9.0,5,white
6.2,0.35,0.29,7.3,0.044000000000000004,56.0,244.0,0.9956,3.36,0.55,10.0,6,white
7.7,0.24,0.29,15.3,0.044000000000000004,39.0,194.0,0.9982,3.06,0.47,9.6,7,white
6.2,0.34,0.28,7.5,0.034,40.0,197.0,0.99485,3.14,0.6,9.7,5,white
6.3,0.27,0.46,11.75,0.037000000000000005,61.0,212.0,0.9971,3.25,0.53,9.5,6,white
5.4,0.415,0.19,1.6,0.039,27.0,88.0,0.99265,3.54,0.41,10.0,7,white
6.9,0.48,0.36,3.5,0.03,31.0,135.0,0.9904,3.14,0.38,12.2,7,white
6.5,0.18,0.33,8.0,0.051,16.0,131.0,0.9965,3.28,0.44,8.7,7,white
6.7,0.15,0.29,5.0,0.057999999999999996,28.0,105.0,0.9946,3.52,0.44,10.2,7,white
8.2,0.345,1.0,18.2,0.047,55.0,205.0,0.99965,2.96,0.43,9.6,5,white
8.5,0.16,0.35,1.6,0.039,24.0,147.0,0.9935,2.96,0.36,10.0,5,white
6.8,0.705,0.25,3.2,0.048,10.0,57.0,0.996,3.36,0.52,9.5,4,white
7.3,0.25,0.39,6.4,0.034,8.0,84.0,0.9942,3.18,0.46,11.5,5,white
7.6,0.345,0.26,1.9,0.043,15.0,134.0,0.9936,3.08,0.38,9.5,5,white
7.6,0.22,0.34,9.7,0.035,26.0,143.0,0.9965,3.08,0.49,9.8,6,white
6.5,0.17,0.33,1.4,0.027999999999999997,14.0,99.0,0.9928,3.23,0.55,10.1,6,white
8.2,0.23,0.37,1.3,0.042,39.0,117.0,0.9928,2.99,0.36,10.0,5,white
7.6,0.22,0.34,9.7,0.035,26.0,143.0,0.9965,3.08,0.49,9.8,6,white
7.6,0.345,0.26,1.9,0.043,15.0,134.0,0.9936,3.08,0.38,9.5,5,white
7.5,0.32,0.26,1.8,0.042,13.0,133.0,0.9938,3.07,0.38,9.5,5,white
6.6,0.23,0.32,0.9,0.040999999999999995,25.0,79.0,0.9926,3.39,0.54,10.2,7,white
6.6,0.2,0.32,1.1,0.039,25.0,78.0,0.9926,3.39,0.54,10.2,7,white
7.3,0.24,0.34,15.4,0.05,38.0,174.0,0.9983,3.03,0.42,9.0,6,white
7.3,0.24,0.34,15.4,0.05,38.0,174.0,0.9983,3.03,0.42,9.0,6,white
8.0,0.42,0.36,5.0,0.037000000000000005,34.0,101.0,0.992,3.13,0.57,12.3,7,white
7.3,0.24,0.34,15.4,0.05,38.0,174.0,0.9983,3.03,0.42,9.0,6,white
6.1,0.19,0.25,4.0,0.023,23.0,112.0,0.9923,3.37,0.51,11.6,6,white
5.9,0.26,0.21,12.5,0.034,36.0,152.0,0.9972,3.28,0.43,9.5,6,white
8.3,0.23,0.43,3.2,0.035,14.0,101.0,0.9928,3.15,0.36,11.5,5,white
6.5,0.34,0.28,1.8,0.040999999999999995,43.0,188.0,0.9928,3.13,0.37,9.6,6,white
6.8,0.22,0.35,17.5,0.039,38.0,153.0,0.9994,3.24,0.42,9.0,6,white
6.5,0.08,0.33,1.9,0.027999999999999997,23.0,93.0,0.991,3.34,0.7,12.0,7,white
5.5,0.42,0.09,1.6,0.019,18.0,68.0,0.9906,3.33,0.51,11.4,7,white
5.1,0.42,0.01,1.5,0.017,25.0,102.0,0.9894,3.38,0.36,12.3,7,white
6.0,0.27,0.19,1.7,0.02,24.0,110.0,0.9898,3.32,0.47,12.6,7,white
6.8,0.22,0.35,17.5,0.039,38.0,153.0,0.9994,3.24,0.42,9.0,6,white
6.5,0.08,0.33,1.9,0.027999999999999997,23.0,93.0,0.991,3.34,0.7,12.0,7,white
7.1,0.13,0.38,1.8,0.046,14.0,114.0,0.9925,3.32,0.9,11.7,6,white
7.6,0.3,0.25,4.3,0.054000000000000006,22.0,111.0,0.9956,3.12,0.49,9.2,5,white
6.6,0.13,0.3,4.9,0.057999999999999996,47.0,131.0,0.9946,3.51,0.45,10.3,6,white
6.5,0.14,0.33,7.6,0.05,53.0,189.0,0.9966,3.25,0.49,8.6,5,white
7.7,0.28,0.33,6.7,0.037000000000000005,32.0,155.0,0.9951,3.39,0.62,10.7,7,white
6.0,0.2,0.71,1.6,0.15,10.0,54.0,0.9927,3.12,0.47,9.8,5,white
6.0,0.19,0.71,1.5,0.152,9.0,55.0,0.9927,3.12,0.46,9.8,6,white
7.7,0.28,0.33,6.7,0.037000000000000005,32.0,155.0,0.9951,3.39,0.62,10.7,7,white
5.1,0.39,0.21,1.7,0.027000000000000003,15.0,72.0,0.9894,3.5,0.45,12.5,6,white
5.7,0.36,0.34,4.2,0.026000000000000002,21.0,77.0,0.9907,3.41,0.45,11.9,6,white
6.9,0.19,0.33,1.6,0.043,63.0,149.0,0.9925,3.44,0.52,10.8,5,white
6.0,0.41,0.21,1.9,0.05,29.0,122.0,0.9928,3.42,0.52,10.5,6,white
7.4,0.28,0.3,5.3,0.054000000000000006,44.0,161.0,0.9941,3.12,0.48,10.3,6,white
7.4,0.3,0.3,5.2,0.053,45.0,163.0,0.9941,3.12,0.45,10.3,6,white
6.9,0.19,0.33,1.6,0.043,63.0,149.0,0.9925,3.44,0.52,10.8,5,white
7.7,0.28,0.39,8.9,0.036000000000000004,8.0,117.0,0.9935,3.06,0.38,12.0,7,white
8.6,0.16,0.38,3.4,0.04,41.0,143.0,0.9932,2.95,0.39,10.2,6,white
8.2,0.26,0.44,1.3,0.046,7.0,69.0,0.9944,3.14,0.62,10.2,4,white
6.5,0.25,0.27,15.2,0.049,75.0,217.0,0.9972,3.19,0.39,9.9,5,white
7.0,0.24,0.18,1.3,0.046,9.0,62.0,0.9940000000000001,3.38,0.47,10.1,4,white
8.6,0.18,0.36,1.8,0.04,24.0,187.0,0.9956,3.25,0.55,9.5,6,white
7.8,0.27,0.34,1.6,0.046,27.0,154.0,0.9927,3.05,0.45,10.5,6,white
6.0,0.26,0.34,1.3,0.046,6.0,29.0,0.9924,3.29,0.63,10.4,5,white
6.1,0.24,0.27,9.8,0.062,33.0,152.0,0.9966,3.31,0.47,9.5,6,white
8.0,0.24,0.3,17.45,0.055999999999999994,43.0,184.0,0.9997,3.05,0.5,9.2,6,white
7.6,0.21,0.6,2.1,0.046,47.0,165.0,0.9936,3.05,0.54,10.1,7,white
8.0,0.19,0.36,1.8,0.05,16.0,84.0,0.9936,3.15,0.45,9.8,7,white
6.4,0.28,0.41,6.8,0.045,61.0,216.0,0.9952,3.09,0.46,9.4,5,white
6.4,0.28,0.43,7.1,0.045,60.0,221.0,0.9952,3.09,0.45,9.4,6,white
6.9,0.24,0.39,1.3,0.063,18.0,136.0,0.9928,3.31,0.48,10.4,7,white
5.8,0.36,0.26,3.3,0.038,40.0,153.0,0.9911,3.34,0.55,11.3,6,white
6.6,0.18,0.28,3.3,0.044000000000000004,18.0,91.0,0.993,3.42,0.64,10.8,6,white
5.8,0.36,0.26,3.3,0.038,40.0,153.0,0.9911,3.34,0.55,11.3,6,white
5.1,0.52,0.06,2.7,0.052000000000000005,30.0,79.0,0.9932,3.32,0.43,9.3,5,white
6.6,0.22,0.37,1.2,0.059000000000000004,45.0,199.0,0.993,3.37,0.55,10.3,7,white
8.3,0.15,0.39,1.3,0.055,32.0,146.0,0.993,3.08,0.39,10.5,6,white
7.6,0.16,0.44,1.4,0.043,25.0,109.0,0.9932,3.11,0.75,10.3,6,white
7.7,0.16,0.41,1.7,0.048,60.0,173.0,0.9932,3.24,0.66,11.2,7,white
8.3,0.16,0.48,1.7,0.057,31.0,98.0,0.9943,3.15,0.41,10.3,6,white
6.2,0.25,0.47,11.6,0.048,62.0,210.0,0.9968,3.19,0.5,9.5,5,white
6.1,0.16,0.27,12.6,0.064,63.0,162.0,0.9994,3.66,0.43,8.9,5,white
7.6,0.39,0.22,2.8,0.036000000000000004,19.0,113.0,0.9926,3.03,0.29,10.2,5,white
6.8,0.37,0.47,11.2,0.071,44.0,136.0,0.9968,2.98,0.88,9.2,5,white
7.6,0.16,0.44,1.4,0.043,25.0,109.0,0.9932,3.11,0.75,10.3,6,white
7.1,0.18,0.42,1.4,0.045,47.0,157.0,0.9916,2.95,0.31,10.5,6,white
8.3,0.14,0.26,1.5,0.049,56.0,189.0,0.9946,3.21,0.62,9.5,6,white
8.6,0.2,0.42,1.5,0.040999999999999995,35.0,125.0,0.9925,3.11,0.49,11.4,7,white
8.6,0.2,0.42,1.5,0.040999999999999995,35.0,125.0,0.9925,3.11,0.49,11.4,7,white
6.8,0.19,0.32,7.05,0.019,54.0,188.0,0.9935,3.25,0.37,11.1,8,white
7.6,0.19,0.38,10.6,0.06,48.0,174.0,0.9962,3.13,0.38,10.5,6,white
6.8,0.34,0.74,2.8,0.08800000000000001,23.0,185.0,0.9928,3.51,0.7,12.0,6,white
6.2,0.15,0.46,1.6,0.039,38.0,123.0,0.993,3.38,0.51,9.7,6,white
6.6,0.14,0.44,1.6,0.042,47.0,140.0,0.993,3.32,0.51,10.2,6,white
8.0,0.55,0.17,8.2,0.04,13.0,60.0,0.9956,3.09,0.3,9.5,4,white
7.0,0.24,0.35,1.5,0.052000000000000005,51.0,128.0,0.9941,3.41,0.59,10.4,7,white
6.3,0.6,0.44,11.0,0.05,50.0,245.0,0.9972,3.19,0.57,9.3,4,white
7.1,0.2,0.41,2.1,0.054000000000000006,24.0,166.0,0.9948,3.48,0.62,10.5,6,white
6.2,0.34,0.29,7.6,0.047,45.0,232.0,0.9955,3.35,0.62,10.0,6,white
7.1,0.3,0.36,6.8,0.055,44.5,234.0,0.9972,3.49,0.64,10.2,6,white
7.1,0.3,0.36,6.8,0.055,44.5,234.0,0.9972,3.49,0.64,10.2,6,white
7.9,0.64,0.46,10.6,0.244,33.0,227.0,0.9983,2.87,0.74,9.1,3,white
8.8,0.17,0.38,1.8,0.04,39.0,148.0,0.9942,3.16,0.67,10.2,6,white
7.5,0.17,0.37,1.5,0.06,18.0,75.0,0.9936,3.54,0.88,10.7,5,white
7.1,0.47,0.24,6.0,0.044000000000000004,11.0,77.0,0.9956,3.21,0.56,9.7,5,white
7.1,0.15,0.34,5.3,0.034,33.0,104.0,0.9953,3.37,0.52,9.3,7,white
7.5,0.17,0.34,1.4,0.035,13.0,102.0,0.9918,3.05,0.74,11.0,5,white
8.2,0.68,0.3,2.1,0.047,17.0,138.0,0.995,3.22,0.71,10.8,4,white
7.7,0.275,0.3,1.0,0.039,19.0,75.0,0.992,3.01,0.56,10.7,5,white
7.3,0.49,0.32,5.2,0.043,18.0,104.0,0.9952,3.24,0.45,10.7,4,white
7.5,0.33,0.48,19.45,0.048,55.0,243.0,1.001,2.95,0.4,8.8,5,white
7.2,0.21,0.37,1.6,0.049,23.0,94.0,0.9924,3.16,0.48,10.9,7,white
7.3,0.15,0.4,2.0,0.05,24.0,92.0,0.9932,3.14,0.45,10.5,5,white
6.5,0.19,0.1,1.3,0.046,23.0,107.0,0.9937,3.29,0.45,10.0,5,white
7.0,0.31,0.52,1.7,0.028999999999999998,5.0,61.0,0.9918,3.07,0.43,10.4,5,white
8.3,0.4,0.38,1.1,0.038,15.0,75.0,0.9934,3.03,0.43,9.2,5,white
6.1,0.37,0.36,4.7,0.035,36.0,116.0,0.991,3.31,0.62,12.6,6,white
7.3,0.24,0.34,7.5,0.048,29.0,152.0,0.9962,3.1,0.54,9.0,5,white
6.9,0.21,0.81,1.1,0.13699999999999998,52.0,123.0,0.9932,3.03,0.39,9.2,6,white
7.6,0.29,0.42,1.3,0.035,18.0,86.0,0.9908,2.99,0.39,11.3,5,white
9.4,0.29,0.55,2.2,0.05,17.0,119.0,0.9962,3.12,0.69,10.3,4,white
7.0,0.31,0.52,1.7,0.028999999999999998,5.0,61.0,0.9918,3.07,0.43,10.4,5,white
8.6,0.26,0.41,2.2,0.049,29.0,111.0,0.9941,2.96,0.44,10.0,5,white
7.5,0.21,0.34,1.2,0.06,26.0,111.0,0.9931,3.51,0.47,10.7,6,white
7.2,0.51,0.24,10.0,0.09300000000000001,35.0,197.0,0.9981,3.41,0.47,9.0,5,white
7.5,0.21,0.34,1.2,0.06,26.0,111.0,0.9931,3.51,0.47,10.7,6,white
5.3,0.3,0.2,1.1,0.077,48.0,166.0,0.9944,3.3,0.54,8.7,4,white
8.0,0.26,0.36,2.0,0.054000000000000006,30.0,121.0,0.992,3.09,0.72,11.6,7,white
7.0,0.21,0.28,7.5,0.07,45.0,185.0,0.9966,3.34,0.55,9.4,5,white
6.7,0.26,0.26,4.0,0.079,35.5,216.0,0.9956,3.31,0.68,9.5,5,white
6.7,0.26,0.26,4.1,0.073,36.0,202.0,0.9956,3.3,0.67,9.5,5,white
8.1,0.26,0.37,1.9,0.07200000000000001,48.0,159.0,0.9949,3.37,0.7,10.9,6,white
8.3,0.22,0.38,14.8,0.054000000000000006,32.0,126.0,1.0002,3.22,0.5,9.7,5,white
6.4,0.3,0.51,5.5,0.048,62.0,172.0,0.9942,3.08,0.45,9.1,6,white
7.5,0.19,0.34,2.6,0.037000000000000005,33.0,125.0,0.9923,3.1,0.49,11.1,7,white
8.8,0.33,0.44,6.35,0.024,9.0,87.0,0.9917,2.96,0.4,12.6,7,white
6.9,0.2,0.36,1.5,0.031,38.0,147.0,0.9931,3.35,0.56,11.0,6,white
8.0,0.37,0.32,1.6,0.04,32.0,166.0,0.992,3.0,0.55,11.3,7,white
8.3,0.22,0.38,14.8,0.054000000000000006,32.0,126.0,1.0002,3.22,0.5,9.7,5,white
8.2,0.29,0.33,9.1,0.036000000000000004,28.0,118.0,0.9953,2.96,0.4,10.9,7,white
7.7,0.34,0.3,8.0,0.048,25.0,192.0,0.9951,2.97,0.47,10.9,5,white
6.2,0.55,0.45,12.0,0.049,27.0,186.0,0.9974,3.17,0.5,9.3,6,white
6.4,0.4,0.19,3.2,0.033,28.0,124.0,0.9904,3.22,0.54,12.7,7,white
7.5,0.28,0.33,7.7,0.048,42.0,180.0,0.9974,3.37,0.59,10.1,6,white
7.8,0.26,0.44,1.3,0.037000000000000005,43.0,132.0,0.9944,3.18,0.65,10.0,5,white
6.5,0.26,0.34,16.3,0.051,56.0,197.0,1.0004,3.49,0.42,9.8,5,white
6.3,0.34,0.29,6.2,0.046,29.0,227.0,0.9952,3.29,0.53,10.1,6,white
6.8,0.15,0.33,4.7,0.059000000000000004,31.0,118.0,0.9956,3.43,0.39,9.0,7,white
6.3,0.27,0.25,5.8,0.038,52.0,155.0,0.995,3.28,0.38,9.4,6,white
6.3,0.27,0.25,5.8,0.038,52.0,155.0,0.995,3.28,0.38,9.4,6,white
7.4,0.2,0.37,16.95,0.048,43.0,190.0,0.9995,3.03,0.42,9.2,6,white
6.3,0.23,0.21,5.1,0.035,29.0,142.0,0.9942,3.36,0.33,10.1,7,white
7.3,0.31,0.69,10.2,0.040999999999999995,58.0,160.0,0.9977,3.06,0.45,8.6,5,white
5.2,0.24,0.45,3.8,0.027000000000000003,21.0,128.0,0.992,3.55,0.49,11.2,8,white
7.0,0.24,0.32,1.3,0.037000000000000005,39.0,123.0,0.992,3.17,0.42,11.2,8,white
7.4,0.2,0.37,16.95,0.048,43.0,190.0,0.9995,3.03,0.42,9.2,6,white
7.0,0.17,0.33,4.0,0.034,17.0,127.0,0.9934,3.19,0.39,10.6,7,white
8.3,0.21,0.58,17.1,0.049,62.0,213.0,1.0006,3.01,0.51,9.3,6,white
7.2,0.21,0.35,14.5,0.048,35.0,178.0,0.9982,3.05,0.47,8.9,6,white
7.1,0.21,0.4,1.2,0.069,24.0,156.0,0.9928,3.42,0.43,10.6,6,white
8.4,0.17,0.31,6.7,0.038,29.0,132.0,0.9945,3.1,0.32,10.6,7,white
7.4,0.24,0.31,8.4,0.045,52.0,183.0,0.9963,3.09,0.32,8.8,5,white
5.3,0.24,0.33,1.3,0.033,25.0,97.0,0.9906,3.59,0.38,11.0,8,white
6.5,0.28,0.26,8.8,0.04,44.0,139.0,0.9956,3.32,0.37,10.2,6,white
6.3,0.23,0.21,5.1,0.035,29.0,142.0,0.9942,3.36,0.33,10.1,7,white
6.5,0.29,0.25,10.6,0.039,32.0,120.0,0.9962,3.31,0.34,10.1,6,white
5.8,0.29,0.21,2.6,0.025,12.0,120.0,0.9894,3.39,0.79,14.0,7,white
6.3,0.27,0.25,5.8,0.038,52.0,155.0,0.995,3.28,0.38,9.4,6,white
6.3,0.17,0.42,2.8,0.027999999999999997,45.0,107.0,0.9908,3.27,0.43,11.8,6,white
6.3,0.16,0.4,1.6,0.033,59.0,148.0,0.9914,3.44,0.53,11.4,5,white
7.9,0.29,0.39,6.7,0.036000000000000004,6.0,117.0,0.9938,3.12,0.42,10.7,5,white
7.3,0.31,0.69,10.2,0.040999999999999995,58.0,160.0,0.9977,3.06,0.45,8.6,5,white
5.5,0.32,0.45,4.9,0.027999999999999997,25.0,191.0,0.9922,3.51,0.49,11.5,7,white
5.2,0.24,0.45,3.8,0.027000000000000003,21.0,128.0,0.992,3.55,0.49,11.2,8,white
7.2,0.37,0.15,2.0,0.028999999999999998,27.0,87.0,0.9903,3.3,0.59,12.6,7,white
6.1,0.29,0.27,1.7,0.024,13.0,76.0,0.9893,3.21,0.51,12.6,7,white
9.2,0.22,0.4,2.4,0.054000000000000006,18.0,151.0,0.9952,3.04,0.46,9.3,4,white
7.2,0.37,0.15,2.0,0.028999999999999998,27.0,87.0,0.9903,3.3,0.59,12.6,7,white
8.0,0.18,0.37,1.3,0.04,15.0,96.0,0.9912,3.06,0.61,12.1,6,white
6.5,0.22,0.34,12.0,0.053,55.0,177.0,0.9983,3.52,0.44,9.9,6,white
7.4,0.18,0.4,1.6,0.047,22.0,102.0,0.9937,3.28,0.44,10.7,5,white
6.5,0.52,0.17,1.4,0.047,5.0,26.0,0.9932,3.26,0.32,10.0,4,white
7.0,0.15,0.38,2.2,0.047,33.0,96.0,0.9928,3.13,0.39,10.4,8,white
5.9,0.415,0.13,1.4,0.04,11.0,64.0,0.9922,3.29,0.52,10.5,5,white
8.1,0.45,0.34,8.3,0.037000000000000005,33.0,216.0,0.9976,3.31,0.64,9.7,5,white
5.8,0.415,0.13,1.4,0.04,11.0,64.0,0.9922,3.29,0.52,10.5,5,white
6.4,0.5,0.16,12.9,0.042,26.0,138.0,0.9974,3.28,0.33,9.0,5,white
6.7,0.105,0.32,12.4,0.051,34.0,106.0,0.998,3.54,0.45,9.2,6,white
6.0,0.4,0.3,1.6,0.047,30.0,117.0,0.9931,3.17,0.48,10.1,6,white
6.6,0.25,0.39,1.45,0.04,40.0,89.0,0.9911,3.35,0.4,11.4,7,white
9.8,0.36,0.45,1.6,0.042,11.0,124.0,0.9944,2.93,0.46,10.8,5,white
9.6,0.23,0.4,1.5,0.044000000000000004,19.0,135.0,0.9937,2.96,0.49,10.9,5,white
6.3,0.55,0.45,13.0,0.047,33.0,182.0,0.9974,3.2,0.46,9.2,6,white
6.5,0.115,0.29,1.95,0.038,73.0,166.0,0.9890000000000001,3.12,0.25,12.9,7,white
6.4,0.125,0.29,5.85,0.042,24.0,99.0,0.992,3.23,0.32,12.0,7,white
5.7,0.1,0.27,1.3,0.047,21.0,100.0,0.9928,3.27,0.46,9.5,5,white
7.9,0.25,0.29,5.3,0.031,33.0,117.0,0.9918,3.06,0.32,11.8,7,white
6.9,0.2,0.28,1.2,0.048,36.0,159.0,0.9936,3.19,0.43,9.1,6,white
6.9,0.23,0.34,4.0,0.047,24.0,128.0,0.9944,3.2,0.52,9.7,6,white
6.8,0.39,0.31,14.35,0.043,28.0,162.0,0.9988,3.17,0.54,9.1,5,white
8.7,0.22,0.42,2.3,0.053,27.0,114.0,0.9940000000000001,2.99,0.43,10.0,5,white
7.4,0.41,0.34,4.7,0.042,19.0,127.0,0.9953,3.25,0.42,10.4,5,white
6.7,0.25,0.34,12.85,0.048,30.0,161.0,0.9986,3.44,0.47,9.5,6,white
6.0,0.26,0.42,5.2,0.027000000000000003,70.0,178.0,0.9914,3.4,0.4,12.3,8,white
6.1,0.31,0.37,8.4,0.031,70.0,170.0,0.9934,3.42,0.4,11.7,8,white
9.2,0.28,0.46,3.2,0.057999999999999996,39.0,133.0,0.996,3.14,0.58,9.5,5,white
9.0,0.31,0.49,6.9,0.034,26.0,91.0,0.9937,2.99,0.34,11.5,5,white
8.5,0.16,0.33,1.0,0.076,17.0,57.0,0.9921,3.14,0.46,10.6,6,white
9.3,0.34,0.49,7.3,0.052000000000000005,30.0,146.0,0.998,3.17,0.61,10.2,5,white
9.2,0.28,0.46,3.2,0.057999999999999996,39.0,133.0,0.996,3.14,0.58,9.5,5,white
7.2,0.24,0.3,1.6,0.048,27.0,131.0,0.9933,3.25,0.45,10.5,5,white
7.2,0.25,0.32,1.5,0.047,27.0,132.0,0.9933,3.26,0.44,10.5,5,white
6.8,0.32,0.18,7.5,0.040999999999999995,71.0,223.0,0.9959,3.14,0.41,8.9,5,white
9.1,0.27,0.32,1.1,0.031,15.0,151.0,0.9936,3.03,0.41,10.6,5,white
8.9,0.34,0.32,1.3,0.040999999999999995,12.0,188.0,0.9953,3.17,0.49,9.5,5,white
7.0,0.17,0.37,5.7,0.025,29.0,111.0,0.9938,3.2,0.49,10.8,6,white
6.7,0.25,0.23,7.2,0.038,61.0,220.0,0.9952,3.14,0.35,9.5,5,white
6.9,0.32,0.17,7.6,0.042,69.0,219.0,0.9959,3.13,0.4,8.9,5,white
6.8,0.32,0.18,7.5,0.040999999999999995,71.0,223.0,0.9959,3.14,0.41,8.9,5,white
6.1,0.6,0.0,1.3,0.042,24.0,79.0,0.9937,3.31,0.38,9.4,4,white
5.3,0.395,0.07,1.3,0.035,26.0,102.0,0.992,3.5,0.35,10.6,6,white
7.9,0.16,0.3,4.8,0.037000000000000005,37.0,171.0,0.9967,3.47,0.44,9.0,4,white
7.6,0.33,0.36,2.1,0.034,26.0,172.0,0.9944,3.42,0.48,10.5,4,white
7.8,0.3,0.29,16.85,0.054000000000000006,23.0,135.0,0.9998,3.16,0.38,9.0,6,white
7.8,0.3,0.29,16.85,0.054000000000000006,23.0,135.0,0.9998,3.16,0.38,9.0,6,white
5.7,0.26,0.27,4.1,0.201,73.5,189.5,0.9942,3.27,0.38,9.4,6,white
7.8,0.3,0.29,16.85,0.054000000000000006,23.0,135.0,0.9998,3.16,0.38,9.0,6,white
7.5,0.14,0.34,1.3,0.055,50.0,153.0,0.9945,3.29,0.8,9.6,6,white
7.8,0.3,0.29,16.85,0.054000000000000006,23.0,135.0,0.9998,3.16,0.38,9.0,6,white
6.6,0.25,0.41,7.4,0.043,29.0,151.0,0.9946,3.15,0.6,10.2,7,white
5.7,0.26,0.27,4.1,0.201,73.5,189.5,0.9942,3.27,0.38,9.4,6,white
8.2,0.23,0.49,0.9,0.057,15.0,73.0,0.9928,3.07,0.38,10.4,6,white
6.0,0.24,0.32,6.3,0.03,34.0,129.0,0.9946,3.52,0.41,10.4,5,white
6.1,0.45,0.27,0.8,0.039,13.0,82.0,0.9927,3.23,0.32,9.5,5,white
7.4,0.23,0.43,1.4,0.044000000000000004,22.0,113.0,0.9938,3.22,0.62,10.6,6,white
7.2,0.2,0.38,1.0,0.037000000000000005,21.0,74.0,0.9918,3.21,0.37,11.0,5,white
7.5,0.14,0.34,1.3,0.055,50.0,153.0,0.9945,3.29,0.8,9.6,6,white
7.7,0.25,0.43,4.5,0.062,20.0,115.0,0.9966,3.38,0.5,9.9,6,white
8.2,0.61,0.45,5.4,0.03,15.0,118.0,0.9954,3.14,0.34,9.6,5,white
7.6,0.21,0.44,1.9,0.036000000000000004,10.0,119.0,0.9913,3.01,0.7,12.8,6,white
7.4,0.22,0.33,2.0,0.045,31.0,101.0,0.9931,3.42,0.55,11.4,5,white
7.2,0.26,0.26,12.7,0.036000000000000004,49.0,214.0,0.9986,3.41,0.5,10.0,6,white
6.4,0.25,0.41,8.6,0.042,57.0,173.0,0.9965,3.0,0.44,9.1,5,white
6.3,0.32,0.35,11.1,0.039,29.0,198.0,0.9984,3.36,0.5,9.4,7,white
6.8,0.25,0.29,2.0,0.042,19.0,189.0,0.9952,3.46,0.54,10.2,6,white
9.8,0.44,0.4,2.8,0.036000000000000004,35.0,167.0,0.9956,2.97,0.39,9.2,5,white
7.2,0.2,0.25,4.5,0.044000000000000004,31.0,109.0,0.9949,3.23,0.36,9.4,5,white
8.2,0.61,0.45,5.4,0.03,15.0,118.0,0.9954,3.14,0.34,9.6,5,white
7.5,0.42,0.45,9.1,0.028999999999999998,20.0,125.0,0.996,3.12,0.36,10.1,6,white
7.4,0.22,0.33,2.0,0.045,31.0,101.0,0.9931,3.42,0.55,11.4,5,white
6.4,0.26,0.3,2.2,0.025,33.0,134.0,0.992,3.21,0.47,10.6,6,white
7.9,0.46,0.32,4.1,0.033,40.0,138.0,0.9912,3.18,0.44,12.8,7,white
6.5,0.41,0.64,11.8,0.065,65.0,225.0,0.9978,3.12,0.51,8.9,5,white
7.5,0.32,0.37,1.2,0.048,22.0,184.0,0.9938,3.09,0.43,9.3,5,white
6.6,0.21,0.38,2.2,0.026000000000000002,40.0,104.0,0.9914,3.25,0.4,11.1,8,white
7.1,0.21,0.3,1.4,0.037000000000000005,45.0,143.0,0.9932,3.13,0.33,9.9,6,white
7.6,0.26,0.47,1.6,0.068,5.0,55.0,0.9944,3.1,0.45,9.6,5,white
7.6,0.21,0.44,1.9,0.036000000000000004,10.0,119.0,0.9913,3.01,0.7,12.8,6,white
6.9,0.25,0.26,5.2,0.024,36.0,135.0,0.9948,3.16,0.72,10.7,7,white
7.1,0.26,0.32,14.45,0.07400000000000001,29.0,107.0,0.998,2.96,0.42,9.2,6,white
7.3,0.22,0.4,14.75,0.042,44.5,129.5,0.9998,3.36,0.41,9.1,7,white
6.2,0.37,0.22,8.3,0.025,36.0,216.0,0.9964,3.33,0.6,9.6,6,white
7.9,0.22,0.45,14.2,0.038,53.0,141.0,0.9992,3.03,0.46,9.2,6,white
6.9,0.25,0.26,5.2,0.024,36.0,135.0,0.9948,3.16,0.72,10.7,7,white
7.3,0.22,0.4,14.75,0.042,44.5,129.5,0.9998,3.36,0.41,9.1,7,white
7.1,0.26,0.32,14.45,0.07400000000000001,29.0,107.0,0.998,2.96,0.42,9.2,6,white
7.4,0.25,0.37,6.9,0.02,14.0,93.0,0.9939,3.0,0.48,10.7,7,white
6.8,0.18,0.37,1.5,0.027000000000000003,37.0,93.0,0.992,3.3,0.45,10.8,6,white
7.0,0.17,0.37,1.5,0.027999999999999997,26.0,75.0,0.9922,3.3,0.46,10.8,7,white
6.4,0.3,0.38,7.8,0.046,35.0,192.0,0.9955,3.1,0.37,9.0,5,white
5.0,0.33,0.16,1.5,0.049,10.0,97.0,0.9917,3.48,0.44,10.7,6,white
5.0,0.33,0.16,1.5,0.049,10.0,97.0,0.9917,3.48,0.44,10.7,6,white
8.9,0.33,0.32,1.5,0.047,11.0,200.0,0.9954,3.19,0.46,9.4,5,white
7.0,0.26,0.46,15.55,0.037000000000000005,61.0,171.0,0.9986,2.94,0.35,8.8,6,white
6.4,0.3,0.38,7.8,0.046,35.0,192.0,0.9955,3.1,0.37,9.0,5,white
6.3,0.21,0.4,1.7,0.031,48.0,134.0,0.9917,3.42,0.49,11.5,6,white
8.0,0.23,0.46,1.5,0.03,30.0,125.0,0.9907,3.23,0.47,12.5,6,white
9.2,0.28,0.41,1.0,0.042,14.0,59.0,0.9922,2.96,0.25,10.5,6,white
7.3,0.27,0.39,6.7,0.064,28.0,188.0,0.9958,3.29,0.3,9.7,5,white
7.6,0.32,0.36,1.6,0.04,32.0,155.0,0.993,3.23,0.52,11.3,6,white
5.0,0.33,0.16,1.5,0.049,10.0,97.0,0.9917,3.48,0.44,10.7,6,white
9.7,0.24,0.45,1.2,0.033,11.0,59.0,0.9926,2.74,0.47,10.8,6,white
8.0,0.28,0.42,7.1,0.045,41.0,169.0,0.9959,3.17,0.43,10.6,5,white
8.2,0.37,0.36,1.0,0.034,17.0,93.0,0.9906,3.04,0.32,11.7,8,white
8.0,0.61,0.38,12.1,0.301,24.0,220.0,0.9993,2.94,0.48,9.2,5,white
7.2,0.26,0.44,7.1,0.027000000000000003,25.0,126.0,0.993,3.02,0.34,11.1,8,white
8.2,0.37,0.36,1.0,0.034,17.0,93.0,0.9906,3.04,0.32,11.7,8,white
6.4,0.23,0.33,1.15,0.044000000000000004,15.5,217.5,0.992,3.33,0.44,11.0,6,white
5.9,0.4,0.32,6.0,0.034,50.0,127.0,0.992,3.51,0.58,12.5,7,white
7.6,0.28,0.39,1.2,0.038,21.0,115.0,0.9940000000000001,3.16,0.67,10.0,6,white
8.0,0.28,0.42,7.1,0.045,41.0,169.0,0.9959,3.17,0.43,10.6,5,white
7.2,0.23,0.39,2.3,0.033,29.0,102.0,0.9908,3.26,0.54,12.3,7,white
6.8,0.32,0.37,3.4,0.023,19.0,87.0,0.9902,3.14,0.53,12.7,6,white
7.2,0.23,0.39,2.3,0.033,29.0,102.0,0.9908,3.26,0.54,12.3,7,white
6.9,0.18,0.38,6.5,0.039,20.0,110.0,0.9943,3.1,0.42,10.5,5,white
9.4,0.26,0.53,1.2,0.047,25.0,109.0,0.9921,3.23,0.28,12.5,6,white
8.3,0.33,0.42,1.15,0.033,18.0,96.0,0.9911,3.2,0.32,12.4,3,white
7.3,0.29,0.3,13.0,0.043,46.0,238.0,0.9986,3.06,0.41,8.7,6,white
7.9,0.41,0.37,4.5,0.03,40.0,114.0,0.992,3.17,0.54,12.4,7,white
7.9,0.44,0.37,5.85,0.033,27.0,93.0,0.992,3.16,0.54,12.6,7,white
7.7,0.39,0.3,5.2,0.037000000000000005,29.0,131.0,0.9943,3.38,0.44,11.0,6,white
7.7,0.26,0.31,1.3,0.043,47.0,155.0,0.9937,3.42,0.5,10.1,6,white
7.8,0.32,0.31,1.7,0.036000000000000004,46.0,195.0,0.993,3.03,0.48,10.5,5,white
6.8,0.32,0.37,3.4,0.023,19.0,87.0,0.9902,3.14,0.53,12.7,6,white
7.3,0.24,0.39,3.6,0.024,35.0,116.0,0.9928,3.17,0.51,10.9,5,white
7.1,0.44,0.37,2.7,0.040999999999999995,35.0,128.0,0.9896,3.07,0.43,13.5,7,white
10.3,0.25,0.48,2.2,0.042,28.0,164.0,0.998,3.19,0.59,9.7,5,white
7.9,0.14,0.28,1.8,0.040999999999999995,44.0,178.0,0.9954,3.45,0.43,9.2,6,white
7.4,0.18,0.42,2.1,0.036000000000000004,33.0,187.0,0.9938,3.4,0.41,10.6,7,white
8.1,0.43,0.42,6.6,0.033,36.0,141.0,0.9918,2.98,0.39,13.3,7,white
7.1,0.44,0.37,2.7,0.040999999999999995,35.0,128.0,0.9896,3.07,0.43,13.5,7,white
6.4,0.26,0.22,5.1,0.037000000000000005,23.0,131.0,0.9944,3.29,0.32,10.1,5,white
8.0,0.66,0.72,17.55,0.042,62.0,233.0,0.9999,2.92,0.68,9.4,4,white
8.0,0.2,0.4,5.2,0.055,41.0,167.0,0.9953,3.18,0.4,10.6,7,white
7.2,0.21,0.34,1.1,0.046,25.0,80.0,0.992,3.25,0.4,11.3,6,white
7.2,0.18,0.31,1.1,0.045,20.0,73.0,0.9925,3.32,0.4,10.8,7,white
8.4,0.57,0.44,10.7,0.051,46.0,195.0,0.9981,3.15,0.51,10.4,5,white
5.3,0.26,0.23,5.15,0.034,48.0,160.0,0.9952,3.82,0.51,10.5,7,white
5.7,0.245,0.33,1.1,0.049,28.0,150.0,0.9927,3.13,0.42,9.3,5,white
5.6,0.245,0.32,1.1,0.047,24.0,152.0,0.9927,3.12,0.42,9.3,6,white
7.3,0.25,0.41,1.8,0.037000000000000005,52.0,165.0,0.9911,3.29,0.39,12.2,7,white
7.0,0.16,0.73,1.0,0.138,58.0,150.0,0.9936,3.08,0.3,9.2,5,white
6.4,0.22,0.34,1.8,0.057,29.0,104.0,0.9959,3.81,0.57,10.3,6,white
7.3,0.18,0.65,1.4,0.046,28.0,157.0,0.9946,3.33,0.62,9.4,6,white
6.4,0.17,0.27,6.7,0.036000000000000004,88.0,223.0,0.9948,3.28,0.35,10.2,6,white
6.9,0.29,0.16,6.8,0.034,65.0,212.0,0.9955,3.08,0.39,9.0,6,white
6.2,0.21,0.38,6.8,0.036000000000000004,64.0,245.0,0.9951,3.06,0.36,9.3,6,white
6.4,0.23,0.3,7.1,0.037000000000000005,63.0,236.0,0.9952,3.06,0.34,9.2,6,white
7.3,0.19,0.68,1.5,0.05,31.0,156.0,0.9946,3.32,0.64,9.4,6,white
7.3,0.18,0.65,1.4,0.046,28.0,157.0,0.9946,3.33,0.62,9.4,6,white
9.6,0.29,0.46,1.45,0.039,77.5,223.0,0.9944,2.92,0.46,9.5,6,white
7.2,0.14,0.35,1.2,0.036000000000000004,15.0,73.0,0.9938,3.46,0.39,9.9,5,white
6.9,0.31,0.34,7.4,0.059000000000000004,36.0,174.0,0.9963,3.46,0.62,11.1,7,white
7.5,0.28,0.34,4.2,0.027999999999999997,36.0,116.0,0.991,2.99,0.41,12.3,8,white
8.0,0.22,0.42,14.6,0.044000000000000004,45.0,163.0,1.0003,3.21,0.69,8.6,7,white
7.6,0.31,0.29,10.5,0.04,21.0,145.0,0.9966,3.04,0.35,9.4,5,white
8.4,0.35,0.56,13.8,0.048,55.0,190.0,0.9993,3.07,0.58,9.4,6,white
8.0,0.22,0.42,14.6,0.044000000000000004,45.0,163.0,1.0003,3.21,0.69,8.6,7,white
8.1,0.5,0.47,1.1,0.037000000000000005,23.0,126.0,0.9938,3.21,0.42,10.9,5,white
7.0,0.39,0.31,5.3,0.16899999999999998,32.0,162.0,0.9965,3.2,0.48,9.4,5,white
8.1,0.5,0.47,1.1,0.037000000000000005,23.0,126.0,0.9938,3.21,0.42,10.9,5,white
8.4,0.35,0.56,13.8,0.048,55.0,190.0,0.9993,3.07,0.58,9.4,6,white
6.2,0.22,0.27,1.5,0.064,20.0,132.0,0.9938,3.22,0.46,9.2,6,white
8.0,0.22,0.42,14.6,0.044000000000000004,45.0,163.0,1.0003,3.21,0.69,8.6,7,white
7.6,0.31,0.29,10.5,0.04,21.0,145.0,0.9966,3.04,0.35,9.4,5,white
7.0,0.24,0.36,4.9,0.083,10.0,133.0,0.9942,3.33,0.37,10.8,6,white
6.6,0.27,0.3,1.9,0.025,14.0,153.0,0.9928,3.29,0.62,10.5,6,white
7.8,0.16,0.41,1.7,0.026000000000000002,29.0,140.0,0.991,3.02,0.78,12.5,6,white
7.7,0.27,0.34,1.8,0.027999999999999997,26.0,168.0,0.9911,2.99,0.48,12.1,7,white
7.4,0.31,0.74,10.7,0.039,51.0,147.0,0.9977,3.02,0.43,8.7,5,white
8.0,0.45,0.36,8.8,0.026000000000000002,50.0,151.0,0.9927,3.07,0.25,12.7,8,white
7.7,0.27,0.34,1.8,0.027999999999999997,26.0,168.0,0.9911,2.99,0.48,12.1,7,white
7.8,0.16,0.41,1.7,0.026000000000000002,29.0,140.0,0.991,3.02,0.78,12.5,6,white
6.6,0.16,0.29,1.8,0.05,40.0,147.0,0.9912,3.06,0.44,11.4,7,white
8.3,0.21,0.4,1.6,0.032,35.0,110.0,0.9907,3.02,0.6,12.9,7,white
7.2,0.32,0.33,1.4,0.028999999999999998,29.0,109.0,0.9902,3.15,0.51,12.8,7,white
6.6,0.16,0.3,1.6,0.034,15.0,78.0,0.992,3.38,0.44,11.2,6,white
8.4,0.16,0.33,1.5,0.033,16.0,98.0,0.9940000000000001,3.14,0.42,9.7,6,white
7.5,0.23,0.32,9.2,0.038,54.0,191.0,0.9966,3.04,0.56,9.7,6,white
6.2,0.17,0.3,1.1,0.037000000000000005,14.0,79.0,0.993,3.5,0.54,10.3,6,white
6.9,0.39,0.22,4.3,0.03,10.0,102.0,0.993,3.0,0.87,11.6,4,white
6.9,0.41,0.22,4.2,0.031,10.0,102.0,0.993,3.0,0.86,11.6,4,white
7.5,0.23,0.32,9.2,0.038,54.0,191.0,0.9966,3.04,0.56,9.7,6,white
7.5,0.38,0.33,5.0,0.045,30.0,131.0,0.9942,3.32,0.44,10.9,6,white
7.3,0.42,0.38,6.8,0.045,29.0,122.0,0.9925,3.19,0.37,12.6,7,white
7.3,0.34,0.39,5.2,0.04,45.0,163.0,0.9925,3.3,0.47,12.4,6,white
7.8,0.23,0.28,4.75,0.042,45.0,166.0,0.9928,2.96,0.4,11.5,5,white
9.0,0.245,0.38,5.9,0.045,52.0,159.0,0.995,2.93,0.35,10.2,6,white
6.9,0.2,0.4,7.7,0.032,51.0,176.0,0.9939,3.22,0.27,11.4,5,white
7.4,0.19,0.42,6.4,0.067,39.0,212.0,0.9958,3.3,0.33,9.6,6,white
8.2,0.2,0.36,8.1,0.035,60.0,163.0,0.9952,3.05,0.3,10.3,6,white
8.0,0.59,0.71,17.35,0.038,61.0,228.0,1.0,2.95,0.75,9.3,5,white
7.9,0.14,0.45,1.8,0.05,17.0,114.0,0.9948,3.33,0.49,10.7,7,white
6.8,0.24,0.4,1.8,0.047,34.0,105.0,0.99,3.13,0.49,12.8,8,white
9.7,0.14,0.59,1.5,0.049,23.0,142.0,0.9958,2.98,0.62,9.5,5,white
9.2,0.15,0.68,1.6,0.046,22.0,130.0,0.9948,3.02,0.45,10.4,6,white
9.4,0.17,0.55,1.6,0.049,14.0,94.0,0.9949,3.02,0.61,10.3,6,white
5.2,0.365,0.08,13.5,0.040999999999999995,37.0,142.0,0.997,3.46,0.39,9.9,6,white
6.3,0.23,0.22,3.75,0.039,37.0,116.0,0.9927,3.23,0.5,10.7,6,white
9.6,0.25,0.54,1.3,0.04,16.0,160.0,0.9938,2.94,0.43,10.5,5,white
9.2,0.32,0.42,1.3,0.046,14.0,186.0,0.9949,3.08,0.48,9.6,5,white
6.4,0.31,0.4,6.2,0.04,46.0,169.0,0.9953,3.15,0.46,9.3,6,white
8.1,0.2,0.36,9.7,0.044000000000000004,63.0,162.0,0.997,3.1,0.46,10.0,6,white
7.9,0.255,0.26,2.0,0.026000000000000002,40.0,190.0,0.9932,3.04,0.39,11.2,6,white
7.0,0.15,0.34,1.4,0.039,21.0,177.0,0.9927,3.32,0.62,10.8,5,white
6.4,0.15,0.31,1.1,0.044000000000000004,25.0,96.0,0.9932,3.54,0.51,10.3,6,white
6.4,0.25,0.53,6.6,0.038,59.0,234.0,0.9955,3.03,0.42,8.8,5,white
7.6,0.19,0.42,1.5,0.044000000000000004,6.0,114.0,0.9914,3.04,0.74,12.8,6,white
7.3,0.43,0.37,4.6,0.027999999999999997,17.0,114.0,0.991,3.23,0.43,13.2,6,white
5.1,0.31,0.3,0.9,0.037000000000000005,28.0,152.0,0.992,3.54,0.56,10.1,6,white
6.2,0.2,0.26,1.7,0.09300000000000001,40.0,161.0,0.9924,3.44,0.66,11.0,5,white
6.9,0.16,0.35,1.3,0.043,21.0,182.0,0.9927,3.25,0.62,10.8,6,white
7.7,0.32,0.48,2.3,0.04,28.0,114.0,0.9911,3.2,0.52,12.8,7,white
6.5,0.22,0.72,6.8,0.042,33.0,168.0,0.9958,3.12,0.36,9.2,6,white
6.8,0.26,0.33,1.5,0.047,44.0,167.0,0.9928,3.12,0.44,10.5,6,white
5.2,0.37,0.33,1.2,0.027999999999999997,13.0,81.0,0.9902,3.37,0.38,11.7,6,white
8.4,0.19,0.43,2.1,0.052000000000000005,20.0,104.0,0.9940000000000001,2.85,0.46,9.5,5,white
8.3,0.21,0.41,2.2,0.05,24.0,108.0,0.9940000000000001,2.85,0.45,9.5,5,white
6.8,0.15,0.32,8.8,0.057999999999999996,24.0,110.0,0.9972,3.4,0.4,8.8,6,white
7.9,0.16,0.64,17.0,0.05,69.0,210.0,1.0004,3.15,0.51,9.3,7,white
7.8,0.21,0.39,1.8,0.034,62.0,180.0,0.991,3.09,0.75,12.6,8,white
9.0,0.24,0.5,1.2,0.048,26.0,107.0,0.9918,3.21,0.34,12.4,6,white
5.7,0.21,0.24,2.3,0.047,60.0,189.0,0.995,3.65,0.72,10.1,6,white
7.8,0.29,0.36,7.0,0.042,38.0,161.0,0.9941,3.26,0.37,11.2,8,white
6.7,0.18,0.3,6.4,0.048,40.0,251.0,0.9956,3.29,0.52,10.0,5,white
6.7,0.18,0.3,6.4,0.048,40.0,251.0,0.9956,3.29,0.52,10.0,5,white
8.4,0.58,0.27,12.15,0.033,37.0,116.0,0.9959,2.99,0.39,10.8,6,white
7.2,0.16,0.32,0.8,0.04,50.0,121.0,0.9922,3.27,0.33,10.0,6,white
7.6,0.54,0.23,2.0,0.028999999999999998,13.0,151.0,0.9931,3.04,0.33,10.4,5,white
8.4,0.58,0.27,12.15,0.033,37.0,116.0,0.9959,2.99,0.39,10.8,6,white
6.6,0.25,0.31,12.4,0.059000000000000004,52.0,181.0,0.9984,3.51,0.47,9.8,6,white
7.3,0.23,0.37,1.9,0.040999999999999995,51.0,165.0,0.9908,3.26,0.4,12.2,8,white
7.3,0.39,0.37,1.1,0.043,36.0,113.0,0.991,3.39,0.48,12.7,8,white
7.0,0.46,0.39,6.2,0.039,46.0,163.0,0.9928,3.21,0.35,12.2,7,white
8.2,0.35,0.4,6.3,0.039,35.0,162.0,0.9936,3.15,0.34,11.9,7,white
7.8,0.29,0.36,7.0,0.042,38.0,161.0,0.9941,3.26,0.37,11.2,8,white
9.2,0.35,0.39,0.9,0.042,15.0,61.0,0.9924,2.96,0.28,10.4,4,white
8.0,0.57,0.39,3.9,0.034,22.0,122.0,0.9917,3.29,0.67,12.8,7,white
6.5,0.37,0.33,3.9,0.027000000000000003,40.0,130.0,0.9906,3.28,0.39,12.7,7,white
5.7,0.21,0.24,2.3,0.047,60.0,189.0,0.995,3.65,0.72,10.1,6,white
6.7,0.18,0.3,6.4,0.048,40.0,251.0,0.9956,3.29,0.52,10.0,5,white
7.8,0.13,0.3,1.8,0.04,43.0,179.0,0.9955,3.43,0.41,9.0,5,white
7.6,0.19,0.41,1.1,0.04,38.0,143.0,0.9907,2.92,0.42,11.4,5,white
7.3,0.22,0.41,15.4,0.05,55.0,191.0,1.0,3.32,0.59,8.9,6,white
6.3,0.29,0.4,6.5,0.039,43.0,167.0,0.9953,3.15,0.44,9.3,6,white
6.8,0.35,0.32,2.4,0.048,35.0,103.0,0.9911,3.28,0.46,12.0,8,white
6.5,0.19,0.32,1.4,0.04,31.0,132.0,0.9922,3.36,0.54,10.8,7,white
6.2,0.12,0.26,5.7,0.044000000000000004,56.0,158.0,0.9951,3.52,0.37,10.5,6,white
6.0,0.13,0.28,5.7,0.038,56.0,189.5,0.9948,3.59,0.43,10.6,7,white
6.4,0.25,0.33,1.4,0.04,42.0,115.0,0.9906,3.19,0.48,11.3,7,white
6.9,0.32,0.16,1.4,0.051,15.0,96.0,0.9940000000000001,3.22,0.38,9.5,4,white
7.6,0.19,0.41,1.1,0.04,38.0,143.0,0.9907,2.92,0.42,11.4,5,white
6.7,0.13,0.28,1.2,0.046,35.0,140.0,0.9927,3.33,0.33,10.1,7,white
7.0,0.14,0.41,0.9,0.037000000000000005,22.0,95.0,0.9914,3.25,0.43,10.9,6,white
7.6,0.27,0.24,3.8,0.057999999999999996,19.0,115.0,0.9958,3.15,0.45,8.9,5,white
7.3,0.22,0.41,15.4,0.05,55.0,191.0,1.0,3.32,0.59,8.9,6,white
7.4,0.64,0.47,14.15,0.168,42.0,185.0,0.9984,2.9,0.49,9.3,5,white
7.6,0.28,0.39,1.9,0.052000000000000005,23.0,116.0,0.9941,3.25,0.4,10.4,6,white
8.3,0.26,0.41,9.2,0.042,41.0,162.0,0.9944,3.1,0.38,12.0,7,white
10.7,0.22,0.56,8.2,0.044000000000000004,37.0,181.0,0.998,2.87,0.68,9.5,6,white
10.7,0.22,0.56,8.2,0.044000000000000004,37.0,181.0,0.998,2.87,0.68,9.5,6,white
6.9,0.23,0.34,2.7,0.032,24.0,121.0,0.9902,3.14,0.38,12.4,7,white
6.2,0.3,0.32,1.7,0.032,30.0,130.0,0.9911,3.28,0.41,11.2,7,white
6.9,0.27,0.41,1.7,0.047,6.0,134.0,0.9929,3.15,0.69,11.4,6,white
6.9,0.28,0.41,1.7,0.05,10.0,136.0,0.993,3.16,0.71,11.4,6,white
6.9,0.28,0.3,1.6,0.047,46.0,132.0,0.9918,3.35,0.38,11.1,7,white
6.9,0.46,0.2,0.9,0.054000000000000006,5.0,126.0,0.992,3.1,0.42,10.4,6,white
6.9,0.38,0.32,8.5,0.044000000000000004,36.0,152.0,0.9932,3.38,0.35,12.0,7,white
5.7,0.43,0.3,5.7,0.039,24.0,98.0,0.992,3.54,0.61,12.3,7,white
6.6,0.56,0.16,3.1,0.045,28.0,92.0,0.9940000000000001,3.12,0.35,9.1,6,white
7.1,0.36,0.56,1.3,0.046,25.0,102.0,0.9923,3.24,0.33,10.5,6,white
6.8,0.23,0.4,1.6,0.047,5.0,133.0,0.993,3.23,0.7,11.4,6,white
6.2,0.33,0.29,1.3,0.042,26.0,138.0,0.9956,3.77,0.64,9.5,5,white
5.6,0.49,0.13,4.5,0.039,17.0,116.0,0.9907,3.42,0.9,13.7,7,white
6.6,0.42,0.33,2.8,0.034,15.0,85.0,0.99,3.28,0.51,13.4,6,white
7.3,0.18,0.29,1.2,0.044000000000000004,12.0,143.0,0.9918,3.2,0.48,11.3,7,white
8.1,0.19,0.4,0.9,0.037000000000000005,73.0,180.0,0.9926,3.06,0.34,10.0,6,white
5.9,0.19,0.26,7.4,0.034,33.0,123.0,0.995,3.49,0.42,10.1,6,white
6.2,0.16,0.47,1.4,0.028999999999999998,23.0,81.0,0.99,3.26,0.42,12.2,6,white
6.6,0.42,0.33,2.8,0.034,15.0,85.0,0.99,3.28,0.51,13.4,6,white
5.7,0.135,0.3,4.6,0.042,19.0,101.0,0.9946,3.31,0.42,9.3,6,white
5.6,0.49,0.13,4.5,0.039,17.0,116.0,0.9907,3.42,0.9,13.7,7,white
6.9,0.19,0.33,1.6,0.039,27.0,98.0,0.9898,3.09,0.46,12.3,7,white
7.3,0.18,0.29,1.2,0.044000000000000004,12.0,143.0,0.9918,3.2,0.48,11.3,7,white
7.3,0.25,0.36,13.1,0.05,35.0,200.0,0.9986,3.04,0.46,8.9,7,white
7.3,0.25,0.36,13.1,0.05,35.0,200.0,0.9986,3.04,0.46,8.9,7,white
7.0,0.2,0.34,5.7,0.035,32.0,83.0,0.9928,3.19,0.46,11.5,6,white
7.3,0.25,0.36,13.1,0.05,35.0,200.0,0.9986,3.04,0.46,8.9,7,white
6.3,0.67,0.48,12.6,0.052000000000000005,57.0,222.0,0.9979,3.17,0.52,9.3,6,white
7.4,0.4,0.29,5.4,0.044000000000000004,31.0,122.0,0.9940000000000001,3.3,0.5,11.1,8,white
7.1,0.26,0.31,2.2,0.044000000000000004,29.0,128.0,0.9937,3.34,0.64,10.9,8,white
9.0,0.31,0.48,6.6,0.043,11.0,73.0,0.9938,2.9,0.38,11.6,5,white
6.3,0.39,0.24,6.9,0.069,9.0,117.0,0.9942,3.15,0.35,10.2,4,white
8.2,0.22,0.36,6.8,0.034,12.0,90.0,0.9944,3.01,0.38,10.5,8,white
7.1,0.19,0.28,3.6,0.033,16.0,78.0,0.993,2.91,0.78,11.4,6,white
7.3,0.25,0.36,13.1,0.05,35.0,200.0,0.9986,3.04,0.46,8.9,7,white
7.9,0.2,0.34,1.2,0.04,29.0,118.0,0.9932,3.14,0.41,10.6,6,white
7.1,0.26,0.32,5.9,0.037000000000000005,39.0,97.0,0.9934,3.31,0.4,11.6,6,white
7.0,0.2,0.34,5.7,0.035,32.0,83.0,0.9928,3.19,0.46,11.5,6,white
6.9,0.3,0.33,4.1,0.035,26.0,155.0,0.9925,3.25,0.79,12.3,8,white
8.1,0.29,0.49,7.1,0.042,22.0,124.0,0.9944,3.14,0.41,10.8,6,white
5.8,0.17,0.3,1.4,0.037000000000000005,55.0,130.0,0.9909,3.29,0.38,11.3,6,white
5.9,0.415,0.02,0.8,0.038,22.0,63.0,0.9932,3.36,0.36,9.3,5,white
6.6,0.23,0.26,1.3,0.045,16.0,128.0,0.9934,3.36,0.6,10.0,6,white
8.6,0.55,0.35,15.55,0.057,35.5,366.5,1.0001,3.04,0.63,11.0,3,white
6.9,0.35,0.74,1.0,0.044000000000000004,18.0,132.0,0.992,3.13,0.55,10.2,5,white
7.6,0.14,0.74,1.6,0.04,27.0,103.0,0.9916,3.07,0.4,10.8,7,white
9.2,0.28,0.49,11.8,0.042,29.0,137.0,0.998,3.1,0.34,10.1,4,white
6.2,0.18,0.49,4.5,0.047,17.0,90.0,0.9919,3.27,0.37,11.6,6,white
5.3,0.165,0.24,1.1,0.051,25.0,105.0,0.9925,3.32,0.47,9.1,5,white
9.8,0.25,0.74,10.0,0.055999999999999994,36.0,225.0,0.9977,3.06,0.43,10.0,4,white
8.1,0.29,0.49,7.1,0.042,22.0,124.0,0.9944,3.14,0.41,10.8,6,white
6.8,0.22,0.49,0.9,0.052000000000000005,26.0,128.0,0.991,3.25,0.35,11.4,6,white
7.2,0.22,0.49,1.0,0.045,34.0,140.0,0.99,3.05,0.34,12.7,6,white
7.4,0.25,0.49,1.1,0.042,35.0,156.0,0.9917,3.13,0.55,11.3,5,white
8.2,0.18,0.49,1.1,0.033,28.0,81.0,0.9923,3.0,0.68,10.4,7,white
6.1,0.22,0.49,1.5,0.051,18.0,87.0,0.9928,3.3,0.46,9.6,5,white
7.0,0.39,0.24,1.0,0.048,8.0,119.0,0.9923,3.0,0.31,10.1,4,white
6.1,0.22,0.49,1.5,0.051,18.0,87.0,0.9928,3.3,0.46,9.6,5,white
6.5,0.36,0.49,2.9,0.03,16.0,94.0,0.9902,3.1,0.49,12.1,7,white
7.1,0.29,0.49,1.2,0.031,32.0,99.0,0.9893,3.07,0.33,12.2,6,white
7.4,0.25,0.49,1.1,0.042,35.0,156.0,0.9917,3.13,0.55,11.3,5,white
6.9,0.23,0.24,14.2,0.053,19.0,94.0,0.9982,3.17,0.5,9.6,5,white
8.5,0.56,0.74,17.85,0.051,51.0,243.0,1.0005,2.99,0.7,9.2,5,white
8.2,0.18,0.49,1.1,0.033,28.0,81.0,0.9923,3.0,0.68,10.4,7,white
6.3,0.23,0.49,7.1,0.05,67.0,210.0,0.9951,3.23,0.34,9.5,5,white
6.1,0.25,0.49,7.6,0.052000000000000005,67.0,226.0,0.9956,3.16,0.47,8.9,5,white
7.2,0.26,0.74,13.6,0.05,56.0,162.0,0.998,3.03,0.44,8.8,5,white
7.2,0.31,0.24,1.4,0.057,17.0,117.0,0.9928,3.16,0.35,10.5,5,white
8.0,0.25,0.49,1.2,0.061,27.0,117.0,0.9938,3.08,0.34,9.4,5,white
7.0,0.18,0.49,5.3,0.04,34.0,125.0,0.9914,3.24,0.4,12.2,6,white
7.8,0.43,0.49,13.0,0.033,37.0,158.0,0.9955,3.14,0.35,11.3,6,white
8.3,0.2,0.74,4.45,0.044000000000000004,33.0,130.0,0.9924,3.25,0.42,12.2,6,white
6.3,0.27,0.49,1.2,0.063,35.0,92.0,0.9911,3.38,0.42,12.2,6,white
7.4,0.16,0.49,1.2,0.055,18.0,150.0,0.9917,3.23,0.47,11.2,6,white
7.4,0.16,0.49,1.2,0.055,18.0,150.0,0.9917,3.23,0.47,11.2,6,white
6.9,0.19,0.49,6.6,0.036000000000000004,49.0,172.0,0.9932,3.2,0.27,11.5,6,white
7.8,0.43,0.49,13.0,0.033,37.0,158.0,0.9955,3.14,0.35,11.3,6,white
7.2,0.4,0.49,1.1,0.048,11.0,138.0,0.9929,3.01,0.42,9.3,5,white
7.8,0.43,0.49,13.0,0.033,37.0,158.0,0.9955,3.14,0.35,11.3,6,white
7.6,0.52,0.49,14.0,0.034,37.0,156.0,0.9958,3.14,0.38,11.8,7,white
8.3,0.21,0.49,19.8,0.054000000000000006,50.0,231.0,1.0012,2.99,0.54,9.2,5,white
6.9,0.34,0.74,11.2,0.069,44.0,150.0,0.9968,3.0,0.81,9.2,5,white
6.3,0.27,0.49,1.2,0.063,35.0,92.0,0.9911,3.38,0.42,12.2,6,white
8.3,0.2,0.74,4.45,0.044000000000000004,33.0,130.0,0.9924,3.25,0.42,12.2,6,white
7.1,0.22,0.74,2.7,0.044000000000000004,42.0,144.0,0.991,3.31,0.41,12.2,6,white
7.9,0.11,0.49,4.5,0.048,27.0,133.0,0.9946,3.24,0.42,10.6,6,white
8.5,0.17,0.74,3.6,0.05,29.0,128.0,0.9928,3.28,0.4,12.4,6,white
6.4,0.145,0.49,5.4,0.048,54.0,164.0,0.9946,3.56,0.44,10.8,6,white
7.4,0.16,0.49,1.2,0.055,18.0,150.0,0.9917,3.23,0.47,11.2,6,white
8.3,0.19,0.49,1.2,0.051,11.0,137.0,0.9918,3.06,0.46,11.0,6,white
8.0,0.44,0.49,9.1,0.031,46.0,151.0,0.9926,3.16,0.27,12.7,8,white
7.0,0.2,0.74,0.8,0.044000000000000004,19.0,163.0,0.9931,3.46,0.53,10.2,5,white
6.9,0.19,0.49,6.6,0.036000000000000004,49.0,172.0,0.9932,3.2,0.27,11.5,6,white
7.1,0.25,0.49,3.0,0.03,30.0,96.0,0.9903,3.13,0.39,12.3,7,white
6.5,0.24,0.24,1.6,0.046,15.0,60.0,0.9928,3.19,0.39,9.8,5,white
7.2,0.4,0.49,1.1,0.048,11.0,138.0,0.9929,3.01,0.42,9.3,5,white
7.6,0.52,0.49,14.0,0.034,37.0,156.0,0.9958,3.14,0.38,11.8,7,white
7.8,0.43,0.49,13.0,0.033,37.0,158.0,0.9955,3.14,0.35,11.3,6,white
7.8,0.21,0.49,1.35,0.052000000000000005,6.0,48.0,0.9911,3.15,0.28,11.4,5,white
7.0,0.2,0.49,5.9,0.038,39.0,128.0,0.9938,3.21,0.48,10.8,6,white
6.9,0.25,0.24,3.6,0.057,13.0,85.0,0.9942,2.99,0.48,9.5,4,white
7.2,0.08,0.49,1.3,0.05,18.0,148.0,0.9945,3.46,0.44,10.2,6,white
7.1,0.85,0.49,8.7,0.027999999999999997,40.0,184.0,0.9962,3.22,0.36,10.7,5,white
7.6,0.51,0.24,1.2,0.04,10.0,104.0,0.992,3.05,0.29,10.8,6,white
7.9,0.22,0.24,4.6,0.044000000000000004,39.0,159.0,0.9927,2.99,0.28,11.5,6,white
7.7,0.16,0.49,2.0,0.055999999999999994,20.0,124.0,0.9948,3.32,0.49,10.7,6,white
7.2,0.08,0.49,1.3,0.05,18.0,148.0,0.9945,3.46,0.44,10.2,6,white
6.6,0.25,0.24,1.7,0.048,26.0,124.0,0.9942,3.37,0.6,10.1,6,white
6.7,0.16,0.49,2.4,0.046,57.0,187.0,0.9952,3.62,0.81,10.4,6,white
6.9,0.25,0.24,3.6,0.057,13.0,85.0,0.9942,2.99,0.48,9.5,4,white
7.5,0.32,0.24,4.6,0.053,8.0,134.0,0.9958,3.14,0.5,9.1,3,white
7.4,0.28,0.49,1.5,0.034,20.0,126.0,0.9918,2.98,0.39,10.6,6,white
6.2,0.15,0.49,0.9,0.033,17.0,51.0,0.9932,3.3,0.7,9.4,6,white
6.7,0.25,0.74,19.4,0.054000000000000006,44.0,169.0,1.0004,3.51,0.45,9.8,6,white
6.5,0.26,0.74,13.3,0.044000000000000004,68.0,224.0,0.9972,3.18,0.54,9.5,6,white
7.9,0.16,0.74,17.85,0.037000000000000005,52.0,187.0,0.9998,2.99,0.41,9.3,5,white
5.6,0.185,0.49,1.1,0.03,28.0,117.0,0.9918,3.55,0.45,10.3,6,white
7.5,0.2,0.49,1.3,0.031,8.0,97.0,0.9918,3.06,0.62,11.1,5,white
8.0,0.3,0.49,9.4,0.046,47.0,188.0,0.9964,3.14,0.48,10.0,5,white
8.0,0.34,0.49,9.0,0.033,39.0,180.0,0.9936,3.13,0.38,12.3,8,white
7.7,0.35,0.49,8.65,0.033,42.0,186.0,0.9931,3.14,0.38,12.4,8,white
7.6,0.29,0.49,9.6,0.03,45.0,197.0,0.9938,3.13,0.38,12.3,7,white
6.7,0.62,0.24,1.1,0.039,6.0,62.0,0.9934,3.41,0.32,10.4,5,white
6.8,0.27,0.49,1.2,0.044000000000000004,35.0,126.0,0.99,3.13,0.48,12.1,7,white
7.7,0.27,0.49,1.8,0.040999999999999995,23.0,86.0,0.9914,3.16,0.42,12.5,6,white
6.7,0.51,0.24,2.1,0.043,14.0,155.0,0.9904,3.22,0.6,13.0,6,white
7.4,0.19,0.49,9.3,0.03,26.0,132.0,0.9940000000000001,2.99,0.32,11.0,7,white
8.3,0.2,0.49,1.7,0.04,34.0,169.0,0.9938,3.05,0.37,10.1,5,white
6.6,0.3,0.24,1.2,0.034,17.0,121.0,0.9933,3.13,0.36,9.2,5,white
6.8,0.36,0.24,4.6,0.039,24.0,124.0,0.9909,3.27,0.34,12.6,7,white
7.0,0.17,0.74,12.8,0.045,24.0,126.0,0.9942,3.26,0.38,12.2,8,white
9.2,0.18,0.49,1.5,0.040999999999999995,39.0,130.0,0.9945,3.04,0.49,9.8,7,white
8.1,0.2,0.49,8.1,0.051,51.0,205.0,0.9954,3.1,0.52,11.0,6,white
7.8,0.26,0.74,7.5,0.044000000000000004,59.0,160.0,0.996,3.22,0.64,10.0,6,white
6.8,0.21,0.49,14.5,0.06,50.0,170.0,0.9991,3.55,0.44,9.8,6,white
7.9,0.2,0.49,1.6,0.053,15.0,144.0,0.993,3.16,0.47,10.5,5,white
8.0,0.18,0.49,1.8,0.061,10.0,145.0,0.9942,3.23,0.48,10.0,5,white
8.8,0.23,0.74,3.2,0.042,15.0,126.0,0.9934,3.02,0.51,11.2,6,white
7.3,0.22,0.49,9.4,0.034,29.0,134.0,0.9939,2.99,0.32,11.0,7,white
7.3,0.22,0.49,9.9,0.031,48.0,161.0,0.9937,3.01,0.28,11.2,6,white
7.4,0.19,0.49,9.3,0.03,26.0,132.0,0.9940000000000001,2.99,0.32,11.0,7,white
7.3,0.155,0.49,1.3,0.039,34.0,136.0,0.9926,3.14,0.77,10.5,6,white
8.2,0.22,0.49,9.6,0.037000000000000005,53.0,154.0,0.9951,3.02,0.33,10.6,6,white
8.2,0.24,0.49,9.3,0.038,52.0,163.0,0.9952,3.02,0.33,10.6,6,white
8.4,0.23,0.49,7.8,0.035,22.0,95.0,0.9935,3.04,0.34,12.0,6,white
8.3,0.2,0.49,1.7,0.04,34.0,169.0,0.9938,3.05,0.37,10.1,5,white
8.3,0.2,0.49,1.7,0.038,38.0,167.0,0.9939,3.05,0.37,10.1,6,white
6.6,0.3,0.24,1.2,0.034,17.0,121.0,0.9933,3.13,0.36,9.2,5,white
6.9,0.21,0.49,1.4,0.040999999999999995,15.0,164.0,0.9927,3.25,0.63,11.0,5,white
8.0,0.25,0.49,9.0,0.044000000000000004,31.0,185.0,0.998,3.34,0.49,10.0,6,white
6.6,0.21,0.49,18.15,0.042,41.0,158.0,0.9997,3.28,0.39,8.7,6,white
7.2,0.27,0.74,12.5,0.037000000000000005,47.0,156.0,0.9981,3.04,0.44,8.7,5,white
14.2,0.27,0.49,1.1,0.037000000000000005,33.0,156.0,0.992,3.15,0.54,11.1,6,white
7.9,0.28,0.49,7.7,0.045,48.0,195.0,0.9954,3.04,0.55,11.0,6,white
7.4,0.27,0.49,1.1,0.037000000000000005,33.0,156.0,0.992,3.15,0.54,11.1,6,white
6.6,0.21,0.49,18.15,0.042,41.0,158.0,0.9997,3.28,0.39,8.7,6,white
7.2,0.27,0.74,12.5,0.037000000000000005,47.0,156.0,0.9981,3.04,0.44,8.7,5,white
8.1,0.3,0.49,8.1,0.037000000000000005,26.0,174.0,0.9943,3.1,0.3,11.2,7,white
7.5,0.23,0.49,7.7,0.049,61.0,209.0,0.9941,3.14,0.3,11.1,7,white
7.3,0.26,0.49,5.0,0.027999999999999997,32.0,107.0,0.9936,3.24,0.54,10.8,6,white
7.1,0.18,0.74,15.6,0.044000000000000004,44.0,176.0,0.9996,3.38,0.67,9.0,6,white
8.5,0.15,0.49,1.5,0.031,17.0,122.0,0.9932,3.03,0.4,10.3,6,white
8.9,0.13,0.49,1.0,0.027999999999999997,6.0,24.0,0.9926,2.91,0.32,9.9,5,white
8.1,0.28,0.49,1.0,0.04,32.0,148.0,0.9936,3.13,0.41,10.0,6,white
6.0,0.17,0.49,1.0,0.034,26.0,106.0,0.992,3.21,0.42,9.8,6,white
7.3,0.26,0.49,5.0,0.027999999999999997,32.0,107.0,0.9936,3.24,0.54,10.8,6,white
7.1,0.18,0.74,15.6,0.044000000000000004,44.0,176.0,0.9996,3.38,0.67,9.0,6,white
7.1,0.53,0.24,0.8,0.028999999999999998,29.0,86.0,0.993,3.16,0.32,9.1,4,white
7.2,0.16,0.49,1.3,0.037000000000000005,27.0,104.0,0.9924,3.23,0.57,10.6,6,white
7.3,0.14,0.49,1.1,0.038,28.0,99.0,0.9928,3.2,0.72,10.6,6,white
8.9,0.13,0.49,1.0,0.027999999999999997,6.0,24.0,0.9926,2.91,0.32,9.9,5,white
7.9,0.12,0.49,5.2,0.049,33.0,152.0,0.9952,3.18,0.47,10.6,6,white
6.7,0.29,0.49,4.7,0.034,35.0,156.0,0.9945,3.13,0.45,9.9,6,white
6.7,0.3,0.49,4.8,0.034,36.0,158.0,0.9945,3.12,0.45,9.9,6,white
7.1,0.36,0.24,1.8,0.025,32.0,102.0,0.9903,3.34,0.59,12.8,6,white
8.5,0.15,0.49,1.5,0.031,17.0,122.0,0.9932,3.03,0.4,10.3,6,white
7.9,0.18,0.49,5.2,0.051,36.0,157.0,0.9953,3.18,0.48,10.6,6,white
6.6,0.19,0.99,1.2,0.122,45.0,129.0,0.9936,3.09,0.31,8.7,6,white
7.3,0.21,0.49,1.8,0.038,44.0,152.0,0.9912,3.32,0.44,12.6,7,white
6.9,0.3,0.49,7.6,0.057,25.0,156.0,0.9962,3.43,0.63,11.0,7,white
7.9,0.42,0.49,8.2,0.055999999999999994,32.0,164.0,0.9965,3.29,0.6,11.2,7,white
6.9,0.24,0.49,1.3,0.032,35.0,148.0,0.9932,3.45,0.57,10.7,7,white
7.6,0.23,0.49,10.0,0.036000000000000004,45.0,182.0,0.9967,3.08,0.58,9.6,6,white
7.9,0.18,0.49,5.2,0.051,36.0,157.0,0.9953,3.18,0.48,10.6,6,white
6.2,0.43,0.49,6.4,0.045,12.0,115.0,0.9963,3.27,0.57,9.0,4,white
8.8,0.35,0.49,1.0,0.036000000000000004,14.0,56.0,0.992,2.96,0.33,10.5,4,white
7.8,0.3,0.74,1.8,0.033,33.0,156.0,0.991,3.29,0.52,12.8,6,white
9.1,0.28,0.49,2.0,0.059000000000000004,10.0,112.0,0.9958,3.15,0.46,10.1,5,white
7.1,0.34,0.49,1.5,0.027000000000000003,26.0,126.0,0.99,3.3,0.33,12.2,7,white
7.8,0.3,0.74,1.8,0.033,33.0,156.0,0.991,3.29,0.52,12.8,6,white
9.1,0.28,0.49,2.0,0.059000000000000004,10.0,112.0,0.9958,3.15,0.46,10.1,5,white
8.5,0.19,0.49,3.5,0.044000000000000004,29.0,117.0,0.9938,3.14,0.51,10.1,6,white
7.6,0.18,0.49,18.05,0.046,36.0,158.0,0.9996,3.06,0.41,9.2,5,white
7.5,0.19,0.49,1.8,0.055,19.0,110.0,0.9946,3.33,0.44,9.9,5,white
7.4,0.3,0.49,8.2,0.055,49.0,188.0,0.9974,3.52,0.58,9.7,6,white
6.7,0.3,0.74,5.0,0.038,35.0,157.0,0.9945,3.21,0.46,9.9,5,white
6.6,0.3,0.74,4.6,0.040999999999999995,36.0,159.0,0.9946,3.21,0.45,9.9,5,white
7.4,0.3,0.49,8.2,0.055,49.0,188.0,0.9974,3.52,0.58,9.7,6,white
6.9,0.22,0.49,7.0,0.063,50.0,168.0,0.9957,3.54,0.5,10.3,6,white
7.8,0.26,0.49,3.1,0.045,21.0,116.0,0.9931,3.16,0.35,10.3,5,white
8.5,0.17,0.49,8.8,0.048,23.0,108.0,0.9947,2.88,0.34,10.5,4,white
6.8,0.17,0.74,2.4,0.053,61.0,182.0,0.9953,3.63,0.76,10.5,6,white
6.2,0.27,0.49,1.4,0.05,20.0,74.0,0.9931,3.32,0.44,9.8,6,white
7.1,0.64,0.49,1.8,0.05,17.0,128.0,0.9946,3.31,0.58,10.6,4,white
6.4,0.18,0.74,11.9,0.046,54.0,168.0,0.9978,3.58,0.68,10.1,5,white
7.6,0.31,0.49,13.4,0.062,50.0,191.0,0.9989,3.22,0.53,9.0,4,white
9.8,0.31,0.49,15.4,0.046,13.0,119.0,1.0004,3.18,0.45,9.5,5,white
9.0,0.3,0.49,7.2,0.039,32.0,84.0,0.9938,2.94,0.32,11.5,6,white
8.4,0.24,0.49,7.4,0.039,46.0,108.0,0.9934,3.03,0.33,11.9,7,white
6.4,0.18,0.74,11.9,0.046,54.0,168.0,0.9978,3.58,0.68,10.1,5,white
6.4,0.25,0.74,7.8,0.045,52.0,209.0,0.9956,3.21,0.42,9.2,6,white
7.3,0.3,0.74,13.5,0.039,46.0,165.0,0.9982,3.02,0.4,8.7,5,white
9.3,0.31,0.49,1.3,0.042,34.0,147.0,0.9948,3.11,0.46,9.8,5,white
6.4,0.25,0.74,7.8,0.045,52.0,209.0,0.9956,3.21,0.42,9.2,6,white
7.3,0.3,0.74,13.5,0.039,46.0,165.0,0.9982,3.02,0.4,8.7,5,white
7.0,0.27,0.74,1.5,0.036000000000000004,27.0,122.0,0.9926,3.35,0.48,11.2,6,white
7.9,0.14,0.74,1.2,0.027999999999999997,30.0,165.0,0.991,3.08,0.82,12.3,6,white
6.4,0.12,0.49,6.4,0.042,49.0,161.0,0.9945,3.34,0.44,10.4,6,white
6.8,0.21,0.74,1.2,0.047,25.0,111.0,0.9916,3.13,0.41,10.7,6,white
8.6,0.16,0.49,7.3,0.043,9.0,63.0,0.9953,3.13,0.59,10.5,6,white
7.0,0.29,0.49,3.8,0.047,37.0,136.0,0.9938,2.95,0.4,9.4,6,white
6.4,0.27,0.49,7.3,0.046,53.0,206.0,0.9956,3.24,0.43,9.2,6,white
6.6,0.55,0.01,2.7,0.034,56.0,122.0,0.9906,3.15,0.3,11.9,5,white
6.4,0.27,0.49,7.3,0.046,53.0,206.0,0.9956,3.24,0.43,9.2,6,white
6.3,0.24,0.74,1.4,0.172,24.0,108.0,0.9932,3.27,0.39,9.9,6,white
6.7,0.33,0.49,1.6,0.16699999999999998,20.0,94.0,0.9914,3.11,0.5,11.4,6,white
7.0,0.29,0.49,3.8,0.047,37.0,136.0,0.9938,2.95,0.4,9.4,6,white
8.2,0.34,0.49,8.0,0.046,55.0,223.0,0.996,3.08,0.52,10.7,6,white
5.6,0.39,0.24,4.7,0.034,27.0,77.0,0.9906,3.28,0.36,12.7,5,white
5.6,0.41,0.24,1.9,0.034,10.0,53.0,0.98815,3.32,0.5,13.5,7,white
6.7,0.41,0.01,2.8,0.048,39.0,137.0,0.9942,3.24,0.35,9.5,5,white
7.1,0.26,0.49,2.2,0.032,31.0,113.0,0.9903,3.37,0.42,12.9,9,white
7.5,0.32,0.49,1.7,0.031,44.0,109.0,0.9906,3.07,0.46,12.5,6,white
5.8,0.19,0.49,4.9,0.04,44.0,118.0,0.9935,3.34,0.38,9.5,7,white
6.9,0.27,0.49,23.5,0.057,59.0,235.0,1.0024,2.98,0.47,8.6,5,white
8.1,0.2,0.49,11.8,0.048,46.0,212.0,0.9968,3.09,0.46,10.0,7,white
7.5,0.32,0.49,1.7,0.031,44.0,109.0,0.9906,3.07,0.46,12.5,6,white
8.2,0.26,0.49,5.2,0.04,19.0,100.0,0.9941,3.12,0.34,10.1,6,white
7.8,0.26,0.49,3.2,0.027000000000000003,28.0,87.0,0.9919,3.03,0.32,11.3,7,white
8.0,0.14,0.49,1.5,0.035,42.0,120.0,0.9928,3.26,0.4,10.6,7,white
8.0,0.29,0.49,11.7,0.035,40.0,131.0,0.9958,3.14,0.34,10.8,5,white
7.5,0.19,0.49,1.6,0.047,42.0,140.0,0.9932,3.4,0.47,10.7,6,white
6.9,0.34,0.49,7.3,0.045,61.0,206.0,0.9957,3.09,0.4,9.0,6,white
6.2,0.2,0.49,1.6,0.065,17.0,143.0,0.9937,3.22,0.52,9.2,6,white
6.4,0.37,0.49,13.3,0.045,53.0,243.0,0.9982,3.14,0.48,8.5,6,white
6.2,0.22,0.49,6.0,0.028999999999999998,31.0,128.0,0.9928,3.41,0.36,11.3,8,white
7.8,0.26,0.49,3.2,0.027000000000000003,28.0,87.0,0.9919,3.03,0.32,11.3,7,white
8.9,0.32,0.49,1.6,0.05,17.0,131.0,0.9956,3.13,0.34,9.4,5,white
6.5,0.44,0.49,7.7,0.045,16.0,169.0,0.9957,3.11,0.37,8.7,6,white
7.0,0.14,0.49,5.9,0.053,22.0,118.0,0.9954,3.36,0.36,9.4,6,white
9.0,0.17,0.49,1.0,0.039,46.0,131.0,0.993,3.09,0.51,10.5,7,white
6.4,0.26,0.49,6.4,0.037000000000000005,37.0,161.0,0.9954,3.38,0.53,9.7,6,white
9.0,0.22,0.49,10.4,0.048,52.0,195.0,0.9987,3.31,0.44,10.2,6,white
8.9,0.32,0.49,1.6,0.05,17.0,131.0,0.9956,3.13,0.34,9.4,5,white
8.2,0.2,0.49,3.5,0.057,14.0,108.0,0.9928,3.19,0.35,11.5,6,white
7.8,0.15,0.24,7.7,0.047,21.0,98.0,0.9951,2.94,0.31,9.6,6,white
6.9,0.25,0.24,1.8,0.053,6.0,121.0,0.993,3.23,0.7,11.4,5,white
8.2,0.2,0.49,3.5,0.057,14.0,108.0,0.9928,3.19,0.35,11.5,6,white
7.1,0.28,0.49,6.5,0.040999999999999995,28.0,111.0,0.9926,3.41,0.58,12.2,8,white
7.4,0.19,0.49,6.7,0.037000000000000005,15.0,110.0,0.9938,3.2,0.38,11.0,7,white
8.3,0.25,0.49,16.8,0.048,50.0,228.0,1.0001,3.03,0.52,9.2,6,white
7.5,0.14,0.74,1.6,0.035,21.0,126.0,0.9933,3.26,0.45,10.2,6,white
7.8,0.49,0.49,7.0,0.043,29.0,149.0,0.9952,3.21,0.33,10.0,5,white
8.1,0.12,0.49,1.2,0.042,43.0,160.0,0.9934,3.13,0.48,9.7,6,white
7.6,0.47,0.49,13.0,0.239,42.0,220.0,0.9988,2.96,0.51,9.2,5,white
7.9,0.22,0.49,3.8,0.042,26.0,105.0,0.993,3.1,0.39,10.5,5,white
7.8,0.49,0.49,7.0,0.043,29.0,149.0,0.9952,3.21,0.33,10.0,5,white
6.4,0.22,0.49,7.5,0.054000000000000006,42.0,151.0,0.9948,3.27,0.52,10.1,6,white
7.3,0.19,0.49,15.55,0.057999999999999996,50.0,134.0,0.9998,3.42,0.36,9.1,7,white
8.1,0.3,0.49,12.3,0.049,50.0,144.0,0.9971,3.09,0.57,10.2,7,white
7.3,0.19,0.49,15.55,0.057999999999999996,50.0,134.0,0.9998,3.42,0.36,9.1,7,white
7.5,0.24,0.49,9.4,0.048,50.0,149.0,0.9962,3.17,0.59,10.5,7,white
6.4,0.22,0.49,7.5,0.054000000000000006,42.0,151.0,0.9948,3.27,0.52,10.1,6,white
7.8,0.21,0.49,1.2,0.036000000000000004,20.0,99.0,0.99,3.05,0.28,12.1,7,white
7.1,0.3,0.49,1.6,0.045,31.0,100.0,0.9942,3.4,0.59,10.2,5,white
6.9,0.26,0.49,1.6,0.057999999999999996,39.0,166.0,0.9965,3.65,0.52,9.4,4,white
7.6,0.31,0.49,3.95,0.044000000000000004,27.0,131.0,0.9912,3.08,0.67,12.8,7,white
6.4,0.42,0.74,12.8,0.076,48.0,209.0,0.9978,3.12,0.58,9.0,6,white
8.2,0.29,0.49,1.0,0.044000000000000004,29.0,118.0,0.9928,3.24,0.36,10.9,4,white
7.9,0.33,0.28,31.6,0.053,35.0,176.0,1.0103,3.15,0.38,8.8,6,white
6.6,0.46,0.49,7.4,0.052000000000000005,19.0,184.0,0.9956,3.11,0.38,9.0,5,white
7.8,0.28,0.49,1.3,0.046,27.0,142.0,0.9936,3.09,0.59,10.2,5,white
5.8,0.15,0.49,1.1,0.048,21.0,98.0,0.9929,3.19,0.48,9.2,5,white
7.8,0.4,0.49,7.8,0.06,34.0,162.0,0.9966,3.26,0.58,11.3,6,white
6.6,0.31,0.49,7.7,0.05,52.0,220.0,0.9964,3.12,0.45,8.8,5,white
6.6,0.325,0.49,7.7,0.049,53.0,217.0,0.996,3.16,0.4,9.3,5,white
6.6,0.27,0.49,7.8,0.049,62.0,217.0,0.9959,3.17,0.45,9.4,6,white
6.7,0.26,0.49,8.3,0.047,54.0,191.0,0.9954,3.23,0.4,10.3,6,white
6.7,0.21,0.49,1.4,0.047,30.0,114.0,0.9914,2.92,0.42,10.8,7,white
7.9,0.33,0.28,31.6,0.053,35.0,176.0,1.0103,3.15,0.38,8.8,6,white
8.1,0.28,0.46,15.4,0.059000000000000004,32.0,177.0,1.0004,3.27,0.58,9.0,4,white
6.5,0.13,0.37,1.0,0.036000000000000004,48.0,114.0,0.9911,3.41,0.51,11.5,8,white
7.8,0.445,0.56,1.0,0.04,8.0,84.0,0.9938,3.25,0.43,10.8,5,white
8.8,0.39,0.34,5.9,0.055,33.0,128.0,0.9927,2.95,0.51,11.8,6,white
7.9,0.18,0.33,1.2,0.033,20.0,72.0,0.9922,3.12,0.38,10.5,7,white
7.1,0.31,0.38,1.2,0.036000000000000004,10.0,124.0,0.9924,3.14,0.44,9.9,6,white
7.8,0.24,0.18,6.7,0.046,33.0,160.0,0.9963,3.2,0.56,9.8,6,white
7.0,0.35,0.3,6.5,0.027999999999999997,27.0,87.0,0.9936,3.4,0.42,11.4,7,white
6.6,0.26,0.31,4.8,0.138,41.0,168.0,0.9951,3.2,0.38,9.3,5,white
6.6,0.27,0.31,5.3,0.13699999999999998,35.0,163.0,0.9951,3.2,0.38,9.3,5,white
6.8,0.22,0.29,8.9,0.046,82.0,188.0,0.9955,3.3,0.44,10.3,6,white
6.2,0.27,0.32,8.8,0.047,65.0,224.0,0.9961,3.17,0.47,8.9,5,white
7.0,0.35,0.3,6.5,0.027999999999999997,27.0,87.0,0.9936,3.4,0.42,11.4,7,white
7.3,0.23,0.37,1.8,0.032,60.0,156.0,0.992,3.11,0.35,11.1,6,white
6.2,0.3,0.2,6.6,0.045,42.0,170.0,0.9944,3.36,0.45,10.4,6,white
6.4,0.35,0.2,5.7,0.034,18.0,117.0,0.9944,3.33,0.43,10.1,5,white
7.6,0.32,0.34,18.35,0.054000000000000006,44.0,197.0,1.0008,3.22,0.55,9.0,5,white
6.3,0.31,0.3,10.0,0.046,49.0,212.0,0.9962,3.74,0.55,11.9,6,white
7.2,0.25,0.28,14.4,0.055,55.0,205.0,0.9986,3.12,0.38,9.0,7,white
7.2,0.25,0.28,14.4,0.055,55.0,205.0,0.9986,3.12,0.38,9.0,7,white
7.3,0.26,0.33,17.85,0.049,41.5,195.0,1.0,3.06,0.44,9.1,7,white
7.2,0.25,0.28,14.4,0.055,55.0,205.0,0.9986,3.12,0.38,9.0,7,white
7.4,0.26,0.37,9.4,0.047,42.0,147.0,0.9982,3.46,0.72,10.0,5,white
7.3,0.26,0.33,17.85,0.049,41.5,195.0,1.0,3.06,0.44,9.1,7,white
6.7,0.25,0.26,1.55,0.040999999999999995,118.5,216.0,0.9949,3.55,0.63,9.4,3,white
7.1,0.16,0.25,1.3,0.034,28.0,123.0,0.9915,3.27,0.55,11.4,6,white
9.0,0.43,0.3,1.5,0.05,7.0,175.0,0.9951,3.11,0.45,9.7,4,white
7.2,0.25,0.28,14.4,0.055,55.0,205.0,0.9986,3.12,0.38,9.0,7,white
7.0,0.24,0.3,4.2,0.04,41.0,213.0,0.9927,3.28,0.49,11.8,6,white
6.7,0.265,0.22,8.6,0.048,54.0,198.0,0.9955,3.25,0.41,10.2,5,white
7.7,0.12,0.32,1.4,0.06,47.0,150.0,0.9952,3.37,0.42,9.2,6,white
7.2,0.21,0.33,3.0,0.036000000000000004,35.0,132.0,0.9928,3.25,0.4,11.0,6,white
8.5,0.32,0.36,14.9,0.040999999999999995,47.0,190.0,0.9982,3.08,0.31,10.0,6,white
6.9,0.18,0.3,2.0,0.038,39.0,190.0,0.9914,3.32,0.37,12.2,6,white
7.0,0.24,0.3,4.2,0.04,41.0,213.0,0.9927,3.28,0.49,11.8,6,white
6.3,0.26,0.29,2.2,0.043,35.0,175.0,0.9918,3.38,0.43,11.6,6,white
6.7,0.26,0.3,1.8,0.043,25.0,121.0,0.9944,3.44,0.61,10.2,6,white
7.9,0.29,0.36,11.1,0.033,43.0,208.0,0.9969,3.14,0.46,10.3,5,white
6.5,0.27,0.19,4.2,0.046,6.0,114.0,0.9955,3.25,0.35,8.6,4,white
6.7,0.33,0.42,6.4,0.057999999999999996,27.0,151.0,0.9954,3.16,0.44,9.6,5,white
6.7,0.31,0.42,6.4,0.057,25.0,148.0,0.9955,3.16,0.45,9.6,5,white
6.6,0.25,0.31,1.5,0.035,32.0,127.0,0.9921,3.41,0.47,11.3,6,white
6.4,0.24,0.22,1.5,0.038,38.0,157.0,0.9934,3.41,0.55,9.9,6,white
6.8,0.26,0.29,16.95,0.055999999999999994,48.0,179.0,0.9998,3.45,0.4,9.6,5,white
7.0,0.61,0.26,1.7,0.051,25.0,161.0,0.9946,3.36,0.6,10.6,4,white
6.8,0.22,0.3,13.6,0.055,50.0,180.0,0.9984,3.44,0.39,9.8,5,white
8.1,0.31,0.24,1.6,0.032,10.0,67.0,0.9924,3.08,0.47,10.5,5,white
7.0,0.2,0.3,6.1,0.037000000000000005,31.0,120.0,0.9939,3.24,0.51,10.8,5,white
7.9,0.18,0.37,3.0,0.061,25.0,178.0,0.995,3.22,0.51,10.0,6,white
6.6,0.34,0.27,6.2,0.059000000000000004,23.0,136.0,0.9957,3.3,0.49,10.1,6,white
6.8,0.3,0.24,6.6,0.12300000000000001,35.0,116.0,0.9953,3.07,0.48,9.4,5,white
6.5,0.18,0.34,1.6,0.04,43.0,148.0,0.9912,3.32,0.59,11.5,8,white
7.0,0.21,0.31,6.0,0.046,29.0,108.0,0.9939,3.26,0.5,10.8,6,white
6.8,0.27,0.32,1.5,0.044000000000000004,19.0,142.0,0.9921,3.1,0.43,9.9,6,white
9.3,0.2,0.33,1.7,0.05,28.0,178.0,0.9954,3.16,0.43,9.0,4,white
5.8,0.23,0.27,1.8,0.043,24.0,69.0,0.9933,3.38,0.31,9.4,6,white
7.6,0.2,0.39,2.6,0.044000000000000004,30.0,180.0,0.9941,3.46,0.44,10.8,7,white
8.2,0.15,0.48,2.7,0.052000000000000005,24.0,190.0,0.995,3.5,0.45,10.9,7,white
7.5,0.4,1.0,19.5,0.040999999999999995,33.0,148.0,0.9977,3.24,0.38,12.0,6,white
6.5,0.18,0.34,1.6,0.04,43.0,148.0,0.9912,3.32,0.59,11.5,8,white
7.0,0.13,0.3,5.0,0.055999999999999994,31.0,122.0,0.9945,3.47,0.42,10.5,6,white
6.9,0.17,0.22,4.6,0.064,55.0,152.0,0.9952,3.29,0.37,9.3,6,white
7.0,0.3,0.32,6.4,0.034,28.0,97.0,0.9924,3.23,0.44,11.8,6,white
7.6,0.445,0.44,14.5,0.045,68.0,212.0,0.9986,3.48,0.36,10.0,6,white
6.8,0.3,0.24,6.6,0.12300000000000001,35.0,116.0,0.9953,3.07,0.48,9.4,5,white
7.5,0.22,0.33,6.7,0.036000000000000004,45.0,138.0,0.9939,3.2,0.68,11.4,6,white
9.2,0.23,0.3,1.1,0.031,40.0,99.0,0.9929,2.94,0.3,10.4,6,white
8.7,0.34,0.46,13.8,0.055,68.0,198.0,0.9988,3.36,0.37,9.5,6,white
6.6,0.545,0.04,2.5,0.031,48.0,111.0,0.9906,3.14,0.32,11.9,5,white
8.1,0.3,0.31,1.1,0.040999999999999995,49.0,123.0,0.9914,2.99,0.45,11.1,6,white
6.9,0.16,0.3,9.6,0.057,50.0,185.0,0.9978,3.39,0.38,9.6,6,white
8.0,0.32,0.36,4.6,0.042,56.0,178.0,0.9928,3.29,0.47,12.0,6,white
6.1,0.22,0.23,3.1,0.052000000000000005,15.0,104.0,0.9948,3.14,0.42,8.7,5,white
6.9,0.16,0.3,9.6,0.057,50.0,185.0,0.9978,3.39,0.38,9.6,6,white
7.5,0.15,0.38,1.8,0.054000000000000006,19.0,101.0,0.9946,3.24,0.44,10.0,5,white
8.4,0.29,0.29,1.05,0.032,4.0,55.0,0.9908,2.91,0.32,11.4,4,white
6.6,0.37,0.47,6.5,0.061,23.0,150.0,0.9954,3.14,0.45,9.6,6,white
7.7,0.38,0.4,2.0,0.038,28.0,152.0,0.9906,3.18,0.32,12.9,6,white
6.3,0.25,0.23,14.9,0.039,47.0,142.0,0.99705,3.14,0.35,9.7,6,white
8.3,0.3,0.36,10.0,0.042,33.0,169.0,0.9982,3.23,0.51,9.3,6,white
6.6,0.22,0.58,1.1,0.133,52.0,136.0,0.9932,3.1,0.3,9.1,5,white
6.1,0.34,0.31,12.0,0.053,46.0,238.0,0.9977,3.16,0.48,8.6,5,white
7.5,0.22,0.29,4.8,0.05,33.0,87.0,0.9940000000000001,3.14,0.42,9.9,5,white
8.3,0.3,0.36,10.0,0.042,33.0,169.0,0.9982,3.23,0.51,9.3,6,white
8.0,0.27,0.24,1.2,0.044000000000000004,20.0,102.0,0.9929,3.28,0.42,10.9,5,white
6.1,0.17,0.27,1.5,0.055999999999999994,45.0,135.0,0.9924,3.2,0.43,10.2,6,white
7.4,0.18,0.3,10.4,0.045,44.0,174.0,0.9966,3.11,0.57,9.7,6,white
6.7,0.16,0.28,2.5,0.046,40.0,153.0,0.9921,3.38,0.51,11.4,7,white
6.1,0.255,0.44,12.3,0.045,53.0,197.0,0.9967,3.24,0.54,9.5,6,white
7.4,0.23,0.25,1.4,0.049,43.0,141.0,0.9934,3.42,0.54,10.2,7,white
6.4,0.16,0.28,2.2,0.042,33.0,93.0,0.9914,3.31,0.43,11.1,6,white
6.3,0.25,0.23,14.9,0.039,47.0,142.0,0.99705,3.14,0.35,9.7,6,white
6.7,0.27,0.25,8.0,0.053,54.0,202.0,0.9961,3.22,0.43,9.3,5,white
6.9,0.29,0.23,8.6,0.055999999999999994,56.0,215.0,0.9967,3.17,0.44,8.8,5,white
9.6,0.21,0.28,1.2,0.038,12.0,53.0,0.9926,2.8,0.46,10.6,5,white
6.6,0.62,0.2,8.7,0.046,81.0,224.0,0.99605,3.17,0.44,9.3,5,white
6.4,0.28,0.19,5.4,0.042,67.0,181.0,0.99435,3.31,0.35,10.2,6,white
8.0,0.3,0.28,5.7,0.044000000000000004,31.0,124.0,0.9948,3.16,0.51,10.2,6,white
6.4,0.17,0.27,1.5,0.037000000000000005,20.0,98.0,0.9916,3.46,0.42,11.0,7,white
7.3,0.21,0.3,10.9,0.037000000000000005,18.0,112.0,0.997,3.4,0.5,9.6,6,white
6.7,0.27,0.25,8.0,0.053,54.0,202.0,0.9961,3.22,0.43,9.3,5,white
6.9,0.29,0.23,8.6,0.055999999999999994,56.0,215.0,0.9967,3.17,0.44,8.8,5,white
6.6,0.32,0.26,7.7,0.054000000000000006,56.0,209.0,0.9961,3.17,0.45,8.8,5,white
7.4,0.32,0.22,1.7,0.051,50.0,179.0,0.9955,3.28,0.69,8.9,5,white
6.6,0.37,0.07,1.4,0.048,58.0,144.0,0.9922,3.17,0.38,10.0,5,white
7.7,0.43,0.28,4.5,0.046,33.0,102.0,0.9918,3.16,0.56,12.2,7,white
7.8,0.39,0.26,9.9,0.059000000000000004,33.0,181.0,0.9955,3.04,0.42,10.9,6,white
6.5,0.18,0.26,1.4,0.040999999999999995,40.0,141.0,0.9941,3.34,0.72,9.5,6,white
7.8,0.4,0.26,9.5,0.059000000000000004,32.0,178.0,0.9955,3.04,0.43,10.9,6,white
7.8,0.39,0.26,9.9,0.059000000000000004,33.0,181.0,0.9955,3.04,0.42,10.9,6,white
6.9,0.19,0.28,3.0,0.054000000000000006,33.0,99.0,0.9924,3.16,0.4,10.8,6,white
7.7,0.49,1.0,19.6,0.03,28.0,135.0,0.9973,3.24,0.4,12.0,6,white
6.6,0.25,0.35,14.0,0.069,42.0,163.0,0.9990000000000001,3.56,0.47,9.8,5,white
6.5,0.18,0.26,1.4,0.040999999999999995,40.0,141.0,0.9941,3.34,0.72,9.5,6,white
6.4,0.15,0.36,1.8,0.034,43.0,150.0,0.9922,3.42,0.69,11.0,8,white
6.4,0.15,0.36,1.8,0.034,43.0,150.0,0.9922,3.42,0.69,11.0,8,white
8.4,0.17,0.31,5.4,0.052000000000000005,47.0,150.0,0.9953,3.24,0.38,9.8,5,white
6.1,0.32,0.37,1.8,0.051,13.0,200.0,0.9945,3.49,0.44,10.5,4,white
8.5,0.21,0.26,9.25,0.034,73.0,142.0,0.9945,3.05,0.37,11.4,6,white
8.7,0.45,0.4,1.5,0.067,17.0,100.0,0.9957,3.27,0.57,10.1,6,white
6.7,0.24,0.29,6.8,0.038,54.0,127.0,0.9932,3.33,0.46,11.6,7,white
8.5,0.21,0.26,9.25,0.034,73.0,142.0,0.9945,3.05,0.37,11.4,6,white
7.4,0.33,0.26,2.6,0.04,29.0,115.0,0.9913,3.07,0.52,11.8,7,white
7.2,0.26,0.3,2.1,0.033,50.0,158.0,0.9909,3.33,0.43,12.1,7,white
8.2,0.36,0.29,7.6,0.035,37.0,122.0,0.9939,3.16,0.34,12.0,5,white
7.8,0.2,0.24,1.6,0.026000000000000002,26.0,189.0,0.991,3.08,0.74,12.1,7,white
9.4,0.16,0.3,1.4,0.042,26.0,176.0,0.9954,3.15,0.46,9.1,5,white
6.4,0.33,0.24,1.6,0.054000000000000006,25.0,117.0,0.9943,3.36,0.5,9.3,5,white
7.8,0.22,0.36,1.4,0.055999999999999994,21.0,153.0,0.993,3.2,0.53,10.4,6,white
7.4,0.35,0.31,17.95,0.062,42.0,187.0,1.0002,3.27,0.64,9.1,5,white
6.6,0.37,0.24,2.0,0.064,23.0,120.0,0.9946,3.32,0.54,9.4,5,white
6.7,0.37,0.41,6.3,0.061,22.0,149.0,0.9953,3.16,0.47,9.6,6,white
7.1,0.37,0.32,1.4,0.037000000000000005,27.0,126.0,0.9918,3.19,0.62,12.0,5,white
6.9,0.25,0.27,9.05,0.039,37.0,128.0,0.9936,3.27,0.34,11.3,8,white
6.8,0.23,0.29,15.4,0.073,56.0,173.0,0.9984,3.06,0.41,8.7,6,white
6.4,0.26,0.21,7.1,0.04,35.0,162.0,0.9956,3.39,0.58,9.9,6,white
7.6,0.3,0.22,10.2,0.049,57.0,191.0,0.9966,3.08,0.4,9.3,6,white
9.4,0.16,0.23,1.6,0.042,14.0,67.0,0.9942,3.07,0.32,9.5,5,white
6.8,0.23,0.29,15.4,0.073,56.0,173.0,0.9984,3.06,0.41,8.7,6,white
6.4,0.26,0.21,7.1,0.04,35.0,162.0,0.9956,3.39,0.58,9.9,6,white
7.6,0.3,0.22,10.2,0.049,57.0,191.0,0.9966,3.08,0.4,9.3,6,white
7.5,0.33,0.39,12.4,0.065,29.0,119.0,0.9974,3.16,0.39,9.4,5,white
7.6,0.38,0.2,3.4,0.046,9.0,116.0,0.9944,3.15,0.41,9.4,5,white
8.8,0.2,0.43,15.0,0.053,60.0,184.0,1.0008,3.28,0.79,8.8,6,white
7.5,0.33,0.39,12.4,0.065,29.0,119.0,0.9974,3.16,0.39,9.4,5,white
8.8,0.2,0.43,15.0,0.053,60.0,184.0,1.0008,3.28,0.79,8.8,6,white
6.6,0.36,0.21,1.5,0.049,39.0,184.0,0.9928,3.18,0.41,9.9,6,white
7.6,0.38,0.2,3.4,0.046,9.0,116.0,0.9944,3.15,0.41,9.4,5,white
5.6,0.46,0.24,4.8,0.042,24.0,72.0,0.9908,3.29,0.37,12.6,6,white
7.2,0.15,0.38,1.2,0.038,18.0,110.0,0.9917,3.19,0.43,11.1,6,white
8.2,0.42,0.29,4.1,0.03,31.0,100.0,0.9911,3.0,0.32,12.8,7,white
6.8,0.3,0.35,2.8,0.038,10.0,164.0,0.9912,3.09,0.53,12.0,6,white
6.7,0.27,0.3,13.9,0.028999999999999998,34.0,131.0,0.9953,3.36,0.5,12.0,7,white
7.2,0.5,0.0,0.8,0.034,46.0,114.0,0.9932,3.19,0.34,9.2,4,white
6.0,0.26,0.29,1.0,0.032,27.0,96.0,0.9896,3.38,0.44,12.3,6,white
6.8,0.33,0.28,1.2,0.032,38.0,131.0,0.9889,3.19,0.41,13.0,6,white
6.8,0.3,0.35,2.8,0.038,10.0,164.0,0.9912,3.09,0.53,12.0,6,white
7.4,0.29,0.31,1.7,0.035,23.0,110.0,0.9926,3.07,0.38,10.9,5,white
8.2,0.42,0.29,4.1,0.03,31.0,100.0,0.9911,3.0,0.32,12.8,7,white
7.3,0.19,0.24,6.3,0.054000000000000006,34.0,231.0,0.9964,3.36,0.54,10.0,6,white
6.5,0.32,0.12,11.5,0.033,35.0,165.0,0.9974,3.22,0.32,9.0,5,white
7.1,0.32,0.4,1.5,0.034,13.0,84.0,0.9944,3.42,0.6,10.4,5,white
6.5,0.32,0.12,11.5,0.033,35.0,165.0,0.9974,3.22,0.32,9.0,5,white
7.3,0.19,0.24,6.3,0.054000000000000006,34.0,231.0,0.9964,3.36,0.54,10.0,6,white
7.3,0.17,0.23,6.3,0.051,35.0,240.0,0.9963,3.36,0.54,10.0,6,white
7.7,0.44,0.24,11.2,0.031,41.0,167.0,0.9948,3.12,0.43,11.3,7,white
7.7,0.44,0.24,11.2,0.031,41.0,167.0,0.9948,3.12,0.43,11.3,7,white
7.4,0.49,0.24,15.1,0.03,34.0,153.0,0.9953,3.13,0.51,12.0,7,white
7.7,0.44,0.24,11.2,0.031,41.0,167.0,0.9948,3.12,0.43,11.3,7,white
7.4,0.49,0.24,15.1,0.03,34.0,153.0,0.9953,3.13,0.51,12.0,7,white
6.4,0.21,0.3,5.6,0.044000000000000004,43.0,160.0,0.9949,3.6,0.41,10.6,6,white
8.0,0.55,0.42,12.6,0.21100000000000002,37.0,213.0,0.9988,2.99,0.56,9.3,5,white
7.0,0.19,0.23,5.7,0.12300000000000001,27.0,104.0,0.9954,3.04,0.54,9.4,6,white
7.2,0.24,0.29,2.2,0.037000000000000005,37.0,102.0,0.992,3.27,0.64,11.0,7,white
6.5,0.34,0.36,11.0,0.052000000000000005,53.0,247.0,0.9984,3.44,0.55,9.3,6,white
7.0,0.19,0.23,5.7,0.12300000000000001,27.0,104.0,0.9954,3.04,0.54,9.4,6,white
6.9,0.18,0.33,1.0,0.054000000000000006,24.0,164.0,0.9926,3.42,0.51,10.5,5,white
7.2,0.24,0.29,2.2,0.037000000000000005,37.0,102.0,0.992,3.27,0.64,11.0,7,white
8.2,0.18,0.31,11.8,0.039,96.0,249.0,0.9976,3.07,0.52,9.5,6,white
8.3,0.28,0.45,7.8,0.059000000000000004,32.0,139.0,0.9972,3.33,0.77,11.2,6,white
6.1,0.34,0.46,4.7,0.028999999999999998,21.0,94.0,0.991,3.29,0.62,12.3,6,white
7.4,0.44,0.2,11.5,0.049,44.0,157.0,0.998,3.27,0.44,9.0,5,white
7.6,0.26,0.58,7.9,0.040999999999999995,62.0,180.0,0.9966,3.07,0.38,9.0,5,white
7.4,0.44,0.2,11.5,0.049,44.0,157.0,0.998,3.27,0.44,9.0,5,white
8.7,0.49,0.57,17.8,0.052000000000000005,34.0,243.0,1.0007,2.98,0.82,9.0,5,white
7.0,0.24,0.25,1.7,0.042,48.0,189.0,0.992,3.25,0.42,11.4,6,white
7.1,0.25,0.25,1.6,0.046,50.0,181.0,0.9925,3.2,0.42,11.0,7,white
6.1,0.34,0.46,4.7,0.028999999999999998,21.0,94.0,0.991,3.29,0.62,12.3,6,white
6.4,0.18,0.31,1.6,0.049,36.0,127.0,0.9934,3.6,0.67,10.4,7,white
8.3,0.27,0.39,2.4,0.057999999999999996,16.0,107.0,0.9955,3.28,0.59,10.3,5,white
6.8,0.24,0.35,6.4,0.048,44.0,172.0,0.9944,3.29,0.55,10.5,7,white
8.0,0.22,0.28,14.0,0.053,83.0,197.0,0.9981,3.14,0.45,9.8,6,white
10.0,0.91,0.42,1.6,0.055999999999999994,34.0,181.0,0.9968,3.11,0.46,10.0,4,white
8.9,0.34,0.34,1.6,0.055999999999999994,13.0,176.0,0.9946,3.14,0.47,9.7,5,white
8.9,0.33,0.34,1.4,0.055999999999999994,14.0,171.0,0.9946,3.13,0.47,9.7,5,white
8.0,0.22,0.28,14.0,0.053,83.0,197.0,0.9981,3.14,0.45,9.8,6,white
6.7,0.18,0.19,4.7,0.046,57.0,161.0,0.9946,3.32,0.66,10.5,6,white
7.8,0.2,0.28,10.2,0.054000000000000006,78.0,186.0,0.997,3.14,0.46,10.0,6,white
7.3,0.13,0.31,2.3,0.054000000000000006,22.0,104.0,0.9924,3.24,0.92,11.5,7,white
6.6,0.28,0.3,7.8,0.049,57.0,202.0,0.9958,3.24,0.39,9.5,5,white
7.1,0.25,0.3,2.4,0.042,25.0,122.0,0.9940000000000001,3.43,0.61,10.5,6,white
7.6,0.36,0.44,8.3,0.255,28.0,142.0,0.9958,3.12,0.43,10.2,6,white
7.6,0.27,0.25,13.9,0.05,45.0,199.0,0.9984,3.34,0.5,9.8,6,white
6.9,0.37,0.28,13.8,0.031,34.0,137.0,0.9948,3.1,0.37,11.6,6,white
7.4,0.21,0.27,7.3,0.031,41.0,144.0,0.9932,3.15,0.38,11.8,7,white
8.2,0.18,0.28,8.5,0.035,41.0,140.0,0.9952,3.04,0.37,10.1,7,white
6.3,0.19,0.21,1.8,0.049,35.0,163.0,0.9924,3.31,0.5,10.3,6,white
7.0,0.21,0.22,5.1,0.048,38.0,168.0,0.9945,3.34,0.49,10.4,6,white
5.8,0.33,0.2,16.05,0.047,26.0,166.0,0.9976,3.09,0.46,8.9,5,white
5.8,0.33,0.2,16.05,0.047,26.0,166.0,0.9976,3.09,0.46,8.9,5,white
7.9,0.29,0.31,7.35,0.034,37.0,154.0,0.9938,3.06,0.31,10.8,5,white
6.6,0.31,0.38,16.05,0.057999999999999996,16.0,165.0,0.9997,3.38,0.6,9.2,5,white
8.0,0.19,0.3,2.0,0.053,48.0,140.0,0.9940000000000001,3.18,0.49,9.6,6,white
8.0,0.2,0.36,1.2,0.032,21.0,78.0,0.9921,3.08,0.37,10.4,6,white
8.0,0.25,0.26,14.0,0.043,41.0,248.0,0.9986,3.03,0.57,8.7,6,white
7.2,0.2,0.61,16.2,0.043,14.0,103.0,0.9987,3.06,0.36,9.2,6,white
7.7,0.3,0.42,14.3,0.045,45.0,213.0,0.9991,3.18,0.63,9.2,5,white
7.2,0.2,0.61,16.2,0.043,14.0,103.0,0.9987,3.06,0.36,9.2,6,white
7.7,0.3,0.42,14.3,0.045,45.0,213.0,0.9991,3.18,0.63,9.2,5,white
7.7,0.3,0.42,14.3,0.045,45.0,213.0,0.9991,3.18,0.63,9.2,5,white
6.4,0.22,0.32,7.9,0.028999999999999998,34.0,124.0,0.9948,3.4,0.39,10.2,5,white
7.2,0.2,0.61,16.2,0.043,14.0,103.0,0.9987,3.06,0.36,9.2,6,white
7.0,0.53,0.02,1.0,0.036000000000000004,39.0,107.0,0.993,3.2,0.32,9.0,5,white
7.3,0.24,0.41,13.6,0.05,41.0,178.0,0.9988,3.37,0.43,9.7,5,white
7.2,0.24,0.4,17.85,0.049,50.0,185.0,1.0,3.34,0.42,9.6,5,white
7.6,0.15,0.4,1.3,0.036000000000000004,24.0,112.0,0.9932,3.14,0.76,10.0,5,white
7.7,0.3,0.42,14.3,0.045,45.0,213.0,0.9991,3.18,0.63,9.2,5,white
7.6,0.33,0.41,13.7,0.045,44.0,197.0,0.9989,3.18,0.64,9.1,5,white
6.8,0.24,0.31,18.3,0.046,40.0,142.0,1.0,3.3,0.41,8.7,5,white
6.8,0.24,0.31,18.3,0.046,40.0,142.0,1.0,3.3,0.41,8.7,5,white
6.8,0.35,0.44,6.5,0.055999999999999994,31.0,161.0,0.9952,3.14,0.44,9.5,5,white
7.9,0.26,0.33,10.3,0.039,73.0,212.0,0.9969,2.93,0.49,9.5,6,white
7.5,0.29,0.67,8.1,0.037000000000000005,53.0,166.0,0.9966,2.9,0.41,8.9,6,white
7.5,0.29,0.67,8.1,0.037000000000000005,53.0,166.0,0.9966,2.9,0.41,8.9,6,white
7.2,0.31,0.41,8.6,0.053,15.0,89.0,0.9976,3.29,0.64,9.9,6,white
6.7,0.44,0.31,1.9,0.03,41.0,104.0,0.99,3.29,0.62,12.6,7,white
10.0,0.23,0.27,14.1,0.033,45.0,166.0,0.9988,2.72,0.43,9.7,6,white
7.4,0.21,0.3,7.9,0.039,14.0,118.0,0.9942,2.96,0.34,10.4,5,white
8.8,0.23,0.35,10.7,0.04,26.0,183.0,0.9984,2.93,0.49,9.1,6,white
7.8,0.34,0.27,1.2,0.04,25.0,106.0,0.9932,3.01,0.55,10.4,5,white
7.9,0.26,0.33,10.3,0.039,73.0,212.0,0.9969,2.93,0.49,9.5,6,white
7.5,0.29,0.67,8.1,0.037000000000000005,53.0,166.0,0.9966,2.9,0.41,8.9,6,white
6.0,0.28,0.35,1.9,0.037000000000000005,16.0,120.0,0.9933,3.16,0.69,10.6,5,white
7.9,0.37,0.3,2.7,0.028999999999999998,64.0,158.0,0.9916,3.12,0.59,12.0,7,white
7.2,0.36,0.36,5.7,0.038,26.0,98.0,0.9914,2.93,0.59,12.5,7,white
7.6,0.13,0.34,9.3,0.062,40.0,126.0,0.9966,3.21,0.39,9.6,5,white
6.6,0.25,0.36,8.1,0.045,54.0,180.0,0.9958,3.08,0.42,9.2,5,white
7.1,0.18,0.26,1.3,0.040999999999999995,20.0,71.0,0.9926,3.04,0.74,9.9,6,white
7.9,0.3,0.27,8.5,0.036000000000000004,20.0,112.0,0.9939,2.96,0.46,11.7,6,white
8.3,0.23,0.3,2.1,0.049,21.0,153.0,0.9953,3.09,0.5,9.6,6,white
6.8,0.43,0.3,3.5,0.033,27.0,135.0,0.9906,3.0,0.37,12.0,6,white
7.2,0.36,0.36,5.7,0.038,26.0,98.0,0.9914,2.93,0.59,12.5,7,white
6.6,0.25,0.36,8.1,0.045,54.0,180.0,0.9958,3.08,0.42,9.2,5,white
7.1,0.18,0.26,1.3,0.040999999999999995,20.0,71.0,0.9926,3.04,0.74,9.9,6,white
6.6,0.35,0.29,14.4,0.044000000000000004,54.0,177.0,0.9991,3.17,0.58,8.9,6,white
7.3,0.22,0.5,13.7,0.049,56.0,189.0,0.9994,3.24,0.66,9.0,6,white
8.1,0.26,0.33,11.1,0.052000000000000005,52.5,158.0,0.9976,3.03,0.49,10.2,7,white
7.6,0.13,0.34,9.3,0.062,40.0,126.0,0.9966,3.21,0.39,9.6,5,white
7.0,0.12,0.19,4.9,0.055,27.0,127.0,0.9953,3.29,0.41,9.4,5,white
8.2,0.37,0.27,1.7,0.027999999999999997,10.0,59.0,0.9923,2.97,0.48,10.4,5,white
7.6,0.26,0.36,1.6,0.032,6.0,106.0,0.993,3.15,0.4,10.4,4,white
6.3,0.2,0.58,1.4,0.204,15.0,97.0,0.9931,3.16,0.43,10.0,6,white
6.3,0.22,0.57,1.4,0.20800000000000002,14.0,96.0,0.9932,3.16,0.43,10.0,6,white
7.1,0.25,0.28,1.6,0.052000000000000005,46.0,169.0,0.9926,3.05,0.41,10.5,5,white
7.0,0.27,0.32,6.8,0.047,47.0,193.0,0.9938,3.23,0.39,11.4,6,white
8.8,0.34,0.33,9.7,0.036000000000000004,46.0,172.0,0.9966,3.08,0.4,10.2,5,white
9.2,0.27,0.34,10.5,0.043,49.0,228.0,0.9974,3.04,0.41,10.4,6,white
7.1,0.49,0.22,2.0,0.047,146.5,307.5,0.9924,3.24,0.37,11.0,3,white
9.2,0.71,0.23,6.2,0.042,15.0,93.0,0.9948,2.89,0.34,10.1,6,white
7.2,0.47,0.65,8.3,0.083,27.0,182.0,0.9964,3.0,0.35,9.2,5,white
6.8,0.28,0.36,1.6,0.04,25.0,87.0,0.9924,3.23,0.66,10.3,6,white
8.8,0.34,0.33,9.7,0.036000000000000004,46.0,172.0,0.9966,3.08,0.4,10.2,5,white
9.2,0.27,0.34,10.5,0.043,49.0,228.0,0.9974,3.04,0.41,10.4,6,white
7.3,0.13,0.27,4.6,0.08,34.0,172.0,0.9938,3.23,0.39,11.1,7,white
7.2,0.16,0.35,1.2,0.031,27.0,84.0,0.9928,3.33,0.34,9.9,5,white
6.8,0.31,0.32,7.6,0.052000000000000005,35.0,143.0,0.9959,3.14,0.38,9.0,5,white
8.3,0.36,0.57,15.0,0.052000000000000005,35.0,256.0,1.0001,2.93,0.64,8.6,5,white
6.8,0.31,0.32,7.6,0.052000000000000005,35.0,143.0,0.9959,3.14,0.38,9.0,5,white
8.3,0.36,0.57,15.0,0.052000000000000005,35.0,256.0,1.0001,2.93,0.64,8.6,5,white
6.3,0.25,0.44,11.6,0.040999999999999995,48.0,195.0,0.9968,3.18,0.52,9.5,5,white
6.0,0.45,0.42,1.1,0.051,61.0,197.0,0.9932,3.02,0.4,9.0,5,white
8.1,0.26,0.3,7.8,0.049,39.0,152.0,0.9954,2.99,0.58,10.0,6,white
6.4,0.22,0.32,12.0,0.066,57.0,158.0,0.9992,3.6,0.43,9.0,6,white
5.7,0.45,0.42,1.1,0.051,61.0,197.0,0.9932,3.02,0.4,9.0,5,white
7.2,0.19,0.31,1.4,0.046,37.0,135.0,0.9939,3.34,0.57,10.2,7,white
6.7,0.31,0.44,6.7,0.054000000000000006,29.0,160.0,0.9952,3.04,0.44,9.6,5,white
8.0,0.25,0.13,17.2,0.036000000000000004,49.0,219.0,0.9996,2.96,0.46,9.7,5,white
9.9,1.005,0.46,1.4,0.046,34.0,185.0,0.9966,3.02,0.49,10.2,4,white
8.1,0.31,0.36,8.2,0.027999999999999997,29.0,142.0,0.9925,3.01,0.34,13.0,7,white
8.1,0.24,0.38,4.3,0.044000000000000004,49.0,172.0,0.996,3.37,0.74,10.8,6,white
8.0,0.25,0.13,17.2,0.036000000000000004,49.0,219.0,0.9996,2.96,0.46,9.7,5,white
6.4,0.29,0.28,11.1,0.063,66.0,169.0,0.9973,2.89,0.57,9.0,5,white
7.2,0.15,0.33,1.1,0.027000000000000003,16.0,63.0,0.9937,3.37,0.4,9.9,5,white
7.0,0.12,0.32,7.2,0.057999999999999996,22.0,89.0,0.9966,3.29,0.38,9.2,6,white
7.4,0.32,0.55,16.6,0.055999999999999994,53.0,238.0,1.0017,2.96,0.58,8.7,6,white
8.5,0.17,0.31,1.0,0.024,13.0,91.0,0.993,2.79,0.37,10.1,5,white
8.5,0.17,0.31,1.0,0.024,13.0,91.0,0.993,2.79,0.37,10.1,5,white
9.5,0.21,0.47,1.3,0.039,21.0,123.0,0.9959,2.9,0.64,9.5,5,white
8.2,0.21,0.48,1.4,0.040999999999999995,11.0,99.0,0.9958,3.17,0.57,9.9,5,white
7.4,0.32,0.55,16.6,0.055999999999999994,53.0,238.0,1.0017,2.96,0.58,8.7,6,white
6.8,0.31,0.42,6.9,0.046,50.0,173.0,0.9958,3.19,0.46,9.0,5,white
6.8,0.27,0.28,13.3,0.076,50.0,163.0,0.9979,3.03,0.38,8.6,6,white
7.4,0.21,0.3,8.1,0.047,13.0,114.0,0.9941,3.12,0.35,10.5,6,white
8.0,0.23,0.35,9.2,0.044000000000000004,53.0,186.0,0.997,3.09,0.56,9.5,7,white
7.6,0.2,0.31,1.4,0.047,41.0,142.0,0.9934,3.43,0.53,10.1,6,white
6.3,0.41,0.3,3.2,0.03,49.0,164.0,0.9927,3.53,0.79,11.7,7,white
8.3,0.49,0.43,2.5,0.036000000000000004,32.0,116.0,0.9944,3.23,0.47,10.7,6,white
6.3,0.41,0.3,3.2,0.03,49.0,164.0,0.9927,3.53,0.79,11.7,7,white
7.6,0.2,0.26,4.5,0.086,37.0,133.0,0.9963,3.15,0.42,9.2,5,white
7.5,0.26,0.26,18.35,0.084,33.0,139.0,1.0011,3.17,0.39,8.8,5,white
7.5,0.26,0.26,18.35,0.084,33.0,139.0,1.0011,3.17,0.39,8.8,5,white
6.8,0.27,0.35,7.8,0.048,76.0,197.0,0.9959,3.24,0.43,9.5,6,white
6.8,0.28,0.37,7.0,0.057,35.0,208.0,0.9973,3.57,0.55,10.2,5,white
8.4,0.2,0.27,6.3,0.048,30.0,143.0,0.9966,3.25,0.5,9.1,6,white
7.9,0.33,0.26,1.2,0.044000000000000004,23.0,103.0,0.9932,3.19,0.54,10.5,6,white
7.5,0.38,0.5,12.8,0.042,57.0,184.0,0.9984,3.09,0.46,9.0,6,white
7.6,0.2,0.3,14.2,0.055999999999999994,53.0,212.5,0.9990000000000001,3.14,0.46,8.9,8,white
7.6,0.2,0.3,14.2,0.055999999999999994,53.0,212.5,0.9990000000000001,3.14,0.46,8.9,8,white
7.6,0.2,0.3,14.2,0.055999999999999994,53.0,212.5,0.9990000000000001,3.14,0.46,8.9,8,white
7.6,0.2,0.3,14.2,0.055999999999999994,53.0,212.5,0.9990000000000001,3.14,0.46,8.9,8,white
7.6,0.2,0.3,14.2,0.055999999999999994,53.0,212.5,0.9990000000000001,3.14,0.46,8.9,8,white
8.1,0.19,0.58,16.65,0.049,48.0,181.0,1.0006,3.2,0.62,9.1,6,white
7.6,0.16,0.41,1.9,0.047,27.0,151.0,0.9937,3.2,0.53,10.1,6,white
8.1,0.22,0.28,7.7,0.043,57.0,176.0,0.9954,3.12,0.55,10.0,5,white
8.0,0.22,0.32,10.4,0.043,63.0,201.0,0.997,3.11,0.53,9.5,6,white
7.1,0.33,0.3,3.3,0.034,30.0,102.0,0.9912,3.08,0.31,12.3,7,white
6.4,0.43,0.27,1.1,0.054000000000000006,5.0,110.0,0.9939,3.24,0.52,9.1,4,white
7.6,0.2,0.3,14.2,0.055999999999999994,53.0,212.5,0.9990000000000001,3.14,0.46,8.9,8,white
7.0,0.12,0.28,6.3,0.057,17.0,103.0,0.9957,3.5,0.44,9.6,5,white
7.4,0.3,0.22,5.25,0.053,33.0,180.0,0.9926,3.13,0.45,11.6,6,white
7.0,0.28,0.33,14.6,0.043,47.0,168.0,0.9994,3.34,0.67,8.8,6,white
8.4,0.2,0.38,11.8,0.055,51.0,170.0,1.0004,3.34,0.82,8.9,6,white
7.0,0.28,0.33,14.6,0.043,47.0,168.0,0.9994,3.34,0.67,8.8,6,white
8.4,0.2,0.38,11.8,0.055,51.0,170.0,1.0004,3.34,0.82,8.9,6,white
8.4,0.2,0.38,11.8,0.055,51.0,170.0,1.0004,3.34,0.82,8.9,6,white
7.3,0.18,0.31,17.3,0.055,32.0,197.0,1.0002,3.13,0.46,9.0,6,white
6.8,0.31,0.09,1.4,0.04,56.0,145.0,0.9922,3.19,0.46,10.0,5,white
6.7,0.31,0.08,1.3,0.038,58.0,147.0,0.9922,3.18,0.46,10.0,5,white
7.6,0.17,0.35,1.6,0.047,43.0,154.0,0.9934,3.36,0.69,11.1,6,white
7.4,0.3,0.22,5.25,0.053,33.0,180.0,0.9926,3.13,0.45,11.6,6,white
7.4,0.26,0.31,2.4,0.043,58.0,178.0,0.9941,3.42,0.68,10.6,6,white
7.0,0.28,0.33,14.6,0.043,47.0,168.0,0.9994,3.34,0.67,8.8,6,white
8.4,0.2,0.38,11.8,0.055,51.0,170.0,1.0004,3.34,0.82,8.9,6,white
5.6,0.18,0.31,1.5,0.038,16.0,84.0,0.9924,3.34,0.58,10.1,6,white
7.2,0.15,0.39,1.8,0.043,21.0,159.0,0.9948,3.52,0.47,10.0,5,white
8.0,0.4,0.33,7.7,0.034,27.0,98.0,0.9935,3.18,0.41,12.2,7,white
7.0,0.25,0.56,2.0,0.035,20.0,95.0,0.9918,3.23,0.53,11.0,6,white
7.2,0.15,0.39,1.8,0.043,21.0,159.0,0.9948,3.52,0.47,10.0,5,white
6.8,0.18,0.46,1.4,0.064,37.0,160.0,0.9924,3.37,0.45,11.1,5,white
6.6,0.32,0.22,16.7,0.046,38.0,133.0,0.9979,3.22,0.67,10.4,6,white
9.0,0.55,0.3,8.1,0.026000000000000002,14.0,71.0,0.993,2.94,0.36,11.8,5,white
6.9,0.19,0.39,8.0,0.027999999999999997,22.0,84.0,0.9940000000000001,3.11,0.66,10.8,6,white
6.3,0.41,0.33,4.7,0.023,28.0,110.0,0.991,3.3,0.38,12.5,7,white
9.0,0.55,0.3,8.1,0.026000000000000002,14.0,71.0,0.993,2.94,0.36,11.8,5,white
7.0,0.2,0.34,2.1,0.049,12.0,136.0,0.9922,3.25,0.46,11.6,7,white
6.6,0.32,0.22,16.7,0.046,38.0,133.0,0.9979,3.22,0.67,10.4,6,white
7.7,0.26,0.34,6.4,0.05,36.0,163.0,0.9937,3.19,0.7,11.5,6,white
6.3,0.21,0.28,1.5,0.051,46.0,142.0,0.9928,3.23,0.42,10.1,6,white
7.6,0.34,0.39,7.6,0.04,45.0,215.0,0.9965,3.11,0.53,9.2,6,white
6.3,0.21,0.28,1.5,0.051,46.0,142.0,0.9928,3.23,0.42,10.1,6,white
8.0,0.43,0.4,12.4,0.168,29.0,190.0,0.9991,3.07,0.64,9.2,5,white
7.5,0.3,0.71,1.3,0.16,44.0,149.0,0.9948,3.08,0.42,8.9,5,white
6.4,0.26,0.4,1.7,0.179,5.0,60.0,0.9925,3.09,0.54,10.1,5,white
6.9,0.32,0.15,8.1,0.046,51.0,180.0,0.9958,3.13,0.45,8.9,5,white
8.9,0.21,0.34,7.1,0.037000000000000005,33.0,150.0,0.9962,3.1,0.45,9.7,6,white
7.6,0.34,0.39,7.6,0.04,45.0,215.0,0.9965,3.11,0.53,9.2,6,white
9.5,0.42,0.41,2.3,0.034,22.0,145.0,0.9951,3.06,0.52,11.0,6,white
7.6,0.29,0.26,6.5,0.042,32.0,160.0,0.9944,3.14,0.47,10.7,5,white
6.5,0.25,0.2,1.4,0.024,29.0,101.0,0.9916,3.24,0.54,10.8,6,white
7.2,0.23,0.33,12.7,0.049,50.0,183.0,0.9987,3.41,0.4,9.8,5,white
7.9,0.35,0.36,1.6,0.038,11.0,124.0,0.9928,3.25,0.48,11.0,5,white
8.8,0.2,0.28,1.1,0.018000000000000002,18.0,72.0,0.9926,2.97,0.35,10.4,5,white
5.7,0.27,0.32,1.2,0.046,20.0,155.0,0.9934,3.8,0.41,10.2,6,white
7.6,0.29,0.26,6.5,0.042,32.0,160.0,0.9944,3.14,0.47,10.7,5,white
5.5,0.14,0.27,4.6,0.028999999999999998,22.0,104.0,0.9949,3.34,0.44,9.0,5,white
8.7,0.24,0.35,0.6,0.042,11.0,71.0,0.9926,3.08,0.38,10.6,5,white
6.7,0.3,0.45,10.6,0.032,56.0,212.0,0.997,3.22,0.59,9.5,6,white
5.5,0.14,0.27,4.6,0.028999999999999998,22.0,104.0,0.9949,3.34,0.44,9.0,5,white
5.6,0.13,0.27,4.8,0.027999999999999997,22.0,104.0,0.9948,3.34,0.45,9.2,6,white
7.4,0.18,0.34,2.7,0.03,30.0,107.0,0.992,2.97,0.53,11.0,6,white
5.7,0.385,0.04,12.6,0.034,22.0,115.0,0.9964,3.28,0.63,9.9,6,white
8.7,0.24,0.35,0.6,0.042,11.0,71.0,0.9926,3.08,0.38,10.6,5,white
8.3,0.33,0.43,9.2,0.046,22.0,126.0,0.9982,3.38,0.47,9.3,5,white
6.8,0.34,0.44,6.6,0.052000000000000005,28.0,156.0,0.9955,3.14,0.41,9.6,5,white
6.8,0.33,0.44,7.0,0.05,29.0,155.0,0.9955,3.14,0.42,9.5,5,white
6.3,0.28,0.24,8.45,0.031,32.0,172.0,0.9958,3.39,0.57,9.7,7,white
11.8,0.23,0.38,11.1,0.034,15.0,123.0,0.9997,2.93,0.55,9.7,3,white
6.8,0.21,0.27,18.15,0.042,41.0,146.0,1.0001,3.3,0.36,8.7,5,white
6.8,0.21,0.27,18.15,0.042,41.0,146.0,1.0001,3.3,0.36,8.7,5,white
8.6,0.485,0.29,4.1,0.026000000000000002,19.0,101.0,0.9918,3.01,0.38,12.4,5,white
8.6,0.485,0.29,4.1,0.026000000000000002,19.0,101.0,0.9918,3.01,0.38,12.4,5,white
7.3,0.29,0.29,4.6,0.028999999999999998,27.0,155.0,0.9931,3.07,0.26,10.6,6,white
6.8,0.21,0.27,18.15,0.042,41.0,146.0,1.0001,3.3,0.36,8.7,5,white
6.7,0.31,0.31,4.9,0.031,20.0,151.0,0.9926,3.36,0.82,12.0,7,white
7.3,0.29,0.37,8.3,0.044000000000000004,45.0,227.0,0.9966,3.12,0.47,9.0,5,white
5.7,0.46,0.46,1.4,0.04,31.0,169.0,0.9932,3.13,0.47,8.8,5,white
6.8,0.28,0.44,11.5,0.04,58.0,223.0,0.9969,3.22,0.56,9.5,5,white
6.7,0.23,0.33,1.8,0.036000000000000004,23.0,96.0,0.9925,3.32,0.4,10.8,6,white
6.9,0.17,0.25,1.6,0.047,34.0,132.0,0.9914,3.16,0.48,11.4,5,white
7.6,0.18,0.36,2.4,0.049,38.0,123.0,0.996,3.6,0.46,10.3,5,white
6.6,0.22,0.28,4.9,0.042,51.0,180.0,0.9952,3.3,0.75,9.5,6,white
7.8,0.27,0.28,1.8,0.05,21.0,127.0,0.9934,3.15,0.44,9.9,5,white
7.7,0.28,0.29,4.3,0.051,25.0,142.0,0.9939,3.16,0.39,10.2,5,white
7.6,0.29,0.29,4.4,0.051,26.0,146.0,0.9939,3.16,0.39,10.2,5,white
5.7,0.32,0.18,1.4,0.028999999999999998,26.0,104.0,0.9906,3.44,0.37,11.0,6,white
7.1,0.33,0.25,1.6,0.03,25.0,126.0,0.9901,3.22,0.34,12.1,7,white
7.3,0.34,0.3,1.3,0.057,25.0,173.0,0.9948,3.26,0.51,9.1,6,white
6.5,0.19,0.26,5.2,0.04,31.0,140.0,0.995,3.26,0.68,9.5,6,white
6.6,0.23,0.27,5.6,0.043,43.0,164.0,0.9953,3.27,0.76,9.5,5,white
6.6,0.27,0.29,5.3,0.045,57.0,189.0,0.9953,3.31,0.79,9.8,5,white
6.6,0.22,0.28,4.9,0.042,51.0,180.0,0.9952,3.3,0.75,9.5,6,white
7.6,0.18,0.36,2.4,0.049,38.0,123.0,0.996,3.6,0.46,10.3,5,white
6.8,0.36,0.32,1.6,0.039,10.0,124.0,0.9948,3.3,0.67,9.6,5,white
7.0,0.22,0.39,2.1,0.055,39.0,198.0,0.9951,3.52,0.54,10.2,6,white
5.9,0.17,0.3,1.4,0.042,25.0,119.0,0.9931,3.68,0.72,10.5,6,white
7.4,0.45,0.32,7.1,0.044000000000000004,17.0,117.0,0.9962,3.32,0.41,10.4,4,white
6.8,0.36,0.32,1.6,0.039,10.0,124.0,0.9948,3.3,0.67,9.6,5,white
7.5,0.42,0.14,10.7,0.046,18.0,95.0,0.9959,3.22,0.33,10.7,5,white
7.5,0.33,0.32,11.1,0.036000000000000004,25.0,119.0,0.9962,3.15,0.34,10.5,6,white
9.4,0.3,0.32,10.7,0.028999999999999998,14.0,111.0,0.9958,2.85,0.42,10.6,5,white
7.9,0.17,0.32,1.6,0.053,47.0,150.0,0.9948,3.29,0.76,9.6,6,white
7.9,0.17,0.32,1.6,0.053,47.0,150.0,0.9948,3.29,0.76,9.6,6,white
8.2,0.17,0.32,1.5,0.05,17.0,101.0,0.9940000000000001,3.14,0.58,9.5,5,white
8.3,0.17,0.31,1.5,0.049,48.0,153.0,0.9942,3.12,0.58,9.4,6,white
8.7,0.15,0.3,1.6,0.046,29.0,130.0,0.9942,3.22,0.38,9.8,6,white
7.9,0.17,0.32,1.6,0.053,47.0,150.0,0.9948,3.29,0.76,9.6,6,white
7.2,0.25,0.19,8.0,0.044000000000000004,51.0,172.0,0.9964,3.16,0.44,9.2,5,white
7.2,0.24,0.19,7.7,0.045,53.0,176.0,0.9958,3.17,0.38,9.5,5,white
5.3,0.76,0.03,2.7,0.043,27.0,93.0,0.9932,3.34,0.38,9.2,5,white
6.6,0.22,0.53,15.1,0.052000000000000005,22.0,136.0,0.9986,2.94,0.35,9.4,5,white
6.6,0.22,0.53,15.1,0.052000000000000005,22.0,136.0,0.9986,2.94,0.35,9.4,5,white
8.4,0.28,0.4,8.9,0.048,33.0,146.0,0.9988,3.4,0.46,9.3,5,white
6.8,0.32,0.34,6.0,0.05,5.0,129.0,0.9953,3.19,0.4,9.1,5,white
6.7,0.24,0.33,12.3,0.046,31.0,145.0,0.9983,3.36,0.4,9.5,5,white
7.4,0.18,0.36,13.1,0.055999999999999994,72.0,163.0,1.0,3.42,0.35,9.1,6,white
6.0,0.16,0.3,6.7,0.043,43.0,153.0,0.9951,3.63,0.46,10.6,5,white
6.7,0.24,0.33,12.3,0.046,31.0,145.0,0.9983,3.36,0.4,9.5,5,white
6.8,0.28,0.35,2.3,0.042,16.0,85.0,0.9906,3.19,0.56,12.4,6,white
6.2,0.34,0.3,11.1,0.047,28.0,237.0,0.9981,3.18,0.49,8.7,5,white
6.0,0.27,0.15,1.5,0.055999999999999994,35.0,128.0,0.9936,3.12,0.45,8.8,5,white
6.0,0.16,0.3,6.7,0.043,43.0,153.0,0.9951,3.63,0.46,10.6,5,white
6.8,0.32,0.34,6.0,0.05,5.0,129.0,0.9953,3.19,0.4,9.1,5,white
8.5,0.24,0.47,15.2,0.057,40.0,234.0,1.0005,3.02,0.66,9.0,5,white
8.1,0.24,0.33,10.2,0.048,46.0,141.0,0.9972,3.16,0.48,10.3,6,white
7.4,0.18,0.36,13.1,0.055999999999999994,72.0,163.0,1.0,3.42,0.35,9.1,6,white
7.7,0.23,0.31,10.7,0.038,59.0,186.0,0.9969,3.12,0.55,9.5,6,white
6.5,0.22,0.25,17.1,0.05,44.0,138.0,1.0001,3.3,0.37,8.8,5,white
6.5,0.22,0.25,17.1,0.05,44.0,138.0,1.0001,3.3,0.37,8.8,5,white
6.5,0.22,0.25,17.1,0.05,44.0,138.0,1.0001,3.3,0.37,8.8,5,white
5.7,0.33,0.15,1.9,0.05,20.0,93.0,0.9934,3.38,0.62,9.9,5,white
7.7,0.23,0.31,10.7,0.038,59.0,186.0,0.9969,3.12,0.55,9.5,6,white
6.5,0.22,0.25,17.1,0.05,44.0,138.0,1.0001,3.3,0.37,8.8,5,white
6.8,0.2,0.27,1.2,0.034,19.0,68.0,0.9902,3.14,0.37,11.7,4,white
7.7,0.26,0.32,1.2,0.04,26.0,117.0,0.993,3.21,0.56,10.8,5,white
6.4,0.2,0.32,3.1,0.040999999999999995,18.0,126.0,0.9914,3.43,0.42,12.0,6,white
8.0,0.16,0.36,1.5,0.033,14.0,122.0,0.9941,3.2,0.39,10.3,4,white
6.8,0.25,0.27,10.7,0.076,47.0,154.0,0.9967,3.05,0.38,9.0,5,white
7.7,0.39,0.28,4.9,0.035,36.0,109.0,0.9918,3.19,0.58,12.2,7,white
6.9,0.26,0.33,12.6,0.051,59.0,173.0,0.998,3.39,0.38,9.9,5,white
6.8,0.25,0.27,10.7,0.076,47.0,154.0,0.9967,3.05,0.38,9.0,5,white
7.7,0.39,0.28,4.9,0.035,36.0,109.0,0.9918,3.19,0.58,12.2,7,white
6.0,0.28,0.22,12.15,0.048,42.0,163.0,0.9957,3.2,0.46,10.1,5,white
6.5,0.43,0.28,12.0,0.055999999999999994,23.0,174.0,0.9986,3.31,0.55,9.3,5,white
9.1,0.33,0.38,1.7,0.062,50.5,344.0,0.9958,3.1,0.7,9.5,5,white
5.9,0.5,0.05,2.6,0.054000000000000006,36.0,146.0,0.9948,3.43,0.5,9.2,6,white
6.8,0.28,0.39,1.4,0.036000000000000004,15.0,115.0,0.9918,3.27,0.72,11.7,5,white
7.0,0.35,0.24,1.9,0.04,21.0,144.0,0.9923,3.35,0.38,11.0,5,white
7.1,0.22,0.32,16.9,0.055999999999999994,49.0,158.0,0.9998,3.37,0.38,9.6,6,white
7.1,0.22,0.32,16.9,0.055999999999999994,49.0,158.0,0.9998,3.37,0.38,9.6,6,white
8.3,0.24,0.27,2.1,0.03,22.0,162.0,0.9914,2.99,0.68,11.9,6,white
6.8,0.26,0.32,7.0,0.040999999999999995,38.0,118.0,0.9939,3.25,0.52,10.8,6,white
7.2,0.16,0.26,7.1,0.054000000000000006,41.0,224.0,0.9966,3.38,0.55,10.1,5,white
7.9,0.18,0.36,5.9,0.057999999999999996,31.0,132.0,0.995,3.25,0.52,10.9,6,white
7.2,0.16,0.26,7.1,0.054000000000000006,41.0,224.0,0.9966,3.38,0.55,10.1,5,white
5.5,0.24,0.32,8.7,0.06,19.0,102.0,0.9940000000000001,3.27,0.31,10.4,5,white
7.1,0.33,0.64,13.2,0.055999999999999994,12.0,105.0,0.9972,3.05,0.39,9.2,5,white
7.7,0.28,0.35,15.3,0.055999999999999994,31.0,117.0,0.9998,3.27,0.5,9.6,5,white
7.7,0.28,0.35,15.3,0.055999999999999994,31.0,117.0,0.9998,3.27,0.5,9.6,5,white
7.5,0.26,0.52,13.2,0.047,64.0,179.0,0.9982,3.1,0.46,9.0,5,white
6.5,0.14,0.32,2.7,0.037000000000000005,18.0,89.0,0.9924,3.4,0.74,11.5,7,white
8.2,0.21,0.32,10.65,0.053,53.0,145.0,0.9972,3.17,0.48,10.2,6,white
7.2,0.2,0.31,10.0,0.054000000000000006,49.0,165.0,0.997,3.4,0.42,9.9,6,white
7.2,0.115,0.3,6.8,0.055999999999999994,26.0,105.0,0.9954,3.44,0.4,9.6,6,white
6.4,0.29,0.2,15.6,0.04,20.0,142.0,0.9962,3.1,0.54,10.6,5,white
7.1,0.33,0.64,13.2,0.055999999999999994,12.0,105.0,0.9972,3.05,0.39,9.2,5,white
6.8,0.24,0.34,5.1,0.038,31.0,99.0,0.9921,3.24,0.46,11.8,6,white
7.0,0.24,0.34,3.0,0.035,36.0,102.0,0.9905,3.18,0.43,12.2,6,white
7.7,0.28,0.35,15.3,0.055999999999999994,31.0,117.0,0.9998,3.27,0.5,9.6,5,white
7.0,0.22,0.33,2.1,0.052000000000000005,15.0,76.0,0.993,3.2,0.41,10.6,6,white
7.5,0.18,0.39,1.9,0.054000000000000006,23.0,91.0,0.9941,3.27,0.45,10.3,6,white
9.8,0.93,0.45,8.6,0.052000000000000005,34.0,187.0,0.9994,3.12,0.59,10.2,4,white
7.8,0.29,0.33,8.75,0.035,33.0,181.0,0.9962,3.11,0.46,10.7,5,white
7.9,0.28,0.32,3.6,0.038,9.0,76.0,0.992,3.05,0.31,11.7,4,white
8.5,0.25,0.27,4.7,0.031,31.0,92.0,0.9922,3.01,0.33,12.0,6,white
7.4,0.18,0.27,1.3,0.048,26.0,105.0,0.9940000000000001,3.52,0.66,10.6,6,white
6.3,0.24,0.37,1.8,0.031,6.0,61.0,0.9897,3.3,0.34,12.2,4,white
6.0,0.33,0.38,9.7,0.04,29.0,124.0,0.9954,3.47,0.48,11.0,6,white
6.8,0.37,0.28,4.0,0.03,29.0,79.0,0.99,3.23,0.46,12.4,7,white
9.9,0.49,0.23,2.4,0.087,19.0,115.0,0.9948,2.77,0.44,9.4,6,white
8.5,0.25,0.27,4.7,0.031,31.0,92.0,0.9922,3.01,0.33,12.0,6,white
8.4,0.22,0.28,18.8,0.027999999999999997,55.0,130.0,0.998,2.96,0.35,11.6,5,white
7.0,0.35,0.31,1.8,0.069,15.0,162.0,0.9944,3.18,0.47,9.4,5,white
7.0,0.35,0.31,1.8,0.069,15.0,162.0,0.9944,3.18,0.47,9.4,5,white
7.4,0.19,0.3,12.8,0.053,48.5,229.0,0.9986,3.14,0.49,9.1,7,white
7.4,0.19,0.3,12.8,0.053,48.5,229.0,0.9986,3.14,0.49,9.1,7,white
7.4,0.19,0.3,12.8,0.053,48.5,229.0,0.9986,3.14,0.49,9.1,7,white
7.4,0.19,0.3,12.8,0.053,48.5,229.0,0.9986,3.14,0.49,9.1,7,white
7.4,0.19,0.3,12.8,0.053,48.5,229.0,0.9986,3.14,0.49,9.1,7,white
6.9,0.32,0.13,7.8,0.042,11.0,117.0,0.996,3.23,0.37,9.2,5,white
7.6,0.32,0.58,16.75,0.05,43.0,163.0,0.9999,3.15,0.54,9.2,5,white
7.4,0.19,0.3,12.8,0.053,48.5,229.0,0.9986,3.14,0.49,9.1,7,white
7.4,0.19,0.3,12.8,0.053,48.5,212.0,0.9986,3.14,0.49,9.1,7,white
6.9,0.32,0.13,7.8,0.042,11.0,117.0,0.996,3.23,0.37,9.2,5,white
6.0,0.34,0.24,5.4,0.06,23.0,126.0,0.9951,3.25,0.44,9.0,7,white
7.6,0.32,0.58,16.75,0.05,43.0,163.0,0.9999,3.15,0.54,9.2,5,white
7.7,0.24,0.31,1.3,0.047,33.0,106.0,0.993,3.22,0.55,10.8,6,white
8.0,0.36,0.43,10.1,0.053,29.0,146.0,0.9982,3.4,0.46,9.5,6,white
7.4,0.29,0.25,3.8,0.044000000000000004,30.0,114.0,0.992,3.11,0.4,11.0,6,white
6.6,0.32,0.27,10.9,0.040999999999999995,37.0,146.0,0.9963,3.24,0.47,10.0,5,white
6.3,0.3,0.24,6.6,0.04,38.0,141.0,0.995,3.22,0.47,9.5,5,white
6.4,0.33,0.24,9.8,0.040999999999999995,29.0,109.0,0.9956,3.29,0.47,10.1,6,white
7.5,0.18,0.31,11.7,0.051,24.0,94.0,0.997,3.19,0.44,9.5,7,white
6.5,0.39,0.81,1.2,0.217,14.0,74.0,0.9936,3.08,0.53,9.5,5,white
6.8,0.25,0.18,1.4,0.055999999999999994,13.0,137.0,0.9935,3.11,0.42,9.5,5,white
6.4,0.18,0.32,9.6,0.052000000000000005,24.0,90.0,0.9963,3.35,0.49,9.4,6,white
7.1,0.18,0.32,12.2,0.048,36.0,125.0,0.9967,2.92,0.54,9.4,6,white
7.6,0.27,0.42,2.6,0.044000000000000004,29.0,110.0,0.9912,3.31,0.51,12.7,6,white
9.2,0.23,0.35,10.7,0.037000000000000005,34.0,145.0,0.9981,3.09,0.32,9.7,5,white
7.9,0.28,0.41,4.9,0.057999999999999996,31.0,153.0,0.9966,3.27,0.51,9.7,6,white
7.1,0.18,0.32,12.2,0.048,36.0,125.0,0.9967,2.92,0.54,9.4,6,white
6.4,0.18,0.32,9.6,0.052000000000000005,24.0,90.0,0.9963,3.35,0.49,9.4,6,white
6.8,0.25,0.18,1.4,0.055999999999999994,13.0,137.0,0.9935,3.11,0.42,9.5,5,white
7.0,0.22,0.26,1.1,0.037000000000000005,20.0,71.0,0.9902,3.1,0.38,11.7,6,white
7.3,0.18,0.29,1.0,0.036000000000000004,26.0,101.0,0.99,3.09,0.37,11.7,6,white
7.1,0.26,0.19,8.2,0.051,53.0,187.0,0.996,3.16,0.52,9.7,5,white
6.6,0.25,0.42,11.3,0.049,77.0,231.0,0.9966,3.24,0.52,9.5,6,white
6.4,0.24,0.23,7.3,0.069,31.0,157.0,0.9962,3.25,0.53,9.1,5,white
6.0,0.28,0.27,2.3,0.051,23.0,147.0,0.9940000000000001,3.23,0.67,10.3,6,white
7.1,0.26,0.19,8.2,0.051,53.0,187.0,0.996,3.16,0.52,9.7,5,white
7.8,0.24,0.38,2.1,0.057999999999999996,14.0,167.0,0.9940000000000001,3.21,0.55,9.9,5,white
7.6,0.27,0.33,2.0,0.059000000000000004,19.0,175.0,0.9944,3.22,0.56,9.9,5,white
7.7,0.39,0.34,10.0,0.055999999999999994,35.0,178.0,0.9974,3.26,0.6,10.2,5,white
8.9,0.24,0.33,15.75,0.035,16.0,132.0,0.996,3.0,0.37,12.1,6,white
6.6,0.23,0.24,3.9,0.045,36.0,138.0,0.9922,3.15,0.64,11.3,7,white
7.1,0.26,0.3,2.0,0.031,13.0,128.0,0.9917,3.19,0.49,11.4,5,white
7.0,0.32,0.35,1.5,0.039,24.0,125.0,0.9918,3.17,0.64,12.2,6,white
7.4,0.24,0.26,1.6,0.057999999999999996,53.0,150.0,0.9936,3.18,0.5,9.9,7,white
6.9,0.21,0.33,1.4,0.055999999999999994,35.0,136.0,0.9938,3.63,0.78,10.3,6,white
7.0,0.32,0.35,1.5,0.039,24.0,125.0,0.9918,3.17,0.64,12.2,6,white
7.4,0.17,0.29,1.4,0.047,23.0,107.0,0.9939,3.52,0.65,10.4,6,white
7.1,0.26,0.3,2.0,0.031,13.0,128.0,0.9917,3.19,0.49,11.4,5,white
8.5,0.28,0.34,13.8,0.040999999999999995,32.0,161.0,0.9981,3.13,0.4,9.9,6,white
7.8,0.3,0.37,1.3,0.051,16.0,96.0,0.9941,3.32,0.62,10.0,5,white
8.1,0.25,0.38,3.8,0.051,18.0,129.0,0.9928,3.21,0.38,11.5,6,white
7.7,0.28,0.29,6.9,0.040999999999999995,29.0,163.0,0.9952,3.44,0.6,10.5,6,white
6.5,0.24,0.36,2.2,0.027000000000000003,36.0,134.0,0.9898,3.28,0.36,12.5,7,white
7.0,0.22,0.32,1.6,0.045,40.0,120.0,0.9914,2.98,0.44,10.5,6,white
8.5,0.28,0.34,13.8,0.040999999999999995,32.0,161.0,0.9981,3.13,0.4,9.9,6,white
8.0,0.45,0.28,10.8,0.051,25.0,157.0,0.9957,3.06,0.47,11.4,7,white
6.9,0.23,0.33,12.8,0.055999999999999994,44.0,169.0,0.998,3.42,0.42,9.8,6,white
8.0,0.45,0.28,10.8,0.051,25.0,157.0,0.9957,3.06,0.47,11.4,7,white
7.6,0.23,0.26,15.3,0.067,32.0,166.0,0.9986,3.03,0.44,9.2,4,white
7.7,0.28,0.58,12.1,0.046,60.0,177.0,0.9983,3.08,0.46,8.9,5,white
7.7,0.27,0.61,12.0,0.046,64.0,179.0,0.9982,3.07,0.46,8.9,5,white
7.1,0.2,0.36,11.6,0.042,45.0,124.0,0.997,2.92,0.59,9.5,7,white
6.9,0.25,0.35,9.2,0.034,42.0,150.0,0.9947,3.21,0.36,11.5,6,white
7.1,0.2,0.36,11.6,0.042,45.0,124.0,0.997,2.92,0.59,9.5,7,white
6.9,0.25,0.35,9.2,0.034,42.0,150.0,0.9947,3.21,0.36,11.5,6,white
8.4,0.2,0.31,2.8,0.054000000000000006,16.0,89.0,0.99416,2.96,0.45,9.5,6,white
6.5,0.39,0.35,1.6,0.049,10.0,164.0,0.99516,3.35,0.51,9.7,5,white
7.2,0.23,0.38,6.1,0.067,20.0,90.0,0.9949600000000001,3.17,0.79,9.7,5,white
6.9,0.44,0.42,8.5,0.048,10.0,147.0,0.9974,3.32,0.46,9.5,6,white
7.1,0.28,0.19,7.8,0.04,48.0,184.0,0.99579,3.16,0.5,9.4,5,white
6.4,0.34,0.2,14.9,0.06,37.0,162.0,0.9983,3.13,0.45,9.0,4,white
6.1,0.15,0.29,6.2,0.046,39.0,151.0,0.99471,3.6,0.44,10.6,6,white
6.9,0.44,0.42,8.5,0.048,10.0,147.0,0.9974,3.32,0.46,9.5,6,white
7.2,0.29,0.18,8.2,0.042,41.0,180.0,0.99644,3.16,0.49,9.1,5,white
7.1,0.28,0.19,7.8,0.04,48.0,184.0,0.99579,3.16,0.5,9.4,5,white
6.1,0.23,0.45,10.6,0.094,49.0,169.0,0.9969899999999999,3.05,0.54,8.8,5,white
6.7,0.23,0.42,11.2,0.047,52.0,171.0,0.9975799999999999,3.54,0.74,10.4,5,white
7.0,0.36,0.14,11.6,0.043,35.0,228.0,0.9977,3.13,0.51,8.9,5,white
7.5,0.31,0.24,7.1,0.031,28.0,141.0,0.99397,3.16,0.38,10.6,7,white
6.4,0.34,0.2,14.9,0.06,37.0,162.0,0.9983,3.13,0.45,9.0,4,white
6.1,0.15,0.29,6.2,0.046,39.0,151.0,0.99471,3.6,0.44,10.6,6,white
7.4,0.2,0.29,1.7,0.047,16.0,100.0,0.9924299999999999,3.28,0.45,10.6,6,white
6.3,0.27,0.18,7.7,0.048,45.0,186.0,0.9962,3.23,0.47,9.0,5,white
9.2,0.34,0.54,17.3,0.06,46.0,235.0,1.0018200000000002,3.08,0.61,8.8,6,white
7.4,0.18,0.29,1.4,0.042,34.0,101.0,0.99384,3.54,0.6,10.5,7,white
7.2,0.29,0.2,7.7,0.046,51.0,174.0,0.99582,3.16,0.52,9.5,5,white
6.3,0.27,0.18,7.7,0.048,45.0,186.0,0.9962,3.23,0.47,9.0,5,white
6.2,0.26,0.19,3.4,0.049,47.0,172.0,0.9924,3.14,0.43,10.4,6,white
7.3,0.21,0.21,1.6,0.046,35.0,133.0,0.99466,3.38,0.46,10.0,6,white
7.1,0.14,0.35,1.4,0.039,24.0,128.0,0.9921200000000001,2.97,0.68,10.4,5,white
7.2,0.39,0.54,1.4,0.157,34.0,132.0,0.99449,3.11,0.53,9.0,6,white
7.6,0.48,0.28,10.4,0.049,57.0,205.0,0.9974799999999999,3.24,0.45,9.3,5,white
7.2,0.39,0.54,1.4,0.157,34.0,132.0,0.99449,3.11,0.53,9.0,6,white
7.6,0.48,0.28,10.4,0.049,57.0,205.0,0.9974799999999999,3.24,0.45,9.3,5,white
6.5,0.36,0.31,4.1,0.061,20.0,134.0,0.99475,3.18,0.45,9.0,6,white
8.5,0.25,0.31,2.8,0.032,11.0,61.0,0.9918899999999999,3.06,0.44,11.5,6,white
6.9,0.3,0.21,15.7,0.055999999999999994,49.0,159.0,0.9982700000000001,3.11,0.48,9.0,5,white
6.6,0.19,0.43,10.9,0.045,53.0,154.0,0.9975200000000001,3.52,0.77,10.4,6,white
6.9,0.3,0.21,15.7,0.055999999999999994,49.0,159.0,0.9982700000000001,3.11,0.48,9.0,5,white
9.4,0.42,0.32,6.5,0.027000000000000003,20.0,167.0,0.99479,3.08,0.43,10.6,5,white
6.6,0.19,0.43,10.9,0.045,53.0,154.0,0.9975200000000001,3.52,0.77,10.4,6,white
6.3,0.2,0.3,5.9,0.034,35.0,152.0,0.9964200000000001,3.47,0.4,8.5,6,white
8.5,0.19,0.56,17.3,0.055,47.0,169.0,1.00047,3.07,0.67,9.3,6,white
7.3,0.19,0.25,1.4,0.051,41.0,107.0,0.99382,3.53,0.66,10.5,7,white
6.7,0.25,0.26,13.5,0.06,50.0,156.0,0.99784,3.39,0.46,9.9,6,white
6.2,0.25,0.28,8.5,0.035,28.0,108.0,0.9948600000000001,3.4,0.42,10.4,6,white
6.1,0.46,0.32,6.2,0.053,10.0,94.0,0.9953700000000001,3.35,0.47,10.1,5,white
7.3,0.19,0.25,1.4,0.051,41.0,107.0,0.99382,3.53,0.66,10.5,7,white
7.5,0.29,0.26,14.95,0.067,47.0,178.0,0.9983799999999999,3.04,0.49,9.2,4,white
6.7,0.31,0.18,7.7,0.043,57.0,200.0,0.99566,3.17,0.44,9.4,6,white
7.4,0.14,0.3,1.3,0.033,25.0,91.0,0.9926799999999999,3.53,0.39,10.6,6,white
6.7,0.31,0.18,7.7,0.043,57.0,200.0,0.99566,3.17,0.44,9.4,6,white
7.1,0.4,0.52,1.3,0.14800000000000002,45.0,149.0,0.9946799999999999,3.08,0.56,8.7,5,white
6.4,0.16,0.25,1.3,0.047,20.0,77.0,0.9933,3.61,0.54,10.2,6,white
6.3,0.16,0.22,1.3,0.046,18.0,66.0,0.9930700000000001,3.61,0.55,10.3,6,white
7.4,0.33,0.26,15.6,0.049,67.0,210.0,0.9990700000000001,3.06,0.68,9.5,5,white
7.4,0.33,0.26,15.6,0.049,67.0,210.0,0.9990700000000001,3.06,0.68,9.5,5,white
7.4,0.33,0.26,15.6,0.049,67.0,210.0,0.9990700000000001,3.06,0.68,9.5,5,white
7.4,0.33,0.26,15.6,0.049,67.0,210.0,0.9990700000000001,3.06,0.68,9.5,5,white
6.6,0.41,0.24,4.9,0.158,47.0,144.0,0.99471,3.17,0.49,9.4,5,white
6.7,0.43,0.23,5.0,0.157,49.0,145.0,0.99471,3.17,0.49,9.4,5,white
7.4,0.33,0.26,15.6,0.049,67.0,210.0,0.9990700000000001,3.06,0.68,9.5,5,white
7.3,0.4,0.28,6.5,0.037000000000000005,26.0,97.0,0.9914799999999999,3.16,0.58,12.6,7,white
7.4,0.18,0.24,1.4,0.047,21.0,106.0,0.9938299999999999,3.52,0.64,10.5,7,white
8.6,0.17,0.28,2.7,0.047,38.0,150.0,0.99365,3.1,0.56,10.8,6,white
6.5,0.32,0.23,1.2,0.054000000000000006,39.0,208.0,0.99272,3.18,0.46,9.9,6,white
7.3,0.4,0.28,6.5,0.037000000000000005,26.0,97.0,0.9914799999999999,3.16,0.58,12.6,7,white
7.0,0.32,0.31,6.4,0.031,38.0,115.0,0.99235,3.38,0.58,12.2,7,white
7.5,0.42,0.19,6.9,0.040999999999999995,62.0,150.0,0.99508,3.23,0.37,10.0,6,white
6.9,0.28,0.31,7.2,0.04,47.0,168.0,0.9946,3.29,0.57,10.6,7,white
6.5,0.29,0.42,10.6,0.042,66.0,202.0,0.99674,3.24,0.53,9.5,6,white
6.3,0.41,0.18,3.5,0.027000000000000003,23.0,109.0,0.99018,3.34,0.54,12.8,8,white
7.0,0.32,0.31,6.4,0.031,38.0,115.0,0.99235,3.38,0.58,12.2,7,white
7.3,0.3,0.33,2.3,0.043,28.0,125.0,0.9908399999999999,3.34,0.44,12.6,7,white
6.6,0.22,0.28,12.05,0.057999999999999996,25.0,125.0,0.99856,3.45,0.45,9.4,5,white
6.0,0.26,0.18,7.0,0.055,50.0,194.0,0.9959100000000001,3.21,0.43,9.0,5,white
6.9,0.44,0.18,11.8,0.051,26.0,126.0,0.9975,3.23,0.48,9.1,5,white
7.5,0.42,0.2,1.4,0.06,15.0,168.0,0.9944,3.06,0.4,9.4,6,white
7.0,0.36,0.3,5.0,0.04,40.0,143.0,0.9917299999999999,3.33,0.42,12.2,7,white
5.6,0.295,0.2,2.2,0.049,18.0,134.0,0.9937799999999999,3.21,0.68,10.0,5,white
6.8,0.21,0.55,14.6,0.053,34.0,159.0,0.99805,2.93,0.44,9.2,5,white
9.4,0.28,0.3,1.6,0.045,36.0,139.0,0.99534,3.11,0.49,9.3,5,white
8.1,0.28,0.34,1.3,0.035,11.0,126.0,0.9923200000000001,3.14,0.5,9.8,6,white
6.8,0.21,0.55,14.6,0.053,34.0,159.0,0.99805,2.93,0.44,9.2,5,white
7.0,0.22,0.26,2.8,0.036000000000000004,44.0,132.0,0.9907799999999999,3.34,0.41,12.0,7,white
9.4,0.28,0.3,1.6,0.045,36.0,139.0,0.99534,3.11,0.49,9.3,5,white
6.8,0.32,0.3,3.3,0.028999999999999998,15.0,80.0,0.99061,3.33,0.63,12.6,7,white
7.0,0.19,0.33,6.3,0.032,42.0,127.0,0.99182,3.31,0.38,12.2,6,white
7.7,0.42,0.38,8.1,0.061,49.0,144.0,0.9966,3.4,0.58,11.0,6,white
7.4,0.2,0.31,1.6,0.038,34.0,116.0,0.9912,3.25,0.39,12.0,7,white
7.5,0.24,0.62,10.6,0.045,51.0,153.0,0.99779,3.16,0.44,8.8,5,white
7.5,0.26,0.59,11.8,0.046,58.0,164.0,0.9981399999999999,3.17,0.46,8.9,4,white
6.6,0.4,0.32,1.7,0.035,39.0,84.0,0.9909600000000001,3.59,0.48,12.7,7,white
8.0,0.2,0.3,8.1,0.037000000000000005,42.0,130.0,0.99379,3.1,0.67,11.8,6,white
4.6,0.445,0.0,1.4,0.053,11.0,178.0,0.99426,3.79,0.55,10.2,5,white
6.1,0.41,0.04,1.3,0.036000000000000004,23.0,121.0,0.9922799999999999,3.24,0.61,9.9,6,white
7.6,0.2,0.34,1.8,0.040999999999999995,42.0,148.0,0.99335,3.35,0.66,11.1,6,white
6.9,0.3,0.21,7.2,0.045,54.0,190.0,0.99595,3.22,0.48,9.4,5,white
7.0,0.35,0.17,1.1,0.049,7.0,119.0,0.99297,3.13,0.36,9.7,6,white
6.9,0.35,0.55,11.95,0.038,22.0,111.0,0.99687,3.11,0.29,9.7,5,white
7.0,0.35,0.17,1.1,0.049,7.0,119.0,0.99297,3.13,0.36,9.7,6,white
6.9,0.35,0.55,11.95,0.038,22.0,111.0,0.99687,3.11,0.29,9.7,5,white
7.6,0.3,0.4,2.2,0.054000000000000006,29.0,175.0,0.99445,3.19,0.53,9.8,5,white
7.5,0.38,0.29,12.7,0.05,25.0,209.0,0.9986,3.25,0.59,9.3,6,white
7.5,0.3,0.32,1.4,0.032,31.0,161.0,0.99154,2.95,0.42,10.5,5,white
6.3,0.4,0.32,10.6,0.049,38.0,209.0,0.9981,3.47,0.59,9.3,6,white
6.8,0.37,0.28,1.9,0.024,64.0,106.0,0.98993,3.45,0.6,12.6,8,white
7.5,0.23,0.35,17.8,0.057999999999999996,128.0,212.0,1.00241,3.44,0.43,8.9,5,white
8.3,0.27,0.34,10.2,0.048,50.0,118.0,0.99716,3.18,0.51,10.3,5,white
6.8,0.26,0.22,4.8,0.040999999999999995,110.0,198.0,0.9943700000000001,3.29,0.67,10.6,5,white
6.5,0.28,0.35,9.8,0.067,61.0,180.0,0.9972,3.15,0.57,9.0,4,white
7.2,0.34,0.3,8.4,0.051,40.0,167.0,0.99756,3.48,0.62,9.7,5,white
7.0,0.23,0.26,7.2,0.040999999999999995,21.0,90.0,0.9950899999999999,3.22,0.55,9.5,6,white
7.7,0.29,0.29,4.8,0.06,27.0,156.0,0.99572,3.49,0.59,10.3,6,white
7.2,0.34,0.3,8.4,0.051,40.0,167.0,0.99756,3.48,0.62,9.7,5,white
7.7,0.4,0.27,4.5,0.034,27.0,95.0,0.99175,3.21,0.59,12.3,8,white
6.7,0.17,0.27,1.4,0.032,39.0,149.0,0.99254,3.4,0.52,10.5,5,white
7.0,0.23,0.26,7.2,0.040999999999999995,21.0,90.0,0.9950899999999999,3.22,0.55,9.5,6,white
8.1,0.24,0.26,11.0,0.043,41.0,211.0,0.9967600000000001,3.11,0.49,10.0,6,white
7.7,0.28,0.63,11.1,0.039,58.0,179.0,0.9979,3.08,0.44,8.8,4,white
7.5,0.23,0.29,2.6,0.031,24.0,98.0,0.9919399999999999,3.0,0.54,10.9,6,white
8.3,0.26,0.31,2.0,0.028999999999999998,14.0,141.0,0.99077,2.95,0.77,12.2,6,white
7.9,0.46,0.4,10.1,0.168,19.0,184.0,0.99782,3.06,0.62,9.5,5,white
7.9,0.31,0.22,13.3,0.048,46.0,212.0,0.9994200000000001,3.47,0.59,10.0,5,white
7.9,0.25,0.34,11.4,0.04,53.0,202.0,0.99708,3.11,0.57,9.6,6,white
6.1,0.28,0.16,1.3,0.06,36.0,126.0,0.9935299999999999,3.13,0.46,8.7,6,white
7.0,0.18,0.26,1.4,0.044000000000000004,46.0,89.0,0.99256,3.39,0.48,10.7,7,white
6.5,0.21,0.28,1.4,0.046,26.0,66.0,0.9919899999999999,3.43,0.48,11.1,6,white
7.6,0.48,0.33,7.0,0.024,14.0,130.0,0.9918,3.25,0.45,12.5,7,white
7.1,0.34,0.32,2.0,0.051,29.0,130.0,0.99354,3.3,0.5,10.4,6,white
8.9,0.21,0.37,1.2,0.027999999999999997,20.0,93.0,0.99244,3.2,0.37,11.5,5,white
7.4,0.32,0.27,12.9,0.04,60.0,221.0,0.99831,3.05,0.66,9.4,5,white
6.0,0.495,0.27,5.0,0.157,17.0,129.0,0.9939600000000001,3.03,0.36,9.3,5,white
8.1,0.25,0.34,10.1,0.05,30.0,121.0,0.99724,3.17,0.49,10.1,6,white
8.2,0.25,0.46,3.75,0.05,14.0,102.0,0.99524,3.28,0.58,9.7,5,white
6.5,0.18,0.29,1.7,0.035,39.0,144.0,0.9927,3.49,0.5,10.5,6,white
6.7,0.24,0.26,12.6,0.053,44.0,182.0,0.99802,3.42,0.42,9.7,5,white
6.6,0.32,0.24,1.3,0.06,42.5,204.0,0.9951200000000001,3.59,0.51,9.2,5,white
7.6,0.32,0.35,1.6,0.092,24.0,138.0,0.9943799999999999,3.19,0.44,9.8,5,white
7.4,0.33,0.44,7.6,0.05,40.0,227.0,0.99679,3.12,0.52,9.0,5,white
7.2,0.3,0.3,8.1,0.05,40.0,188.0,0.9965200000000001,3.15,0.49,9.1,6,white
7.4,0.34,0.3,14.9,0.037000000000000005,70.0,169.0,0.99698,3.25,0.37,10.4,6,white
6.1,0.16,0.29,6.0,0.03,29.0,144.0,0.99474,3.68,0.46,10.7,6,white
6.3,0.1,0.24,6.0,0.039,25.0,107.0,0.99511,3.59,0.49,10.5,7,white
6.2,0.45,0.73,7.2,0.099,47.0,202.0,0.99582,3.21,0.43,9.2,5,white
6.0,0.33,0.18,3.0,0.036000000000000004,5.0,85.0,0.99125,3.28,0.4,11.5,4,white
7.6,0.48,0.37,1.2,0.034,5.0,57.0,0.99256,3.05,0.54,10.4,3,white
7.2,0.2,0.3,2.0,0.039,43.0,188.0,0.9911,3.3,0.41,12.0,6,white
7.0,0.32,0.29,4.9,0.036000000000000004,41.0,150.0,0.9916799999999999,3.38,0.43,12.2,6,white
7.2,0.2,0.3,2.0,0.039,43.0,188.0,0.9911,3.3,0.41,12.0,6,white
7.0,0.22,0.29,8.9,0.05,24.0,90.0,0.99556,3.29,0.46,9.8,6,white
9.4,0.23,0.56,16.45,0.063,52.5,282.0,1.00098,3.1,0.51,9.3,5,white
6.4,0.27,0.19,2.0,0.084,21.0,191.0,0.99516,3.49,0.63,9.6,4,white
6.4,0.27,0.19,1.9,0.085,21.0,196.0,0.99516,3.49,0.64,9.5,4,white
7.0,0.23,0.42,5.1,0.042,37.0,144.0,0.99518,3.5,0.59,10.2,6,white
6.9,0.15,0.28,4.4,0.028999999999999998,14.0,107.0,0.9934700000000001,3.24,0.46,10.4,8,white
6.7,0.26,0.29,5.8,0.025,26.0,74.0,0.9929,3.28,0.53,11.0,6,white
6.9,0.15,0.28,4.4,0.028999999999999998,14.0,107.0,0.9934700000000001,3.24,0.46,10.4,8,white
7.6,0.2,0.68,12.9,0.042,56.0,160.0,0.99841,3.05,0.41,8.7,5,white
6.9,0.3,0.29,1.3,0.053,24.0,189.0,0.9936200000000001,3.29,0.54,9.9,4,white
6.9,0.3,0.3,1.3,0.053,24.0,186.0,0.99361,3.29,0.54,9.9,4,white
7.6,0.21,0.35,1.2,0.040999999999999995,7.0,106.0,0.9914,3.06,0.45,11.3,4,white
6.8,0.46,0.26,2.7,0.042,28.0,83.0,0.9911399999999999,3.38,0.51,12.0,8,white
7.0,0.28,0.26,1.7,0.042,34.0,130.0,0.9925,3.43,0.5,10.7,8,white
6.5,0.24,0.29,8.2,0.043,32.0,156.0,0.9945299999999999,3.13,0.7,10.1,6,white
6.4,0.17,0.34,1.5,0.091,42.0,135.0,0.9938,3.25,0.49,9.6,7,white
6.4,0.17,0.34,1.5,0.09300000000000001,43.0,136.0,0.9938,3.25,0.49,9.6,6,white
6.3,0.695,0.55,12.9,0.055999999999999994,58.0,252.0,0.9980600000000001,3.29,0.49,8.7,5,white
7.0,0.27,0.29,3.9,0.059000000000000004,28.0,199.0,0.9961,3.54,0.59,10.3,5,white
8.4,0.3,0.25,17.75,0.047,25.0,218.0,1.00016,2.98,0.66,9.1,5,white
6.5,0.19,0.27,4.9,0.037000000000000005,13.0,101.0,0.9916,3.17,0.41,11.8,6,white
8.0,0.36,0.39,1.6,0.024,26.0,93.0,0.99116,3.15,0.49,11.9,6,white
6.1,0.16,0.24,1.4,0.046,17.0,77.0,0.99319,3.66,0.57,10.3,6,white
9.2,0.19,0.42,2.0,0.047,16.0,104.0,0.9951700000000001,3.09,0.66,10.0,4,white
9.2,0.16,0.49,2.0,0.044000000000000004,18.0,107.0,0.9951399999999999,3.1,0.53,10.2,4,white
8.0,0.26,0.28,8.2,0.038,72.0,202.0,0.99566,3.12,0.56,10.0,6,white
8.8,0.33,0.36,2.1,0.034,19.0,125.0,0.99166,2.96,0.98,12.7,6,white
9.8,0.16,0.46,1.8,0.046,23.0,130.0,0.99587,3.04,0.67,9.6,5,white
6.6,0.23,0.18,8.5,0.044000000000000004,59.0,188.0,0.9955799999999999,3.16,0.49,9.5,5,white
7.9,0.44,0.26,4.45,0.033,23.0,100.0,0.9911700000000001,3.17,0.52,12.7,6,white
7.6,0.31,0.27,5.8,0.036000000000000004,23.0,109.0,0.9939899999999999,3.34,0.54,11.0,6,white
7.5,0.705,0.1,13.0,0.044000000000000004,44.0,214.0,0.99741,3.1,0.5,9.1,5,white
7.1,0.21,0.28,2.7,0.034,23.0,111.0,0.99405,3.35,0.64,10.2,4,white
7.0,0.16,0.26,7.3,0.047,30.0,220.0,0.9962200000000001,3.38,0.58,10.1,6,white
8.0,0.27,0.25,19.1,0.045,50.0,208.0,1.00051,3.05,0.5,9.2,6,white
6.3,0.38,0.17,8.8,0.08,50.0,212.0,0.99803,3.47,0.66,9.4,4,white
7.1,0.21,0.28,2.7,0.034,23.0,111.0,0.99405,3.35,0.64,10.2,4,white
6.2,0.38,0.18,7.4,0.095,28.0,195.0,0.9977299999999999,3.53,0.71,9.2,4,white
8.2,0.24,0.3,2.3,0.05,23.0,106.0,0.99397,2.98,0.5,10.0,5,white
7.0,0.16,0.26,6.85,0.047,30.0,220.0,0.9962200000000001,3.38,0.58,10.1,6,white
7.3,0.815,0.09,11.4,0.044000000000000004,45.0,204.0,0.99713,3.15,0.46,9.0,5,white
6.3,0.41,0.16,0.9,0.032,25.0,98.0,0.99274,3.16,0.42,9.5,5,white
6.1,0.36,0.41,19.35,0.07,67.0,207.0,1.00118,3.39,0.53,9.1,5,white
8.1,0.4,0.32,7.9,0.031,23.0,118.0,0.9917600000000001,3.05,0.46,13.3,7,white
6.8,0.26,0.43,11.75,0.045,53.0,198.0,0.9969,3.26,0.55,9.5,5,white
6.2,0.44,0.18,7.7,0.096,28.0,210.0,0.99771,3.56,0.72,9.2,5,white
7.2,0.24,0.29,3.0,0.036000000000000004,17.0,117.0,0.99411,3.36,0.68,10.1,6,white
6.2,0.44,0.18,7.7,0.096,28.0,210.0,0.99771,3.56,0.72,9.2,5,white
7.2,0.24,0.29,3.0,0.036000000000000004,17.0,117.0,0.99411,3.36,0.68,10.1,6,white
7.3,0.22,0.26,1.5,0.04,32.0,172.0,0.9919399999999999,3.27,0.48,11.2,6,white
8.1,0.34,0.28,7.5,0.04,70.0,230.0,0.9955799999999999,3.14,0.55,9.8,6,white
7.3,0.22,0.26,1.5,0.04,32.0,172.0,0.9919399999999999,3.27,0.48,11.2,6,white
8.1,0.34,0.28,7.5,0.04,70.0,230.0,0.9955799999999999,3.14,0.55,9.8,6,white
6.4,0.28,0.17,8.3,0.042,61.0,195.0,0.99577,3.22,0.46,9.4,5,white
6.3,0.29,0.14,7.05,0.045,50.0,177.0,0.99564,3.23,0.42,9.0,5,white
6.4,0.27,0.17,8.4,0.044000000000000004,60.0,198.0,0.9957799999999999,3.21,0.47,9.4,5,white
7.4,0.35,0.2,13.9,0.054000000000000006,63.0,229.0,0.9988799999999999,3.11,0.5,8.9,6,white
8.3,0.28,0.27,17.5,0.045,48.0,253.0,1.00014,3.02,0.56,9.1,6,white
6.4,0.35,0.35,5.6,0.034,9.0,148.0,0.99441,3.17,0.5,9.8,4,white
6.9,0.43,0.28,9.4,0.055999999999999994,29.0,183.0,0.9959399999999999,3.17,0.43,9.4,5,white
8.0,0.26,0.28,4.8,0.05,34.0,150.0,0.9943700000000001,3.13,0.5,10.0,6,white
6.9,0.43,0.28,9.4,0.055999999999999994,29.0,183.0,0.9959399999999999,3.17,0.43,9.4,5,white
7.3,0.27,0.37,9.7,0.042,36.0,130.0,0.9979,3.48,0.75,9.9,6,white
6.8,0.46,0.26,6.3,0.147,49.0,159.0,0.99434,3.14,0.47,10.0,5,white
7.2,0.2,0.28,1.6,0.027999999999999997,13.0,168.0,0.99203,3.17,1.06,11.5,6,white
7.6,0.285,0.32,14.6,0.063,32.0,201.0,0.998,3.0,0.45,9.2,5,white
6.6,0.32,0.33,2.5,0.052000000000000005,40.0,219.5,0.99316,3.15,0.6,10.0,5,white
7.6,0.285,0.32,14.6,0.063,32.0,201.0,0.998,3.0,0.45,9.2,5,white
6.6,0.34,0.34,2.6,0.051,40.5,210.0,0.9931399999999999,3.15,0.61,10.0,5,white
6.6,0.32,0.33,2.5,0.052000000000000005,40.0,210.0,0.99316,3.15,0.6,10.0,5,white
6.5,0.27,0.26,8.2,0.042,21.0,133.0,0.9961200000000001,3.43,0.64,9.8,6,white
6.6,0.26,0.27,1.5,0.04,19.0,114.0,0.99295,3.36,0.62,10.5,6,white
6.7,0.27,0.26,2.3,0.043,61.0,181.0,0.9939399999999999,3.45,0.63,10.6,6,white
6.6,0.56,0.15,10.0,0.037000000000000005,38.0,157.0,0.9964200000000001,3.28,0.52,9.4,5,white
6.6,0.56,0.15,10.0,0.037000000000000005,38.0,157.0,0.9964200000000001,3.28,0.52,9.4,5,white
7.3,0.19,0.27,1.6,0.027000000000000003,35.0,136.0,0.9924799999999999,3.38,0.54,11.0,7,white
6.3,0.2,0.26,1.6,0.027000000000000003,36.0,141.0,0.9926799999999999,3.53,0.56,10.8,6,white
7.1,0.29,0.3,16.0,0.036000000000000004,58.0,201.0,0.99954,3.3,0.67,9.0,5,white
7.8,0.32,0.33,10.4,0.031,47.0,194.0,0.99692,3.07,0.58,9.6,6,white
8.1,0.33,0.36,7.4,0.037000000000000005,36.0,156.0,0.99592,3.19,0.54,10.6,6,white
8.1,0.33,0.36,7.4,0.037000000000000005,36.0,156.0,0.99592,3.19,0.54,10.6,6,white
7.8,0.32,0.33,10.4,0.031,47.0,194.0,0.99692,3.07,0.58,9.6,6,white
6.6,0.33,0.24,16.05,0.045,31.0,147.0,0.9982200000000001,3.08,0.52,9.2,5,white
6.6,0.33,0.24,16.05,0.045,31.0,147.0,0.9982200000000001,3.08,0.52,9.2,5,white
8.2,0.26,0.33,2.6,0.053,11.0,71.0,0.9940200000000001,2.89,0.49,9.5,5,white
8.3,0.25,0.33,2.5,0.053,12.0,72.0,0.9940399999999999,2.89,0.48,9.5,5,white
7.0,0.26,0.26,10.8,0.039,37.0,184.0,0.99787,3.47,0.58,10.3,7,white
6.0,0.26,0.15,1.2,0.053,35.0,124.0,0.9934700000000001,3.08,0.46,8.8,5,white
7.5,0.28,0.78,12.1,0.040999999999999995,53.0,161.0,0.9983799999999999,2.98,0.44,8.7,5,white
7.5,0.27,0.79,11.95,0.04,51.0,159.0,0.99839,2.98,0.44,8.7,5,white
7.0,0.28,0.32,1.7,0.038,27.0,128.0,0.99375,3.2,0.62,10.2,6,white
5.2,0.16,0.34,0.8,0.028999999999999998,26.0,77.0,0.99155,3.25,0.51,10.1,6,white
6.8,0.34,0.1,1.4,0.049,29.0,118.0,0.9936,3.21,0.41,9.5,5,white
7.6,0.25,0.34,1.3,0.055999999999999994,34.0,176.0,0.99434,3.1,0.51,9.5,5,white
5.6,0.35,0.4,6.3,0.022000000000000002,23.0,174.0,0.9922,3.54,0.5,11.6,7,white
8.8,0.24,0.23,10.3,0.032,12.0,97.0,0.99571,3.13,0.4,10.7,6,white
6.0,0.29,0.21,15.55,0.043,20.0,142.0,0.9965799999999999,3.11,0.54,10.1,6,white
6.1,0.27,0.31,1.5,0.035,17.0,83.0,0.9907600000000001,3.32,0.44,11.1,7,white
7.4,0.56,0.09,1.5,0.071,19.0,117.0,0.9949600000000001,3.22,0.53,9.8,5,white
6.8,0.29,0.49,1.4,0.142,52.0,148.0,0.9937,3.08,0.49,9.0,6,white
6.1,0.27,0.31,1.5,0.035,17.0,83.0,0.9907600000000001,3.32,0.44,11.1,7,white
6.3,0.27,0.37,7.9,0.047,58.0,215.0,0.9954200000000001,3.19,0.48,9.5,6,white
6.6,0.24,0.3,13.0,0.052000000000000005,18.0,143.0,0.99825,3.37,0.49,9.4,6,white
6.8,0.32,0.3,1.0,0.049,22.0,113.0,0.9928899999999999,3.24,0.61,10.2,5,white
6.4,0.37,0.37,4.85,0.040999999999999995,39.5,216.5,0.9943200000000001,3.1,0.5,9.8,6,white
6.2,0.26,0.37,7.1,0.047,54.0,201.0,0.99523,3.19,0.48,9.5,6,white
6.3,0.27,0.37,7.9,0.047,58.0,215.0,0.9954200000000001,3.19,0.48,9.5,6,white
6.4,0.3,0.16,7.5,0.05,55.0,191.0,0.9959,3.17,0.49,9.0,5,white
8.0,0.28,0.32,7.6,0.045,61.0,204.0,0.9954299999999999,3.1,0.55,10.1,6,white
6.7,0.24,0.32,10.3,0.079,37.0,122.0,0.9966200000000001,3.02,0.45,8.8,5,white
7.9,0.27,0.27,1.7,0.034,25.0,122.0,0.9908799999999999,2.97,0.51,11.9,6,white
7.9,0.27,0.27,1.7,0.034,25.0,122.0,0.9908799999999999,2.97,0.51,11.9,6,white
6.1,0.28,0.24,19.95,0.07400000000000001,32.0,174.0,0.9992200000000001,3.19,0.44,9.3,6,white
7.7,0.39,0.49,7.7,0.036000000000000004,11.0,110.0,0.9966,3.33,0.76,10.0,6,white
6.0,0.2,0.24,5.3,0.075,49.0,201.0,0.99466,3.21,0.43,9.5,5,white
6.1,0.28,0.24,19.95,0.07400000000000001,32.0,174.0,0.9992200000000001,3.19,0.44,9.3,6,white
7.6,0.31,0.23,12.7,0.054000000000000006,20.0,139.0,0.99836,3.16,0.5,9.7,4,white
7.6,0.31,0.23,12.7,0.054000000000000006,20.0,139.0,0.99836,3.16,0.5,9.7,4,white
6.3,0.18,0.22,1.5,0.043,45.0,155.0,0.9923799999999999,3.19,0.48,10.2,5,white
8.6,0.23,0.25,11.3,0.031,13.0,96.0,0.99645,3.11,0.4,10.8,5,white
6.8,0.21,0.36,18.1,0.046,32.0,133.0,1.0,3.27,0.48,8.8,5,white
6.8,0.21,0.36,18.1,0.046,32.0,133.0,1.0,3.27,0.48,8.8,5,white
6.9,0.26,0.31,7.0,0.039,37.0,175.0,0.9937600000000001,3.32,0.49,11.4,6,white
6.8,0.21,0.36,18.1,0.046,32.0,133.0,1.0,3.27,0.48,8.8,5,white
6.4,0.31,0.4,6.4,0.039,39.0,191.0,0.99513,3.14,0.52,9.8,5,white
8.6,0.34,0.36,1.4,0.045,11.0,119.0,0.99556,3.17,0.47,9.4,4,white
8.6,0.34,0.36,1.4,0.045,11.0,119.0,0.99556,3.17,0.47,9.4,4,white
8.5,0.3,0.28,3.1,0.054000000000000006,54.0,174.0,0.9954299999999999,3.21,0.43,9.4,6,white
7.4,0.4,0.41,14.1,0.053,37.0,194.0,0.9988600000000001,3.2,0.63,9.4,6,white
6.6,0.32,0.34,7.7,0.044000000000000004,63.0,212.0,0.99526,3.22,0.48,9.7,6,white
7.1,0.34,0.31,5.2,0.032,36.0,140.0,0.99166,3.35,0.47,12.3,7,white
6.6,0.26,0.25,11.6,0.045,45.0,178.0,0.9969100000000001,3.33,0.43,9.8,6,white
8.0,0.27,0.57,10.4,0.053,18.0,134.0,0.9973200000000001,3.12,0.68,9.0,5,white
6.2,0.28,0.45,7.5,0.045,46.0,203.0,0.9957299999999999,3.26,0.46,9.2,6,white
6.2,0.3,0.49,11.2,0.057999999999999996,68.0,215.0,0.99656,3.19,0.6,9.4,6,white
5.6,0.175,0.29,0.8,0.043,20.0,67.0,0.9911200000000001,3.28,0.48,9.9,6,white
6.9,0.34,0.36,1.4,0.032,13.0,145.0,0.9921399999999999,3.07,0.52,9.8,5,white
6.9,0.34,0.3,4.7,0.028999999999999998,34.0,148.0,0.99165,3.36,0.49,12.3,7,white
7.1,0.12,0.3,3.1,0.018000000000000002,15.0,37.0,0.9900399999999999,3.02,0.52,11.9,7,white
7.1,0.32,0.29,4.0,0.038,33.0,170.0,0.9946299999999999,3.27,0.64,10.2,6,white
7.3,0.51,0.29,11.3,0.034,61.0,224.0,0.9968299999999999,3.14,0.56,9.5,6,white
7.1,0.12,0.3,3.1,0.018000000000000002,15.0,37.0,0.9900399999999999,3.02,0.52,11.9,7,white
6.3,0.24,0.55,8.1,0.04,67.0,216.0,0.9959600000000001,3.24,0.5,9.2,5,white
7.5,0.41,0.23,14.8,0.054000000000000006,28.0,174.0,0.99898,3.18,0.49,9.7,5,white
6.5,0.18,0.33,1.4,0.028999999999999998,35.0,138.0,0.9911399999999999,3.36,0.6,11.5,7,white
7.3,0.17,0.24,8.1,0.121,32.0,162.0,0.99508,3.17,0.38,10.4,8,white
8.2,0.2,0.38,3.5,0.053,41.0,174.0,0.99306,3.22,0.41,11.6,5,white
7.5,0.41,0.23,14.8,0.054000000000000006,28.0,174.0,0.99898,3.18,0.49,9.7,5,white
7.3,0.17,0.24,8.1,0.121,32.0,162.0,0.99508,3.17,0.38,10.4,8,white
6.5,0.18,0.33,1.4,0.028999999999999998,35.0,138.0,0.9911399999999999,3.36,0.6,11.5,7,white
7.3,0.16,0.35,1.5,0.036000000000000004,29.0,108.0,0.9934200000000001,3.27,0.51,10.2,6,white
6.4,0.16,0.37,1.5,0.037000000000000005,27.0,109.0,0.99345,3.38,0.5,9.8,6,white
6.6,0.42,0.13,12.8,0.044000000000000004,26.0,158.0,0.99772,3.24,0.47,9.0,5,white
5.8,0.3,0.12,1.6,0.036000000000000004,57.0,163.0,0.99239,3.38,0.59,10.5,6,white
6.7,0.54,0.27,7.1,0.049,8.0,178.0,0.9950200000000001,3.16,0.38,9.4,4,white
6.7,0.54,0.27,7.1,0.049,8.0,178.0,0.9950200000000001,3.16,0.38,9.4,4,white
6.4,0.22,0.3,11.2,0.046,53.0,149.0,0.99479,3.21,0.34,10.8,5,white
6.8,0.23,0.3,1.7,0.043,19.0,95.0,0.9920700000000001,3.17,0.46,10.7,7,white
9.0,0.26,0.34,6.7,0.028999999999999998,21.0,162.0,0.99497,3.08,0.5,10.6,6,white
6.5,0.23,0.25,17.3,0.046,15.0,110.0,0.99828,3.15,0.42,9.2,6,white
5.9,0.28,0.14,8.6,0.032,30.0,142.0,0.9954200000000001,3.28,0.44,9.5,6,white
5.9,0.28,0.14,8.6,0.032,30.0,142.0,0.9954200000000001,3.28,0.44,9.5,6,white
6.2,0.27,0.18,1.5,0.027999999999999997,20.0,111.0,0.9922799999999999,3.41,0.5,10.0,5,white
9.0,0.29,0.34,12.1,0.03,34.0,177.0,0.9970600000000001,3.13,0.47,10.6,5,white
9.0,0.26,0.34,6.7,0.028999999999999998,21.0,162.0,0.99497,3.08,0.5,10.6,6,white
8.9,0.27,0.34,10.7,0.028999999999999998,19.5,166.0,0.99669,3.13,0.48,10.6,5,white
6.5,0.23,0.25,17.3,0.046,15.0,110.0,0.99828,3.15,0.42,9.2,6,white
6.9,0.32,0.3,1.8,0.036000000000000004,28.0,117.0,0.99269,3.24,0.48,11.0,6,white
7.2,0.22,0.24,1.4,0.040999999999999995,17.0,159.0,0.9919600000000001,3.25,0.53,11.2,6,white
6.7,0.5,0.38,7.5,0.046,26.0,175.0,0.9966200000000001,3.32,0.54,9.6,5,white
6.2,0.33,0.14,4.8,0.052000000000000005,27.0,128.0,0.99475,3.21,0.48,9.4,5,white
6.3,0.26,0.42,7.1,0.045,62.0,209.0,0.99544,3.2,0.53,9.5,6,white
7.5,0.2,0.47,16.9,0.052000000000000005,51.0,188.0,0.99944,3.09,0.62,9.3,5,white
6.2,0.33,0.14,4.8,0.052000000000000005,27.0,128.0,0.99475,3.21,0.48,9.4,5,white
6.3,0.26,0.42,7.1,0.045,62.0,209.0,0.99544,3.2,0.53,9.5,6,white
6.6,0.36,0.52,11.3,0.046,8.0,110.0,0.9966,3.07,0.46,9.4,5,white
6.3,0.13,0.42,1.1,0.043,63.0,146.0,0.99066,3.13,0.72,11.2,7,white
6.4,0.15,0.44,1.2,0.043,67.0,150.0,0.9907,3.14,0.73,11.2,7,white
6.3,0.13,0.42,1.1,0.043,63.0,146.0,0.99066,3.13,0.72,11.2,7,white
7.6,0.23,0.64,12.9,0.033,54.0,170.0,0.998,3.0,0.53,8.8,5,white
6.4,0.15,0.44,1.2,0.043,67.0,150.0,0.9907,3.14,0.73,11.2,7,white
6.3,0.13,0.42,1.1,0.043,63.0,146.0,0.99066,3.13,0.72,11.2,7,white
5.7,0.255,0.65,1.2,0.079,17.0,137.0,0.9930700000000001,3.2,0.42,9.4,5,white
6.9,0.32,0.26,2.3,0.03,11.0,103.0,0.99106,3.06,0.42,11.1,6,white
6.9,0.28,0.22,10.0,0.052000000000000005,36.0,131.0,0.9969600000000001,3.08,0.46,9.6,5,white
6.9,0.32,0.26,2.3,0.03,11.0,103.0,0.99106,3.06,0.42,11.1,6,white
5.7,0.255,0.65,1.2,0.079,17.0,137.0,0.9930700000000001,3.2,0.42,9.4,5,white
6.6,0.41,0.16,1.4,0.037000000000000005,28.0,160.0,0.99167,2.95,0.45,10.6,6,white
7.3,0.37,0.16,14.9,0.048,59.0,240.0,0.99902,3.13,0.45,8.9,5,white
6.9,0.21,0.24,1.8,0.021,17.0,80.0,0.98992,3.15,0.46,12.3,7,white
6.6,0.24,0.28,1.8,0.027999999999999997,39.0,132.0,0.99182,3.34,0.46,11.4,5,white
6.8,0.28,0.36,7.0,0.043,60.0,207.0,0.99556,3.16,0.49,9.6,6,white
6.6,0.24,0.24,8.6,0.034,25.0,135.0,0.99582,3.33,0.59,10.3,6,white
6.6,0.24,0.28,1.8,0.027999999999999997,39.0,132.0,0.99182,3.34,0.46,11.4,5,white
7.0,0.16,0.32,1.1,0.032,29.0,80.0,0.98972,3.23,0.36,12.1,6,white
7.0,0.14,0.28,1.3,0.026000000000000002,10.0,56.0,0.9935200000000001,3.46,0.45,9.9,5,white
6.3,0.34,0.36,4.9,0.035,31.0,185.0,0.9946,3.15,0.49,9.7,5,white
6.8,0.26,0.24,1.9,0.043,70.0,154.0,0.9927299999999999,3.18,0.52,10.5,5,white
6.7,0.17,0.42,10.4,0.038,85.0,182.0,0.9962799999999999,3.04,0.44,8.9,6,white
6.5,0.27,0.4,10.0,0.039,74.0,227.0,0.99582,3.18,0.5,9.4,5,white
6.7,0.25,0.36,8.6,0.037000000000000005,63.0,206.0,0.9955299999999999,3.18,0.5,9.6,5,white
5.8,0.3,0.27,1.7,0.013999999999999999,45.0,104.0,0.9891399999999999,3.4,0.56,12.6,7,white
6.4,0.28,0.56,1.7,0.156,49.0,106.0,0.99354,3.1,0.37,9.2,6,white
7.7,0.3,0.26,18.95,0.053,36.0,174.0,0.99976,3.2,0.5,10.4,5,white
6.8,0.18,0.3,12.8,0.062,19.0,171.0,0.99808,3.0,0.52,9.0,7,white
6.8,0.18,0.3,12.8,0.062,19.0,171.0,0.99808,3.0,0.52,9.0,7,white
6.8,0.18,0.3,12.8,0.062,19.0,171.0,0.99808,3.0,0.52,9.0,7,white
6.8,0.18,0.3,12.8,0.062,19.0,171.0,0.99808,3.0,0.52,9.0,7,white
6.8,0.18,0.3,12.8,0.062,19.0,171.0,0.99808,3.0,0.52,9.0,7,white
6.8,0.18,0.3,12.8,0.062,19.0,171.0,0.99808,3.0,0.52,9.0,7,white
5.1,0.14,0.25,0.7,0.039,15.0,89.0,0.9919,3.22,0.43,9.2,6,white
6.8,0.18,0.3,12.8,0.062,19.0,171.0,0.99808,3.0,0.52,9.0,7,white
7.2,0.615,0.1,1.4,0.068,25.0,154.0,0.9949899999999999,3.2,0.48,9.7,4,white
6.9,0.13,0.28,13.3,0.05,47.0,132.0,0.99655,3.34,0.42,10.1,6,white
6.7,0.34,0.3,8.5,0.059000000000000004,24.0,152.0,0.99615,3.46,0.64,11.0,7,white
7.3,0.32,0.29,1.5,0.038,32.0,144.0,0.9929600000000001,3.2,0.55,10.8,5,white
6.3,0.21,0.29,11.7,0.048,49.0,147.0,0.99482,3.22,0.38,10.8,5,white
5.4,0.5,0.13,5.0,0.027999999999999997,12.0,107.0,0.99079,3.48,0.88,13.5,7,white
8.2,0.52,0.34,1.2,0.042,18.0,167.0,0.99366,3.24,0.39,10.6,5,white
7.8,0.28,0.31,2.1,0.046,28.0,208.0,0.99434,3.23,0.64,9.8,5,white
6.4,0.22,0.34,1.4,0.023,56.0,115.0,0.9895799999999999,3.18,0.7,11.7,6,white
7.8,0.28,0.31,2.1,0.046,28.0,208.0,0.99434,3.23,0.64,9.8,5,white
6.9,0.32,0.27,16.0,0.034,58.0,185.0,0.9993799999999999,3.34,0.6,9.0,6,white
6.8,0.11,0.42,1.1,0.042,51.0,132.0,0.99059,3.18,0.74,11.3,7,white
6.2,0.26,0.32,15.3,0.031,64.0,185.0,0.99835,3.31,0.61,9.4,5,white
6.4,0.22,0.34,1.4,0.023,56.0,115.0,0.9895799999999999,3.18,0.7,11.7,6,white
6.7,0.3,0.29,2.8,0.025,37.0,107.0,0.99159,3.31,0.63,11.3,7,white
6.7,0.3,0.29,2.8,0.025,37.0,107.0,0.99159,3.31,0.63,11.3,7,white
7.1,0.2,0.3,0.9,0.019,4.0,28.0,0.98931,3.2,0.36,12.0,6,white
7.2,0.2,0.36,2.5,0.027999999999999997,22.0,157.0,0.9938,3.48,0.49,10.6,6,white
8.9,0.26,0.33,8.1,0.024,47.0,202.0,0.9955799999999999,3.13,0.46,10.8,6,white
7.5,0.25,0.32,8.2,0.024,53.0,209.0,0.9956299999999999,3.12,0.46,10.8,6,white
7.1,0.2,0.3,0.9,0.019,4.0,28.0,0.98931,3.2,0.36,12.0,6,white
6.3,0.27,0.46,11.1,0.053,44.0,177.0,0.9969100000000001,3.18,0.67,9.4,5,white
6.5,0.3,0.39,7.8,0.038,61.0,219.0,0.9959,3.19,0.5,9.4,5,white
6.7,0.3,0.29,2.8,0.025,37.0,107.0,0.99159,3.31,0.63,11.3,7,white
6.6,0.36,0.52,10.1,0.05,29.0,140.0,0.9962799999999999,3.07,0.4,9.4,5,white
6.15,0.21,0.37,3.2,0.021,20.0,80.0,0.9907600000000001,3.39,0.47,12.0,5,white
6.5,0.18,0.41,14.2,0.039,47.0,129.0,0.9967799999999999,3.28,0.72,10.3,7,white
6.5,0.18,0.41,14.2,0.039,47.0,129.0,0.9967799999999999,3.28,0.72,10.3,7,white
6.5,0.18,0.41,14.2,0.039,47.0,129.0,0.9967799999999999,3.28,0.72,10.3,7,white
6.6,0.26,0.21,2.9,0.026000000000000002,48.0,126.0,0.9908899999999999,3.22,0.38,11.3,7,white
6.6,0.35,0.35,6.0,0.063,31.0,150.0,0.9953700000000001,3.1,0.47,9.4,6,white
6.5,0.28,0.28,20.4,0.040999999999999995,40.0,144.0,1.0002,3.14,0.38,8.7,5,white
6.6,0.36,0.52,10.1,0.05,29.0,140.0,0.9962799999999999,3.07,0.4,9.4,5,white
6.6,0.26,0.21,2.9,0.026000000000000002,48.0,126.0,0.9908899999999999,3.22,0.38,11.3,7,white
6.5,0.18,0.41,14.2,0.039,47.0,129.0,0.9967799999999999,3.28,0.72,10.3,7,white
6.15,0.21,0.37,3.2,0.021,20.0,80.0,0.9907600000000001,3.39,0.47,12.0,5,white
4.5,0.19,0.21,0.95,0.033,89.0,159.0,0.9933200000000001,3.34,0.42,8.0,5,white
8.0,0.24,0.26,1.7,0.033,36.0,136.0,0.99316,3.44,0.51,10.4,7,white
7.8,0.17,0.23,1.7,0.028999999999999998,39.0,128.0,0.99272,3.37,0.41,10.7,7,white
7.0,0.24,0.24,9.0,0.03,42.0,219.0,0.99636,3.47,0.46,10.2,6,white
5.8,0.6,0.0,1.3,0.044000000000000004,72.0,197.0,0.9920200000000001,3.56,0.43,10.9,5,white
5.9,0.445,0.26,1.4,0.027000000000000003,23.0,109.0,0.9914799999999999,3.3,0.36,10.5,6,white
6.7,0.28,0.28,2.4,0.012,36.0,100.0,0.99064,3.26,0.39,11.7,7,white
6.8,0.44,0.2,16.0,0.065,61.0,186.0,0.99884,3.13,0.45,8.6,5,white
7.2,0.24,0.27,11.4,0.034,40.0,174.0,0.9977299999999999,3.2,0.44,9.0,5,white
8.7,0.31,0.73,14.35,0.044000000000000004,27.0,191.0,1.00013,2.96,0.88,8.7,5,white
8.2,0.32,0.26,2.1,0.062,26.0,87.0,0.98974,3.1,0.47,12.8,6,white
7.2,0.24,0.27,11.4,0.034,40.0,174.0,0.9977299999999999,3.2,0.44,9.0,5,white
8.7,0.31,0.73,14.35,0.044000000000000004,27.0,191.0,1.00013,2.96,0.88,8.7,5,white
7.5,0.13,0.38,1.1,0.023,42.0,104.0,0.9911200000000001,3.28,0.53,11.8,6,white
9.2,0.14,0.37,1.1,0.034,36.0,84.0,0.99136,3.05,0.55,11.6,6,white
7.4,0.2,0.37,1.2,0.027999999999999997,28.0,89.0,0.9913200000000001,3.14,0.61,11.8,6,white
6.1,0.15,0.35,15.8,0.042,55.0,158.0,0.9964200000000001,3.24,0.37,10.6,5,white
7.6,0.23,0.4,5.2,0.066,14.0,91.0,0.9948799999999999,3.17,0.8,9.7,5,white
8.1,0.33,0.22,5.2,0.047,24.0,151.0,0.9952700000000001,3.22,0.47,10.3,5,white
7.15,0.17,0.24,9.6,0.11900000000000001,56.0,178.0,0.9957799999999999,3.15,0.44,10.2,6,white
6.7,0.12,0.3,5.2,0.048,38.0,113.0,0.9935200000000001,3.33,0.44,10.1,7,white
5.7,0.18,0.36,1.2,0.046,9.0,71.0,0.9919899999999999,3.7,0.68,10.9,7,white
5.8,0.15,0.28,0.8,0.037000000000000005,43.0,127.0,0.99198,3.24,0.51,9.3,5,white
6.6,0.23,0.29,14.45,0.057,29.0,144.0,0.99756,3.33,0.54,10.2,6,white
7.15,0.17,0.24,9.6,0.11900000000000001,56.0,178.0,0.9957799999999999,3.15,0.44,10.2,6,white
7.0,0.34,0.39,6.9,0.066,43.0,162.0,0.99561,3.11,0.53,9.5,5,white
6.4,0.68,0.26,3.4,0.069,25.0,146.0,0.9934700000000001,3.18,0.4,9.3,5,white
7.3,0.22,0.31,2.3,0.018000000000000002,45.0,80.0,0.98936,3.06,0.34,12.9,7,white
6.4,0.28,0.27,11.0,0.042,45.0,148.0,0.9978600000000001,3.14,0.46,8.7,5,white
6.9,0.4,0.22,5.95,0.081,76.0,303.0,0.99705,3.4,0.57,9.4,5,white
6.8,0.19,0.23,5.1,0.034,71.0,204.0,0.9942,3.23,0.69,10.1,5,white
7.1,0.23,0.24,5.4,0.039,60.0,196.0,0.9948,3.19,0.78,10.0,4,white
6.45,0.14,0.42,1.2,0.05,51.0,129.0,0.99116,3.27,0.69,11.1,7,white
6.5,0.15,0.44,12.6,0.052000000000000005,65.0,158.0,0.9968799999999999,3.26,0.7,10.3,7,white
7.1,0.15,0.34,1.0,0.033,27.0,73.0,0.98974,3.24,0.41,12.2,6,white
6.7,0.33,0.34,6.6,0.067,35.0,156.0,0.9954200000000001,3.11,0.48,9.3,6,white
7.2,0.3,0.26,1.5,0.040999999999999995,46.0,178.0,0.99154,3.19,0.56,11.3,6,white
7.0,0.23,0.33,1.0,0.043,46.0,110.0,0.99118,3.04,0.65,10.8,6,white
8.0,0.13,0.25,1.1,0.033,15.0,86.0,0.99044,2.98,0.39,11.2,8,white
6.2,0.21,0.34,6.6,0.03,36.0,91.0,0.9914,3.32,0.45,12.5,7,white
8.3,0.4,0.41,8.2,0.05,15.0,122.0,0.9979,3.39,0.49,9.3,5,white
5.9,0.34,0.31,2.0,0.03,38.0,142.0,0.98892,3.4,0.41,12.9,7,white
6.6,0.12,0.25,1.4,0.039,21.0,131.0,0.9911399999999999,3.2,0.45,11.2,7,white
9.6,0.655,0.21,2.0,0.039,21.0,120.0,0.9918799999999999,3.0,1.0,12.6,6,white
6.8,0.26,0.4,7.5,0.046,45.0,179.0,0.9958299999999999,3.2,0.49,9.3,5,white
5.9,0.34,0.31,2.0,0.03,38.0,142.0,0.98892,3.4,0.41,12.9,7,white
5.9,0.3,0.3,2.0,0.03,38.0,142.0,0.98892,3.41,0.41,12.9,7,white
7.0,0.15,0.3,13.3,0.049,46.0,120.0,0.9970399999999999,3.2,0.36,9.5,7,white
7.9,0.37,0.31,2.85,0.037000000000000005,5.0,24.0,0.9911,3.19,0.36,11.9,6,white
7.2,0.35,0.25,5.6,0.032,23.0,120.0,0.99334,2.93,0.66,10.3,7,white
7.2,0.32,0.24,5.6,0.033,23.0,120.0,0.99334,2.92,0.66,10.3,7,white
7.6,0.1,0.33,1.0,0.031,33.0,93.0,0.9909399999999999,3.06,0.68,11.2,6,white
6.2,0.25,0.31,3.2,0.03,32.0,150.0,0.9901399999999999,3.18,0.31,12.0,6,white
7.1,0.31,0.17,1.0,0.042,21.0,144.0,0.9930399999999999,3.13,0.4,9.6,5,white
7.6,0.18,0.28,7.1,0.040999999999999995,29.0,110.0,0.9965200000000001,3.2,0.42,9.2,6,white
8.0,0.17,0.29,2.4,0.028999999999999998,52.0,119.0,0.98944,3.03,0.33,12.9,6,white
7.2,0.19,0.27,11.2,0.061,46.0,149.0,0.99772,2.99,0.59,9.3,6,white
7.6,0.32,0.25,9.5,0.03,15.0,136.0,0.99367,3.1,0.44,12.1,6,white
7.1,0.31,0.17,1.0,0.042,21.0,144.0,0.9930399999999999,3.13,0.4,9.6,5,white
6.6,0.21,0.29,1.8,0.026000000000000002,35.0,128.0,0.9918299999999999,3.37,0.48,11.2,6,white
7.0,0.16,0.36,2.6,0.028999999999999998,28.0,98.0,0.99126,3.11,0.37,11.2,7,white
8.0,0.17,0.29,2.4,0.028999999999999998,52.0,119.0,0.98944,3.03,0.33,12.9,6,white
6.6,0.24,0.38,8.0,0.042,56.0,187.0,0.99577,3.21,0.46,9.2,5,white
7.2,0.19,0.27,11.2,0.061,46.0,149.0,0.99772,2.99,0.59,9.3,6,white
7.6,0.18,0.28,7.1,0.040999999999999995,29.0,110.0,0.9965200000000001,3.2,0.42,9.2,6,white
6.9,0.3,0.25,3.3,0.040999999999999995,26.0,124.0,0.9942799999999999,3.18,0.5,9.3,6,white
6.2,0.28,0.27,10.3,0.03,26.0,108.0,0.9938799999999999,3.2,0.36,10.7,6,white
6.9,0.31,0.32,1.2,0.024,20.0,166.0,0.99208,3.05,0.54,9.8,6,white
6.7,0.23,0.25,1.6,0.036000000000000004,28.0,143.0,0.99256,3.3,0.54,10.3,6,white
6.2,0.28,0.27,10.3,0.03,26.0,108.0,0.9938799999999999,3.2,0.36,10.7,6,white
5.7,0.23,0.28,9.65,0.025,26.0,121.0,0.9925,3.28,0.38,11.3,6,white
6.5,0.22,0.5,16.4,0.048,36.0,182.0,0.9990399999999999,3.02,0.49,8.8,6,white
7.0,0.18,0.37,1.5,0.043,16.0,104.0,0.99216,3.18,0.5,10.8,5,white
6.9,0.31,0.32,1.2,0.024,20.0,166.0,0.99208,3.05,0.54,9.8,6,white
6.9,0.3,0.25,3.3,0.040999999999999995,26.0,124.0,0.9942799999999999,3.18,0.5,9.3,6,white
6.5,0.46,0.31,5.0,0.027000000000000003,15.0,72.0,0.99165,3.26,0.6,11.5,7,white
6.5,0.23,0.36,16.3,0.038,43.0,133.0,0.99924,3.26,0.41,8.8,5,white
6.5,0.23,0.36,16.3,0.038,43.0,133.0,0.99924,3.26,0.41,8.8,5,white
6.5,0.23,0.36,16.3,0.038,43.0,133.0,0.99924,3.26,0.41,8.8,5,white
6.6,0.26,0.38,6.5,0.17,68.0,201.0,0.9956,3.19,0.38,9.4,6,white
6.7,0.26,0.39,6.4,0.171,64.0,200.0,0.9956200000000001,3.19,0.38,9.4,6,white
7.5,0.28,0.39,10.2,0.045,59.0,209.0,0.9972,3.16,0.63,9.6,6,white
6.5,0.23,0.36,16.3,0.038,43.0,133.0,0.99924,3.26,0.41,8.8,5,white
6.8,0.23,0.42,7.4,0.044000000000000004,56.0,189.0,0.9958,3.22,0.48,9.3,6,white
7.8,0.25,0.34,13.7,0.044000000000000004,66.0,184.0,0.99976,3.22,0.75,8.9,5,white
7.8,0.25,0.34,13.7,0.044000000000000004,66.0,184.0,0.99976,3.22,0.75,8.9,5,white
5.6,0.2,0.22,1.3,0.049,25.0,155.0,0.9929600000000001,3.74,0.43,10.0,5,white
6.4,0.21,0.44,7.4,0.045,47.0,182.0,0.9957,3.24,0.46,9.1,5,white
6.8,0.23,0.42,7.4,0.044000000000000004,56.0,189.0,0.9958,3.22,0.48,9.3,6,white
6.8,0.24,0.37,7.45,0.043,59.0,188.0,0.99579,3.2,0.5,9.4,6,white
7.8,0.25,0.28,7.2,0.04,46.0,179.0,0.99541,3.14,0.6,10.1,6,white
7.8,0.25,0.34,13.7,0.044000000000000004,66.0,184.0,0.99976,3.22,0.75,8.9,5,white
6.8,0.16,0.29,10.4,0.046,59.0,143.0,0.99518,3.2,0.4,10.8,6,white
5.2,0.28,0.29,1.1,0.027999999999999997,18.0,69.0,0.9916799999999999,3.24,0.54,10.0,6,white
7.5,0.18,0.31,6.5,0.028999999999999998,53.0,160.0,0.9927600000000001,3.03,0.38,10.9,6,white
7.5,0.26,0.3,4.6,0.027000000000000003,29.0,92.0,0.99085,3.15,0.38,12.0,7,white
8.2,0.37,0.64,13.9,0.043,22.0,171.0,0.9987299999999999,2.99,0.8,9.3,5,white
7.6,0.4,0.27,5.2,0.03,32.0,101.0,0.99172,3.22,0.62,12.3,7,white
7.5,0.26,0.25,1.7,0.038,29.0,129.0,0.9931200000000001,3.45,0.56,10.4,6,white
7.5,0.18,0.31,6.5,0.028999999999999998,53.0,160.0,0.9927600000000001,3.03,0.38,10.9,6,white
6.9,0.23,0.32,16.4,0.045,62.0,153.0,0.9972,3.22,0.42,10.5,5,white
5.3,0.2,0.31,3.6,0.036000000000000004,22.0,91.0,0.9927799999999999,3.41,0.5,9.8,6,white
6.5,0.17,0.31,1.5,0.040999999999999995,34.0,121.0,0.99092,3.06,0.46,10.5,6,white
6.5,0.35,0.28,12.4,0.051,86.0,213.0,0.9962,3.16,0.51,9.9,6,white
6.5,0.29,0.31,1.7,0.035,24.0,79.0,0.9905299999999999,3.27,0.69,11.4,7,white
6.8,0.3,0.22,6.2,0.06,41.0,190.0,0.9985799999999999,3.18,0.51,9.2,5,white
7.9,0.51,0.36,6.2,0.051,30.0,173.0,0.9984,3.09,0.53,9.7,5,white
7.9,0.51,0.34,2.6,0.049,13.0,135.0,0.99335,3.09,0.51,10.0,5,white
6.5,0.29,0.31,1.7,0.035,24.0,79.0,0.9905299999999999,3.27,0.69,11.4,7,white
7.1,0.29,0.28,9.3,0.048,50.0,141.0,0.9949,3.13,0.49,10.3,6,white
6.5,0.35,0.28,12.4,0.051,86.0,213.0,0.9962,3.16,0.51,9.9,6,white
6.5,0.17,0.31,1.5,0.040999999999999995,34.0,121.0,0.99092,3.06,0.46,10.5,6,white
7.4,0.2,0.28,9.1,0.047,29.0,95.0,0.9953200000000001,3.16,0.47,9.8,7,white
6.9,0.615,0.42,12.0,0.067,24.0,131.0,0.9972700000000001,3.19,0.34,9.3,5,white
6.8,0.32,0.28,4.8,0.034,25.0,100.0,0.99026,3.08,0.47,12.4,7,white
6.3,0.2,0.19,12.3,0.048,54.0,145.0,0.9966799999999999,3.16,0.42,9.3,6,white
6.9,0.615,0.42,12.0,0.067,24.0,131.0,0.9972700000000001,3.19,0.34,9.3,5,white
8.0,0.23,0.28,2.7,0.048,49.0,165.0,0.9952,3.26,0.72,9.5,6,white
6.7,0.27,0.33,3.6,0.034,9.0,45.0,0.99144,3.08,0.4,10.5,6,white
6.7,0.27,0.33,3.6,0.034,9.0,45.0,0.99144,3.08,0.4,10.5,6,white
6.7,0.44,0.22,4.3,0.032,19.0,99.0,0.99015,3.26,0.53,12.8,7,white
7.0,0.34,0.3,1.8,0.045,44.0,142.0,0.9914,2.99,0.45,10.8,6,white
7.3,0.26,0.33,11.8,0.057,48.0,127.0,0.9969299999999999,3.1,0.55,10.0,6,white
5.8,0.17,0.34,1.8,0.045,96.0,170.0,0.99035,3.38,0.9,11.8,8,white
7.3,0.26,0.33,11.8,0.057,48.0,127.0,0.9969299999999999,3.1,0.55,10.0,6,white
5.8,0.17,0.34,1.8,0.045,96.0,170.0,0.99035,3.38,0.9,11.8,8,white
6.8,0.17,0.36,1.4,0.036000000000000004,38.0,108.0,0.99006,3.19,0.66,12.0,6,white
7.1,0.43,0.3,6.6,0.025,15.0,138.0,0.99126,3.18,0.46,12.6,6,white
5.8,0.315,0.27,1.55,0.026000000000000002,15.0,70.0,0.9899399999999999,3.37,0.4,11.9,8,white
5.9,0.17,0.28,0.7,0.027000000000000003,5.0,28.0,0.98985,3.13,0.32,10.6,5,white
6.6,0.34,0.18,6.4,0.08199999999999999,47.0,240.0,0.9971,3.42,0.48,9.2,5,white
8.6,0.33,0.34,11.8,0.059000000000000004,42.0,240.0,0.99882,3.17,0.52,10.0,6,white
5.6,0.12,0.26,4.3,0.038,18.0,97.0,0.99477,3.36,0.46,9.2,5,white
5.8,0.13,0.26,5.1,0.039,19.0,103.0,0.9947799999999999,3.36,0.47,9.3,6,white
7.7,0.18,0.35,5.8,0.055,25.0,144.0,0.9957600000000001,3.24,0.54,10.2,6,white
7.7,0.16,0.36,5.9,0.054000000000000006,25.0,148.0,0.9957799999999999,3.25,0.54,10.2,6,white
6.0,0.26,0.15,1.3,0.06,51.0,154.0,0.99354,3.14,0.51,8.7,5,white
7.3,0.32,0.35,1.4,0.05,8.0,163.0,0.99244,3.24,0.42,10.7,5,white
7.7,0.3,0.34,1.2,0.048,4.0,119.0,0.9908399999999999,3.18,0.34,12.1,6,white
7.9,0.16,0.3,7.4,0.05,58.0,152.0,0.9961200000000001,3.12,0.37,9.5,6,white
6.4,0.27,0.29,10.8,0.027999999999999997,17.0,118.0,0.99356,3.18,0.37,11.2,6,white
6.9,0.16,0.37,1.8,0.034,36.0,95.0,0.9895200000000001,2.93,0.59,12.0,6,white
7.9,0.16,0.3,7.4,0.05,58.0,152.0,0.9961200000000001,3.12,0.37,9.5,6,white
7.7,0.3,0.34,1.2,0.048,4.0,119.0,0.9908399999999999,3.18,0.34,12.1,6,white
7.3,0.32,0.35,1.4,0.05,8.0,163.0,0.99244,3.24,0.42,10.7,5,white
6.4,0.44,0.44,14.4,0.048,29.0,228.0,0.99955,3.26,0.54,8.8,7,white
6.3,0.2,0.24,1.7,0.052000000000000005,36.0,135.0,0.99374,3.8,0.66,10.8,6,white
6.2,0.29,0.32,3.6,0.026000000000000002,39.0,138.0,0.9892,3.31,0.37,13.1,7,white
7.6,0.39,0.32,3.6,0.035,22.0,93.0,0.99144,3.08,0.6,12.5,7,white
7.0,0.36,0.32,10.05,0.045,37.0,131.0,0.9935200000000001,3.09,0.33,11.7,8,white
7.0,0.36,0.32,10.05,0.045,37.0,131.0,0.9935200000000001,3.09,0.33,11.7,8,white
7.0,0.36,0.32,10.5,0.045,35.0,135.0,0.9935,3.09,0.33,11.6,8,white
7.6,0.2,0.36,1.9,0.043,24.0,111.0,0.9923700000000001,3.29,0.54,11.3,6,white
7.6,0.39,0.32,3.6,0.035,22.0,93.0,0.99144,3.08,0.6,12.5,7,white
6.7,0.2,0.37,1.65,0.025,42.0,103.0,0.9902200000000001,3.11,0.45,11.4,5,white
6.2,0.235,0.34,1.9,0.036000000000000004,4.0,117.0,0.9903200000000001,3.4,0.44,12.2,5,white
7.8,0.965,0.6,65.8,0.07400000000000001,8.0,160.0,1.03898,3.39,0.69,11.7,6,white
7.1,0.2,0.31,6.85,0.053,32.0,211.0,0.99587,3.31,0.59,10.4,6,white
7.1,0.2,0.31,7.4,0.053,32.0,211.0,0.99587,3.31,0.59,10.4,6,white
7.1,0.2,0.31,7.4,0.053,32.0,211.0,0.99587,3.31,0.59,10.4,6,white
6.4,0.24,0.25,20.2,0.083,35.0,157.0,0.99976,3.17,0.5,9.1,5,white
8.0,0.3,0.36,11.0,0.034,8.0,70.0,0.99354,3.05,0.41,12.2,6,white
6.4,0.24,0.25,20.2,0.083,35.0,157.0,0.99976,3.17,0.5,9.1,5,white
6.9,0.4,0.42,6.2,0.066,41.0,176.0,0.9955200000000001,3.12,0.54,9.4,5,white
6.9,0.4,0.43,6.2,0.065,42.0,178.0,0.9955200000000001,3.11,0.53,9.4,5,white
7.1,0.2,0.31,6.85,0.053,32.0,211.0,0.99587,3.31,0.59,10.4,6,white
6.6,0.25,0.51,8.0,0.047,61.0,189.0,0.9960399999999999,3.22,0.49,9.2,5,white
6.8,0.26,0.44,8.2,0.046,52.0,183.0,0.99584,3.2,0.51,9.4,5,white
6.5,0.37,0.3,2.2,0.033,39.0,107.0,0.9889399999999999,3.22,0.53,13.5,7,white
6.8,0.35,0.53,10.1,0.053,37.0,151.0,0.9963,3.07,0.4,9.4,5,white
6.4,0.22,0.32,7.2,0.027999999999999997,15.0,83.0,0.993,3.13,0.55,10.9,8,white
6.5,0.37,0.3,2.2,0.033,39.0,107.0,0.9889399999999999,3.22,0.53,13.5,7,white
6.8,0.35,0.53,10.1,0.053,37.0,151.0,0.9963,3.07,0.4,9.4,5,white
6.9,0.31,0.32,1.6,0.036000000000000004,34.0,114.0,0.9906799999999999,3.19,0.45,11.4,7,white
6.7,0.16,0.37,1.3,0.036000000000000004,45.0,125.0,0.98964,3.19,0.51,12.4,7,white
6.6,0.25,0.51,8.0,0.047,61.0,189.0,0.9960399999999999,3.22,0.49,9.2,5,white
6.8,0.26,0.44,8.2,0.046,52.0,183.0,0.99584,3.2,0.51,9.4,5,white
5.6,0.15,0.31,5.3,0.038,8.0,79.0,0.9923,3.3,0.39,10.5,6,white
5.5,0.15,0.32,14.0,0.031,16.0,99.0,0.9943700000000001,3.26,0.38,11.5,8,white
6.4,0.22,0.32,7.2,0.027999999999999997,15.0,83.0,0.993,3.13,0.55,10.9,8,white
7.3,0.2,0.26,1.6,0.04,36.0,123.0,0.9923799999999999,3.34,0.44,10.8,6,white
7.5,0.17,0.71,11.8,0.038,52.0,148.0,0.9980100000000001,3.03,0.46,8.9,5,white
7.5,0.18,0.72,9.6,0.039,53.0,151.0,0.99802,3.03,0.46,8.9,5,white
7.0,0.27,0.48,6.1,0.042,60.0,184.0,0.99566,3.2,0.5,9.4,6,white
5.8,0.32,0.31,2.7,0.049,25.0,153.0,0.99067,3.44,0.73,12.2,7,white
7.8,0.26,0.31,3.6,0.025,22.0,100.0,0.99066,2.99,0.47,12.1,7,white
7.4,0.3,0.32,1.7,0.03,23.0,128.0,0.9929,3.17,0.66,10.9,5,white
6.7,0.16,0.34,1.6,0.026000000000000002,27.0,109.0,0.9934,3.34,0.58,10.1,6,white
5.8,0.32,0.31,2.7,0.049,25.0,153.0,0.99067,3.44,0.73,12.2,7,white
6.7,0.19,0.39,1.0,0.032,14.0,71.0,0.9891200000000001,3.31,0.38,13.0,7,white
6.6,0.36,0.24,0.9,0.038,15.0,72.0,0.99066,3.23,0.39,11.0,5,white
7.2,0.17,0.41,1.6,0.052000000000000005,24.0,126.0,0.9922799999999999,3.19,0.49,10.8,5,white
6.7,0.19,0.39,1.0,0.032,14.0,71.0,0.9891200000000001,3.31,0.38,13.0,7,white
6.0,0.11,0.47,10.6,0.052000000000000005,69.0,148.0,0.9958,2.91,0.34,9.3,4,white
6.0,0.21,0.34,2.0,0.042,63.0,123.0,0.9905200000000001,3.44,0.42,11.4,6,white
6.7,0.325,0.82,1.2,0.152,49.0,120.0,0.9931200000000001,2.99,0.38,9.2,5,white
6.6,0.4,0.46,6.2,0.055999999999999994,42.0,241.0,0.9968,3.5,0.6,9.9,5,white
6.5,0.2,0.24,9.2,0.044000000000000004,25.0,150.0,0.9950200000000001,3.22,0.44,10.5,5,white
7.6,0.27,0.34,5.0,0.04,18.0,56.0,0.9908399999999999,3.06,0.48,12.4,6,white
7.2,0.26,0.4,6.3,0.047,52.0,172.0,0.9957299999999999,3.18,0.53,9.5,6,white
6.3,0.25,0.22,3.3,0.048,41.0,161.0,0.99256,3.16,0.5,10.5,6,white
6.5,0.22,0.45,8.0,0.053,52.0,196.0,0.9959,3.23,0.48,9.1,6,white
6.4,0.14,0.31,1.2,0.034,53.0,138.0,0.9908399999999999,3.38,0.35,11.5,7,white
6.4,0.14,0.31,1.2,0.034,53.0,138.0,0.9908399999999999,3.38,0.35,11.5,7,white
7.1,0.26,0.32,16.2,0.044000000000000004,31.0,170.0,0.99644,3.17,0.37,11.2,5,white
6.6,0.22,0.34,11.6,0.05,59.0,140.0,0.99526,3.22,0.4,10.8,5,white
6.6,0.45,0.43,7.2,0.064,31.0,186.0,0.9954,3.12,0.44,9.4,5,white
6.6,0.17,0.3,1.1,0.031,13.0,73.0,0.99095,3.17,0.58,11.0,6,white
7.2,0.44,0.28,3.4,0.048,22.0,112.0,0.9918799999999999,3.21,0.37,11.3,7,white
6.2,0.15,0.27,1.4,0.040999999999999995,51.0,117.0,0.9909,3.28,0.38,11.2,6,white
6.3,0.25,0.22,3.3,0.048,41.0,161.0,0.99256,3.16,0.5,10.5,6,white
6.5,0.22,0.45,8.0,0.053,52.0,196.0,0.9959,3.23,0.48,9.1,6,white
7.3,0.26,0.3,9.3,0.05,35.0,154.0,0.9958100000000001,3.21,0.5,10.4,6,white
6.9,0.15,0.29,2.3,0.033,14.0,82.0,0.9913200000000001,3.1,0.58,11.2,7,white
5.8,0.22,0.29,0.9,0.034,34.0,89.0,0.98936,3.14,0.36,11.1,7,white
6.5,0.37,0.33,3.5,0.036000000000000004,23.0,92.0,0.99136,3.18,0.38,11.2,6,white
5.5,0.375,0.38,1.7,0.036000000000000004,17.0,98.0,0.9914200000000001,3.29,0.39,10.5,6,white
5.9,0.2,0.4,1.3,0.047,23.0,92.0,0.9923200000000001,3.2,0.45,10.0,6,white
5.9,0.22,0.38,1.3,0.046,24.0,90.0,0.9923200000000001,3.2,0.47,10.0,6,white
8.0,0.22,0.31,5.6,0.049,24.0,97.0,0.993,3.1,0.42,10.9,5,white
6.5,0.22,0.29,7.4,0.027999999999999997,16.0,87.0,0.99311,3.15,0.56,10.9,7,white
6.9,0.15,0.29,2.3,0.033,14.0,82.0,0.9913200000000001,3.1,0.58,11.2,7,white
5.8,0.2,0.34,1.0,0.035,40.0,86.0,0.98993,3.5,0.42,11.7,5,white
6.6,0.31,0.07,1.5,0.033,55.0,144.0,0.99208,3.16,0.42,10.0,5,white
7.7,0.43,0.37,10.0,0.16899999999999998,22.0,210.0,0.9977600000000001,3.02,0.64,9.5,5,white
6.7,0.24,0.29,14.9,0.053,55.0,136.0,0.99839,3.03,0.52,9.0,5,white
7.3,0.23,0.34,9.3,0.052000000000000005,19.0,86.0,0.99574,3.04,0.56,10.0,5,white
7.9,0.2,0.39,1.0,0.040999999999999995,37.0,154.0,0.99093,3.08,0.43,11.9,5,white
5.3,0.16,0.39,1.0,0.027999999999999997,40.0,101.0,0.99156,3.57,0.59,10.6,6,white
6.4,0.21,0.28,5.9,0.047,29.0,101.0,0.9927799999999999,3.15,0.4,11.0,6,white
6.9,0.33,0.26,5.0,0.027000000000000003,46.0,143.0,0.9924,3.25,0.43,11.2,7,white
5.6,0.18,0.58,1.25,0.034,29.0,129.0,0.9898399999999999,3.51,0.6,12.0,7,white
6.6,0.29,0.31,3.9,0.027000000000000003,39.0,96.0,0.99035,3.24,0.6,12.6,8,white
6.9,0.33,0.26,5.0,0.027000000000000003,46.0,143.0,0.9924,3.25,0.43,11.2,7,white
6.6,0.21,0.36,0.8,0.034,48.0,113.0,0.99165,3.24,0.68,10.5,6,white
7.3,0.21,0.33,1.0,0.037000000000000005,66.0,144.0,0.9923,3.11,0.52,10.2,6,white
6.4,0.21,0.28,5.9,0.047,29.0,101.0,0.9927799999999999,3.15,0.4,11.0,6,white
5.1,0.11,0.32,1.6,0.027999999999999997,12.0,90.0,0.99008,3.57,0.52,12.2,6,white
6.5,0.15,0.32,1.3,0.036000000000000004,19.0,76.0,0.98964,3.18,0.41,12.3,6,white
5.3,0.16,0.39,1.0,0.027999999999999997,40.0,101.0,0.99156,3.57,0.59,10.6,6,white
5.6,0.19,0.46,1.1,0.032,33.0,115.0,0.9909,3.36,0.5,10.4,6,white
5.6,0.18,0.58,1.25,0.034,29.0,129.0,0.9898399999999999,3.51,0.6,12.0,7,white
6.7,0.48,0.32,1.4,0.021,22.0,121.0,0.9889,3.15,0.53,12.7,7,white
6.2,0.23,0.23,1.2,0.018000000000000002,18.0,128.0,0.9917799999999999,3.05,0.28,10.6,5,white
6.0,0.17,0.29,5.0,0.027999999999999997,25.0,108.0,0.9907600000000001,3.14,0.34,12.3,6,white
6.7,0.48,0.32,1.4,0.021,22.0,121.0,0.9889,3.15,0.53,12.7,7,white
6.7,0.15,0.38,1.7,0.037000000000000005,20.0,84.0,0.99046,3.09,0.53,11.4,6,white
4.2,0.17,0.36,1.8,0.028999999999999998,93.0,161.0,0.9899899999999999,3.65,0.89,12.0,7,white
5.8,0.21,0.32,1.6,0.045,38.0,95.0,0.98946,3.23,0.94,12.4,8,white
5.4,0.23,0.36,1.5,0.03,74.0,121.0,0.9897600000000001,3.24,0.99,12.1,7,white
6.7,0.15,0.38,1.7,0.037000000000000005,20.0,84.0,0.99046,3.09,0.53,11.4,6,white
6.4,0.22,0.31,13.9,0.04,57.0,135.0,0.99672,3.21,0.38,10.7,5,white
6.5,0.15,0.55,5.9,0.045,75.0,162.0,0.99482,2.97,0.4,9.3,5,white
5.9,0.32,0.33,2.1,0.027000000000000003,35.0,138.0,0.98945,3.37,0.42,12.7,6,white
5.7,0.37,0.3,1.1,0.028999999999999998,24.0,88.0,0.9888299999999999,3.18,0.39,11.7,6,white
7.9,0.25,0.35,6.7,0.039,22.0,64.0,0.9936200000000001,2.93,0.49,10.7,5,white
7.2,0.21,0.28,2.7,0.033,38.0,94.0,0.99075,2.99,0.43,11.8,7,white
7.0,0.24,0.3,6.7,0.039,37.0,125.0,0.99436,3.2,0.39,9.9,5,white
6.8,0.475,0.33,3.95,0.047,16.0,81.0,0.98988,3.23,0.53,13.4,7,white
7.0,0.28,0.32,7.75,0.032,30.0,114.0,0.9915799999999999,3.12,0.64,12.8,7,white
6.9,0.4,0.3,10.6,0.033,24.0,87.0,0.99265,3.15,0.45,12.8,6,white
6.6,0.41,0.31,1.6,0.042,18.0,101.0,0.99195,3.13,0.41,10.5,5,white
6.4,0.2,0.28,2.5,0.032,24.0,84.0,0.9916799999999999,3.31,0.55,11.5,5,white
8.5,0.22,0.34,0.7,0.04,5.0,25.0,0.9918,3.04,0.37,10.5,4,white
8.4,0.36,0.36,11.1,0.032,21.0,132.0,0.99313,2.95,0.39,13.0,6,white
5.2,0.285,0.29,5.15,0.035,64.0,138.0,0.9895,3.19,0.34,12.4,8,white
6.9,0.2,0.3,4.7,0.040999999999999995,40.0,148.0,0.9932,3.16,0.35,10.2,6,white
6.7,0.42,0.46,9.7,0.054000000000000006,67.0,234.0,0.9984799999999999,3.23,0.5,9.0,5,white
6.2,0.16,0.34,1.7,0.038,85.0,153.0,0.9909,3.33,0.86,12.0,7,white
6.4,0.125,0.36,1.4,0.044000000000000004,22.0,68.0,0.9901399999999999,3.15,0.5,11.7,7,white
6.4,0.44,0.26,2.0,0.054000000000000006,20.0,180.0,0.9952,3.58,0.57,10.0,5,white
7.0,0.31,0.39,7.5,0.055,42.0,218.0,0.9965200000000001,3.37,0.54,10.3,5,white
6.7,0.42,0.46,9.7,0.054000000000000006,67.0,234.0,0.9984799999999999,3.23,0.5,9.0,5,white
8.6,0.18,0.28,0.8,0.032,25.0,78.0,0.9910399999999999,2.99,0.38,11.1,5,white
6.2,0.21,0.26,13.1,0.05,59.0,150.0,0.99772,3.31,0.46,9.0,5,white
6.1,0.16,0.37,1.1,0.031,37.0,97.0,0.9922,3.4,0.58,10.5,6,white
6.5,0.22,0.32,2.2,0.027999999999999997,36.0,92.0,0.9907600000000001,3.27,0.59,11.9,7,white
6.2,0.36,0.14,8.9,0.036000000000000004,38.0,155.0,0.9962200000000001,3.27,0.5,9.4,5,white
5.7,0.21,0.25,1.1,0.035,26.0,81.0,0.9902,3.31,0.52,11.4,6,white
6.4,0.25,0.32,0.9,0.034,40.0,114.0,0.9911399999999999,3.31,0.58,10.8,7,white
7.6,0.31,0.26,1.7,0.073,40.0,157.0,0.9938,3.1,0.46,9.8,5,white
6.6,0.26,0.46,6.9,0.047,59.0,183.0,0.9959399999999999,3.2,0.45,9.3,5,white
5.7,0.21,0.25,1.1,0.035,26.0,81.0,0.9902,3.31,0.52,11.4,6,white
6.2,0.2,0.31,1.0,0.031,22.0,73.0,0.99035,3.24,0.52,11.3,6,white
6.2,0.18,0.3,1.0,0.031,23.0,73.0,0.9903200000000001,3.23,0.52,11.3,6,white
6.1,0.37,0.2,7.6,0.031,49.0,170.0,0.9955799999999999,3.22,0.48,9.5,5,white
6.2,0.36,0.14,8.9,0.036000000000000004,38.0,155.0,0.9962200000000001,3.27,0.5,9.4,5,white
6.5,0.22,0.32,2.2,0.027999999999999997,36.0,92.0,0.9907600000000001,3.27,0.59,11.9,7,white
7.7,0.18,0.3,1.2,0.046,49.0,199.0,0.99413,3.03,0.38,9.3,5,white
6.9,0.14,0.38,1.0,0.040999999999999995,22.0,81.0,0.9904299999999999,3.03,0.54,11.4,6,white
6.9,0.14,0.38,1.0,0.040999999999999995,22.0,81.0,0.9904299999999999,3.03,0.54,11.4,6,white
6.0,0.44,0.26,3.1,0.053,57.0,128.0,0.98982,3.22,0.39,12.7,6,white
7.1,0.36,0.4,1.95,0.033,26.0,118.0,0.98934,3.2,0.45,13.5,7,white
5.7,0.28,0.28,2.2,0.019,15.0,65.0,0.9902,3.06,0.52,11.2,6,white
6.4,0.16,0.32,8.75,0.038,38.0,118.0,0.99449,3.19,0.41,10.7,5,white
7.4,0.28,0.4,11.9,0.032,13.0,92.0,0.99629,3.01,0.46,10.8,4,white
6.7,0.39,0.31,2.7,0.054000000000000006,27.0,202.0,0.9948,3.46,0.57,10.5,6,white
6.5,0.44,0.47,5.45,0.013999999999999999,44.0,137.0,0.9898399999999999,3.13,0.32,13.0,8,white
6.9,0.22,0.31,6.3,0.028999999999999998,41.0,131.0,0.99326,3.08,0.49,10.8,6,white
6.6,0.22,0.29,14.4,0.046,39.0,118.0,0.99834,3.05,0.5,9.1,6,white
7.7,0.25,0.3,7.8,0.038,67.0,196.0,0.99555,3.1,0.5,10.1,5,white
5.2,0.155,0.33,1.6,0.027999999999999997,13.0,59.0,0.98975,3.3,0.84,11.9,8,white
7.0,0.31,0.31,9.1,0.036000000000000004,45.0,140.0,0.99216,2.98,0.31,12.0,7,white
7.0,0.31,0.31,9.1,0.036000000000000004,45.0,140.0,0.99216,2.98,0.31,12.0,7,white
6.6,0.22,0.29,14.4,0.046,39.0,118.0,0.99834,3.05,0.5,9.1,6,white
5.6,0.21,0.4,1.3,0.040999999999999995,81.0,147.0,0.9901,3.22,0.95,11.6,8,white
5.2,0.155,0.33,1.6,0.027999999999999997,13.0,59.0,0.98975,3.3,0.84,11.9,8,white
6.4,0.25,0.32,11.3,0.038,69.0,192.0,0.9957299999999999,3.14,0.5,10.2,6,white
6.9,0.22,0.31,6.3,0.028999999999999998,41.0,131.0,0.99326,3.08,0.49,10.8,6,white
5.3,0.21,0.29,0.7,0.027999999999999997,11.0,66.0,0.99215,3.3,0.4,9.8,5,white
7.1,0.27,0.28,1.25,0.023,3.0,89.0,0.98993,2.95,0.3,11.4,4,white
5.2,0.17,0.27,0.7,0.03,11.0,68.0,0.99218,3.3,0.41,9.8,5,white
7.7,0.25,0.3,7.8,0.038,67.0,196.0,0.99555,3.1,0.5,10.1,5,white
7.0,0.12,0.29,10.3,0.039,41.0,98.0,0.99564,3.19,0.38,9.8,8,white
7.0,0.12,0.29,10.3,0.039,41.0,98.0,0.99564,3.19,0.38,9.8,8,white
7.1,0.29,0.34,7.8,0.036000000000000004,49.0,128.0,0.99397,3.21,0.4,10.7,6,white
7.2,0.3,0.3,8.7,0.022000000000000002,14.0,111.0,0.9957600000000001,3.11,0.61,10.6,5,white
6.8,0.26,0.46,8.3,0.037000000000000005,49.0,173.0,0.9960100000000001,3.17,0.47,9.3,5,white
7.0,0.12,0.29,10.3,0.039,41.0,98.0,0.99564,3.19,0.38,9.8,8,white
7.1,0.29,0.34,7.8,0.036000000000000004,49.0,128.0,0.99397,3.21,0.4,10.7,6,white
4.9,0.33,0.31,1.2,0.016,39.0,150.0,0.98713,3.33,0.59,14.0,8,white
5.1,0.29,0.28,8.3,0.026000000000000002,27.0,107.0,0.99308,3.36,0.37,11.0,6,white
5.1,0.29,0.28,8.3,0.026000000000000002,27.0,107.0,0.99308,3.36,0.37,11.0,6,white
6.8,0.26,0.48,6.2,0.049,55.0,182.0,0.99582,3.21,0.45,9.4,6,white
6.0,0.28,0.52,5.0,0.078,30.0,139.0,0.9949399999999999,3.1,0.36,9.0,6,white
6.0,0.28,0.25,1.8,0.042,8.0,108.0,0.9929,3.08,0.55,9.0,5,white
7.2,0.2,0.22,1.6,0.044000000000000004,17.0,101.0,0.99471,3.37,0.53,10.0,5,white
6.1,0.27,0.25,1.8,0.040999999999999995,9.0,109.0,0.9929,3.08,0.54,9.0,5,white
6.0,0.28,0.25,1.8,0.042,8.0,108.0,0.9929,3.08,0.55,9.0,5,white
6.4,0.29,0.3,2.9,0.036000000000000004,25.0,79.0,0.9903700000000001,3.29,0.6,12.4,7,white
7.4,0.35,0.24,6.0,0.042,28.0,123.0,0.9930399999999999,3.14,0.44,11.3,5,white
8.1,0.12,0.38,0.9,0.034,36.0,86.0,0.99026,2.8,0.55,12.0,6,white
6.4,0.12,0.3,1.1,0.031,37.0,94.0,0.9898600000000001,3.01,0.56,11.7,6,white
7.2,0.2,0.22,1.6,0.044000000000000004,17.0,101.0,0.99471,3.37,0.53,10.0,5,white
7.3,0.4,0.26,5.45,0.016,26.0,90.0,0.98951,2.84,0.54,13.2,7,white
7.7,0.11,0.34,14.05,0.04,41.0,114.0,0.99634,3.07,0.59,11.0,7,white
6.9,0.23,0.41,8.0,0.03,30.0,114.0,0.9936799999999999,3.22,0.54,11.0,6,white
6.9,0.38,0.38,13.1,0.11199999999999999,14.0,94.0,0.99792,3.02,0.48,9.2,5,white
7.5,0.38,0.29,4.9,0.021,38.0,113.0,0.99026,3.08,0.48,13.0,7,white
5.8,0.19,0.24,1.3,0.044000000000000004,38.0,128.0,0.9936200000000001,3.77,0.6,10.6,5,white
5.5,0.34,0.26,2.2,0.021,31.0,119.0,0.98919,3.55,0.49,13.0,8,white
6.6,0.23,0.3,14.9,0.051,33.0,118.0,0.99835,3.04,0.54,9.0,6,white
6.6,0.23,0.3,14.9,0.051,33.0,118.0,0.99835,3.04,0.54,9.0,6,white
8.4,0.31,0.31,0.95,0.021,52.0,148.0,0.9903799999999999,2.93,0.32,11.5,5,white
6.7,0.2,0.3,1.4,0.025,17.0,76.0,0.9910399999999999,3.11,0.44,11.0,6,white
8.4,0.31,0.31,0.95,0.021,52.0,148.0,0.9903799999999999,2.93,0.32,11.5,5,white
7.3,0.26,0.24,1.7,0.05,10.0,112.0,0.9928600000000001,3.11,0.43,9.9,5,white
6.3,0.22,0.22,5.6,0.039,31.0,128.0,0.9929600000000001,3.12,0.46,10.4,6,white
6.6,0.23,0.3,14.9,0.051,33.0,118.0,0.99835,3.04,0.54,9.0,6,white
7.5,0.19,0.4,7.1,0.055999999999999994,50.0,110.0,0.9954,3.06,0.52,9.9,6,white
8.0,0.14,0.33,1.2,0.045,71.0,162.0,0.9914,3.07,0.47,11.0,6,white
6.8,0.32,0.39,9.6,0.026000000000000002,34.0,124.0,0.9928600000000001,3.18,0.35,12.1,6,white
6.6,0.23,0.2,11.4,0.044000000000000004,45.0,131.0,0.9960399999999999,2.96,0.51,9.7,6,white
6.6,0.23,0.2,11.4,0.044000000000000004,45.0,131.0,0.9960399999999999,2.96,0.51,9.7,6,white
6.7,0.36,0.26,7.9,0.034,39.0,123.0,0.99119,2.99,0.3,12.2,7,white
6.1,0.38,0.42,5.0,0.016,31.0,113.0,0.9900700000000001,3.15,0.31,12.4,7,white
8.5,0.23,0.28,11.1,0.033,30.0,97.0,0.9950700000000001,3.03,0.39,10.5,7,white
7.0,0.2,0.31,8.0,0.05,29.0,213.0,0.9959600000000001,3.28,0.57,10.4,6,white
6.0,0.26,0.32,3.8,0.028999999999999998,48.0,180.0,0.99011,3.15,0.34,12.0,6,white
6.9,0.3,0.3,10.55,0.037000000000000005,4.0,28.0,0.9918399999999999,3.07,0.32,12.7,6,white
6.7,0.18,0.28,10.2,0.039,29.0,115.0,0.99469,3.11,0.45,10.9,7,white
6.7,0.18,0.28,10.2,0.039,29.0,115.0,0.99469,3.11,0.45,10.9,7,white
6.8,0.18,0.28,9.8,0.039,29.0,113.0,0.99406,3.11,0.45,10.9,7,white
7.2,0.19,0.31,6.3,0.034,17.0,103.0,0.99305,3.15,0.52,11.4,7,white
6.2,0.16,0.32,1.1,0.036000000000000004,74.0,184.0,0.9909600000000001,3.22,0.41,11.0,6,white
5.0,0.27,0.32,4.5,0.032,58.0,178.0,0.98956,3.45,0.31,12.6,7,white
6.3,0.37,0.28,6.3,0.034,45.0,152.0,0.9921,3.29,0.46,11.6,7,white
6.6,0.2,0.27,10.9,0.038,29.0,130.0,0.9949600000000001,3.11,0.44,10.5,7,white
6.8,0.18,0.28,9.8,0.039,29.0,113.0,0.99406,3.11,0.45,10.9,7,white
6.8,0.18,0.28,9.8,0.039,29.0,113.0,0.99406,3.11,0.45,10.9,7,white
6.6,0.28,0.34,0.8,0.037000000000000005,42.0,119.0,0.9888,3.03,0.37,12.5,6,white
6.5,0.35,0.36,0.8,0.034,32.0,111.0,0.9894200000000001,3.11,0.5,12.1,8,white
6.9,0.25,0.33,1.2,0.035,35.0,158.0,0.99082,3.02,0.58,11.3,6,white
6.0,0.32,0.3,1.3,0.025,18.0,112.0,0.9880200000000001,3.07,0.64,13.3,7,white
6.8,0.18,0.28,9.8,0.039,29.0,113.0,0.99406,3.11,0.45,10.9,7,white
6.7,0.18,0.28,10.2,0.039,29.0,115.0,0.99469,3.11,0.45,10.9,7,white
6.6,0.2,0.27,10.9,0.038,29.0,130.0,0.9949600000000001,3.11,0.44,10.5,7,white
6.3,0.37,0.28,6.3,0.034,45.0,152.0,0.9921,3.29,0.46,11.6,7,white
7.2,0.19,0.31,6.3,0.034,17.0,103.0,0.99305,3.15,0.52,11.4,7,white
6.3,0.18,0.36,1.2,0.034,26.0,111.0,0.99074,3.16,0.51,11.0,6,white
6.9,0.3,0.36,0.9,0.037000000000000005,40.0,156.0,0.9896799999999999,3.08,0.36,12.1,6,white
6.2,0.16,0.32,1.1,0.036000000000000004,74.0,184.0,0.9909600000000001,3.22,0.41,11.0,6,white
5.0,0.27,0.32,4.5,0.032,58.0,178.0,0.98956,3.45,0.31,12.6,7,white
5.0,0.3,0.33,3.7,0.03,54.0,173.0,0.9887,3.36,0.3,13.0,7,white
6.5,0.2,0.5,18.1,0.054000000000000006,50.0,221.0,0.99941,2.94,0.64,8.8,6,white
6.7,0.25,0.31,1.35,0.061,30.5,218.0,0.9938799999999999,3.16,0.53,9.5,5,white
6.6,0.22,0.36,5.5,0.028999999999999998,30.0,105.0,0.99206,3.2,0.47,11.8,6,white
6.8,0.25,0.37,3.1,0.026000000000000002,29.0,93.0,0.99035,3.14,0.45,12.2,6,white
7.0,0.13,0.37,12.85,0.042,36.0,105.0,0.9958100000000001,3.05,0.55,10.7,6,white
7.0,0.45,0.34,19.8,0.04,12.0,67.0,0.9976,3.07,0.38,11.0,6,white
7.2,0.32,0.3,8.25,0.02,14.0,104.0,0.9936200000000001,2.99,0.44,11.4,6,white
7.0,0.13,0.37,12.85,0.042,36.0,105.0,0.9958100000000001,3.05,0.55,10.7,6,white
5.9,0.34,0.3,3.8,0.035,57.0,135.0,0.99016,3.09,0.34,12.0,6,white
6.8,0.22,0.31,6.9,0.037000000000000005,33.0,121.0,0.9917600000000001,3.02,0.39,11.9,8,white
7.2,0.32,0.3,8.25,0.02,14.0,104.0,0.9936200000000001,2.99,0.44,11.4,6,white
8.4,0.32,0.35,11.7,0.028999999999999998,3.0,46.0,0.99439,3.02,0.34,11.8,6,white
6.8,0.27,0.29,4.6,0.046,6.0,88.0,0.9945799999999999,3.34,0.48,10.6,4,white
8.0,0.74,0.21,4.0,0.05,24.0,133.0,0.99418,3.06,0.38,9.7,5,white
7.0,0.45,0.34,19.8,0.04,12.0,67.0,0.9976,3.07,0.38,11.0,6,white
7.0,0.13,0.37,12.85,0.042,36.0,105.0,0.9958100000000001,3.05,0.55,10.7,6,white
5.4,0.22,0.29,1.2,0.045,69.0,152.0,0.9917799999999999,3.76,0.63,11.0,7,white
8.4,0.22,0.3,8.9,0.024,17.0,118.0,0.99456,2.99,0.34,10.5,6,white
7.4,0.32,0.22,11.7,0.035,44.0,150.0,0.9957799999999999,3.1,0.45,10.4,5,white
7.5,0.18,0.37,6.2,0.05,21.0,138.0,0.99546,3.2,0.55,10.5,6,white
7.1,0.47,0.29,14.8,0.024,22.0,142.0,0.99518,3.12,0.48,12.0,8,white
7.1,0.47,0.29,14.8,0.024,22.0,142.0,0.99518,3.12,0.48,12.0,8,white
5.8,0.19,0.25,10.8,0.042,33.0,124.0,0.99646,3.22,0.41,9.2,6,white
6.7,0.14,0.46,1.6,0.036000000000000004,15.0,92.0,0.99264,3.37,0.49,10.9,5,white
6.8,0.24,0.38,8.3,0.045,50.0,185.0,0.9957799999999999,3.15,0.5,9.5,6,white
6.9,0.25,0.47,8.4,0.042,36.0,156.0,0.9960399999999999,3.15,0.55,9.4,6,white
6.0,0.24,0.33,2.5,0.026000000000000002,31.0,85.0,0.9901399999999999,3.13,0.5,11.3,7,white
6.8,0.29,0.34,3.5,0.054000000000000006,26.0,189.0,0.9948899999999999,3.42,0.58,10.4,5,white
6.3,0.33,0.42,17.2,0.037000000000000005,57.0,170.0,0.99884,3.26,0.57,9.4,6,white
6.5,0.23,0.45,2.1,0.027000000000000003,43.0,104.0,0.99054,3.02,0.52,11.3,6,white
6.3,0.27,0.29,12.2,0.044000000000000004,59.0,196.0,0.99782,3.14,0.4,8.8,6,white
6.3,0.2,0.37,11.8,0.045,58.0,130.0,0.99519,3.2,0.35,10.8,5,white
6.2,0.33,0.41,16.8,0.037000000000000005,58.0,173.0,0.99882,3.25,0.57,9.4,6,white
6.3,0.33,0.42,17.2,0.037000000000000005,57.0,170.0,0.99884,3.26,0.57,9.4,6,white
7.2,0.21,1.0,1.1,0.154,46.0,114.0,0.9931,2.95,0.43,9.2,6,white
6.0,0.27,0.3,14.7,0.044000000000000004,15.0,144.0,0.99666,3.12,0.53,10.3,6,white
5.7,0.12,0.26,5.5,0.034,21.0,99.0,0.99324,3.09,0.57,9.9,6,white
6.9,0.24,0.37,6.1,0.027000000000000003,38.0,112.0,0.9908600000000001,3.19,0.34,12.4,6,white
7.7,0.18,0.53,1.2,0.040999999999999995,42.0,167.0,0.9908,3.11,0.44,11.9,5,white
7.1,0.17,0.43,1.3,0.023,33.0,132.0,0.99067,3.11,0.56,11.7,6,white
7.5,0.33,0.38,8.7,0.126,49.0,199.0,0.99711,2.98,0.57,9.4,5,white
6.2,0.255,0.24,1.7,0.039,138.5,272.0,0.9945200000000001,3.53,0.53,9.6,4,white
7.5,0.33,0.38,8.7,0.126,49.0,199.0,0.99711,2.98,0.57,9.4,5,white
5.6,0.2,0.66,10.2,0.043,78.0,175.0,0.9945,2.98,0.43,10.4,7,white
7.6,0.17,0.36,4.5,0.042,26.0,102.0,0.9942700000000001,3.09,0.47,9.5,5,white
5.8,0.15,0.31,5.9,0.036000000000000004,7.0,73.0,0.9915200000000001,3.2,0.43,11.9,6,white
6.3,0.25,0.44,1.7,0.024,36.0,116.0,0.98935,3.18,0.4,12.5,6,white
6.9,0.28,0.41,1.4,0.016,6.0,55.0,0.9887600000000001,3.16,0.4,13.4,5,white
7.2,0.27,0.37,5.4,0.026000000000000002,27.0,114.0,0.99174,3.13,0.84,12.7,5,white
6.2,0.25,0.38,7.9,0.045,54.0,208.0,0.99572,3.17,0.46,9.1,5,white
8.5,0.19,0.48,1.1,0.026000000000000002,23.0,58.0,0.9918399999999999,2.9,0.5,10.5,6,white
6.2,0.25,0.54,7.0,0.046,58.0,176.0,0.99454,3.19,0.7,10.4,5,white
6.2,0.25,0.54,7.0,0.046,58.0,176.0,0.99454,3.19,0.7,10.4,5,white
6.8,0.28,0.43,7.6,0.03,30.0,110.0,0.99164,3.08,0.59,12.5,8,white
6.2,0.25,0.54,7.0,0.046,58.0,176.0,0.99454,3.19,0.7,10.4,5,white
7.4,0.21,0.8,12.3,0.038,77.0,183.0,0.9977799999999999,2.95,0.48,9.0,5,white
7.0,0.15,0.38,15.3,0.045,54.0,120.0,0.9975,3.18,0.42,9.8,6,white
7.4,0.21,0.8,12.3,0.038,77.0,183.0,0.9977799999999999,2.95,0.48,9.0,5,white
7.3,0.28,0.42,1.2,0.033,29.0,142.0,0.99205,3.17,0.43,10.7,4,white
6.1,0.18,0.38,2.3,0.033,28.0,111.0,0.98962,3.16,0.49,12.4,6,white
7.0,0.53,0.43,6.1,0.028999999999999998,6.0,76.0,0.99118,3.08,0.5,12.5,8,white
6.8,0.28,0.43,7.6,0.03,30.0,110.0,0.99164,3.08,0.59,12.5,8,white
6.5,0.36,0.38,10.2,0.027999999999999997,20.0,82.0,0.99274,3.1,0.43,12.1,7,white
7.5,0.25,0.47,4.1,0.040999999999999995,95.0,163.0,0.9918399999999999,2.92,0.59,11.3,6,white
6.7,0.24,0.41,2.9,0.039,48.0,122.0,0.9905200000000001,3.25,0.43,12.0,5,white
6.6,0.25,0.33,8.5,0.042,29.0,141.0,0.99546,3.28,0.6,10.4,5,white
6.4,0.15,0.4,1.5,0.042,23.0,87.0,0.98972,3.11,0.46,12.2,7,white
6.3,0.28,0.3,3.1,0.039,24.0,115.0,0.9942,3.05,0.43,8.6,5,white
6.2,0.25,0.38,7.9,0.045,54.0,208.0,0.99572,3.17,0.46,9.1,5,white
7.1,0.28,0.35,3.5,0.027999999999999997,35.0,91.0,0.9902200000000001,2.96,0.33,12.1,5,white
6.6,0.35,0.34,4.9,0.032,9.0,125.0,0.9925299999999999,3.32,0.81,12.0,5,white
8.5,0.19,0.48,1.1,0.026000000000000002,23.0,58.0,0.9918399999999999,2.9,0.5,10.5,6,white
6.2,0.25,0.54,7.0,0.046,58.0,176.0,0.99454,3.19,0.7,10.4,5,white
6.0,0.35,0.51,1.2,0.028999999999999998,10.0,102.0,0.9903,3.46,0.42,11.9,6,white
5.8,0.31,0.32,4.5,0.024,28.0,94.0,0.98906,3.25,0.52,13.7,7,white
6.6,0.17,0.35,2.6,0.03,33.0,78.0,0.99146,3.22,0.72,11.3,6,white
8.5,0.23,0.4,9.9,0.036000000000000004,24.0,88.0,0.9951,3.02,0.42,10.5,6,white
5.8,0.31,0.32,4.5,0.024,28.0,94.0,0.98906,3.25,0.52,13.7,7,white
6.1,0.2,0.34,9.5,0.040999999999999995,38.0,201.0,0.995,3.14,0.44,10.1,3,white
6.3,0.37,0.37,1.5,0.024,12.0,76.0,0.9887600000000001,2.94,0.39,12.3,6,white
6.2,0.36,0.38,3.2,0.031,20.0,89.0,0.98956,3.06,0.33,12.0,7,white
6.6,0.17,0.35,2.6,0.03,33.0,78.0,0.99146,3.22,0.72,11.3,6,white
6.3,0.28,0.47,11.2,0.04,61.0,183.0,0.99592,3.12,0.51,9.5,6,white
7.6,0.27,0.52,3.2,0.043,28.0,152.0,0.99129,3.02,0.53,11.4,6,white
7.0,0.25,0.45,2.3,0.045,40.0,118.0,0.99064,3.16,0.48,11.9,7,white
9.7,0.24,0.49,4.9,0.032,3.0,18.0,0.9936799999999999,2.85,0.54,10.0,6,white
9.7,0.24,0.49,4.9,0.032,3.0,18.0,0.9936799999999999,2.85,0.54,10.0,6,white
6.8,0.13,0.39,1.4,0.034,19.0,102.0,0.99121,3.23,0.6,11.3,7,white
6.6,0.78,0.5,1.5,0.045,30.0,133.0,0.9910399999999999,3.25,0.48,11.7,5,white
5.1,0.33,0.27,6.7,0.022000000000000002,44.0,129.0,0.99221,3.36,0.39,11.0,7,white
6.7,0.34,0.4,2.1,0.033,34.0,111.0,0.98924,2.97,0.48,12.2,7,white
6.7,0.14,0.51,4.3,0.027999999999999997,57.0,124.0,0.9917600000000001,2.91,0.54,10.7,7,white
7.0,0.26,0.34,10.9,0.038,25.0,84.0,0.9943200000000001,3.11,0.34,10.9,6,white
6.5,0.29,0.26,7.0,0.04,18.0,113.0,0.99366,3.17,0.38,10.2,6,white
7.0,0.25,0.45,2.3,0.045,40.0,118.0,0.99064,3.16,0.48,11.9,7,white
7.6,0.21,0.49,2.5,0.047,20.0,130.0,0.9917799999999999,3.15,0.48,11.1,5,white
7.7,0.26,0.51,2.6,0.045,26.0,159.0,0.99126,3.0,0.5,11.2,6,white
7.6,0.27,0.52,3.2,0.043,28.0,152.0,0.99129,3.02,0.53,11.4,6,white
7.7,0.25,0.49,2.5,0.047,31.0,169.0,0.9925200000000001,3.07,0.57,10.6,6,white
7.6,0.35,0.46,14.7,0.047,33.0,151.0,0.9970899999999999,3.03,0.53,10.3,5,white
6.9,0.3,0.36,4.5,0.054000000000000006,31.0,203.0,0.99513,3.4,0.57,10.4,4,white
6.7,0.24,0.46,2.2,0.033,19.0,111.0,0.99045,3.1,0.62,11.9,6,white
6.5,0.23,0.39,1.9,0.036000000000000004,41.0,98.0,0.99,3.19,0.43,11.9,7,white
7.6,0.23,0.34,1.6,0.043,24.0,129.0,0.99305,3.12,0.7,10.4,5,white
6.5,0.24,0.39,17.3,0.052000000000000005,22.0,126.0,0.9988799999999999,3.11,0.47,9.2,6,white
6.3,0.17,0.32,4.2,0.04,37.0,117.0,0.99182,3.24,0.43,11.3,6,white
6.3,0.17,0.32,4.2,0.04,37.0,117.0,0.99182,3.24,0.43,11.3,6,white
6.7,0.21,0.37,2.5,0.034,35.0,89.0,0.9913,3.25,0.5,11.0,7,white
6.5,0.23,0.39,1.9,0.036000000000000004,41.0,98.0,0.99,3.19,0.43,11.9,7,white
5.9,0.28,0.39,1.4,0.031,47.0,147.0,0.98836,3.08,0.64,12.9,7,white
5.9,0.19,0.37,0.8,0.027000000000000003,3.0,21.0,0.9897,3.09,0.31,10.8,5,white
6.2,0.25,0.42,8.0,0.049,53.0,206.0,0.9958600000000001,3.16,0.47,9.1,6,white
7.6,0.23,0.34,1.6,0.043,24.0,129.0,0.99305,3.12,0.7,10.4,5,white
5.6,0.18,0.27,1.7,0.03,31.0,103.0,0.98892,3.35,0.37,12.9,6,white
5.5,0.18,0.22,5.5,0.037000000000000005,10.0,86.0,0.99156,3.46,0.44,12.2,5,white
6.5,0.24,0.39,17.3,0.052000000000000005,22.0,126.0,0.9988799999999999,3.11,0.47,9.2,6,white
7.4,0.23,0.38,8.6,0.052000000000000005,41.0,150.0,0.99534,3.06,0.46,10.3,5,white
7.2,0.17,0.37,6.9,0.059000000000000004,47.0,128.0,0.9932200000000001,3.08,0.46,11.0,7,white
7.6,0.3,0.38,2.1,0.043,10.0,98.0,0.9929600000000001,3.17,0.65,11.0,5,white
5.0,0.24,0.21,2.2,0.039,31.0,100.0,0.99098,3.69,0.62,11.7,6,white
6.1,0.21,0.38,1.5,0.039,37.0,122.0,0.98972,3.2,0.43,12.0,6,white
6.5,0.33,0.38,2.5,0.047,30.0,148.0,0.98964,3.17,0.43,12.7,6,white
6.3,0.35,0.26,17.6,0.061,59.0,198.0,0.99918,3.11,0.49,8.8,5,white
6.3,0.17,0.32,4.2,0.04,37.0,117.0,0.99182,3.24,0.43,11.3,6,white
6.6,0.25,0.35,2.9,0.034,38.0,121.0,0.99008,3.19,0.4,12.8,6,white
6.5,0.16,0.33,4.8,0.043,45.0,114.0,0.992,3.18,0.44,11.2,6,white
6.6,0.39,0.39,11.9,0.057,51.0,221.0,0.99851,3.26,0.51,8.9,6,white
5.6,0.19,0.27,0.9,0.04,52.0,103.0,0.99026,3.5,0.39,11.2,5,white
6.2,0.25,0.39,1.3,0.051,42.0,135.0,0.9906,3.23,0.4,11.1,6,white
6.9,0.22,0.43,6.4,0.042,34.0,115.0,0.99293,3.05,0.51,10.8,6,white
6.2,0.19,0.29,4.3,0.045,33.0,126.0,0.9965799999999999,3.18,0.42,9.3,6,white
6.6,0.39,0.39,11.9,0.057,51.0,221.0,0.99851,3.26,0.51,8.9,6,white
5.9,0.33,0.32,8.1,0.038,9.0,34.0,0.9911,3.22,0.36,12.7,7,white
7.8,0.17,0.5,1.3,0.045,35.0,140.0,0.9904,3.16,0.4,12.0,6,white
5.5,0.19,0.27,0.9,0.04,52.0,103.0,0.99026,3.5,0.39,11.2,5,white
6.2,0.23,0.36,17.2,0.039,37.0,130.0,0.99946,3.23,0.43,8.8,6,white
6.2,0.23,0.36,17.2,0.039,37.0,130.0,0.99946,3.23,0.43,8.8,6,white
6.2,0.23,0.36,17.2,0.039,37.0,130.0,0.99946,3.23,0.43,8.8,6,white
7.2,0.32,0.4,8.7,0.038,45.0,154.0,0.9956799999999999,3.2,0.47,10.4,6,white
6.2,0.23,0.36,17.2,0.039,37.0,130.0,0.99946,3.23,0.43,8.8,6,white
7.2,0.32,0.4,8.7,0.038,45.0,154.0,0.9956799999999999,3.2,0.47,10.4,6,white
5.8,0.39,0.47,7.5,0.027000000000000003,12.0,88.0,0.9907,3.38,0.45,14.0,6,white
6.2,0.23,0.36,17.2,0.039,37.0,130.0,0.99946,3.23,0.43,8.8,6,white
7.6,0.25,1.23,4.6,0.035,51.0,294.0,0.99018,3.03,0.43,13.1,6,white
5.8,0.29,0.33,3.7,0.028999999999999998,30.0,88.0,0.9899399999999999,3.25,0.42,12.3,6,white
7.2,0.4,0.38,2.2,0.03,40.0,109.0,0.99075,3.27,0.46,12.6,6,white
6.8,0.39,0.34,7.4,0.02,38.0,133.0,0.9921200000000001,3.18,0.44,12.0,7,white
6.1,0.17,0.42,15.1,0.033,28.0,124.0,0.99684,2.87,0.47,9.5,5,white
6.8,0.39,0.34,7.4,0.02,38.0,133.0,0.9921200000000001,3.18,0.44,12.0,7,white
7.1,0.36,0.37,4.8,0.019,39.0,114.0,0.99036,3.08,0.49,12.7,7,white
6.9,0.19,0.32,7.9,0.042,30.0,130.0,0.99456,3.4,0.39,10.5,6,white
6.5,0.34,0.46,1.0,0.023,6.0,80.0,0.98865,3.15,0.54,12.9,6,white
6.1,0.17,0.42,15.1,0.033,28.0,124.0,0.99684,2.87,0.47,9.5,5,white
6.8,0.39,0.34,7.4,0.02,38.0,133.0,0.9921200000000001,3.18,0.44,12.0,7,white
7.1,0.36,0.37,4.8,0.019,39.0,114.0,0.99036,3.08,0.49,12.7,7,white
7.8,0.3,0.36,4.6,0.024,20.0,198.0,0.9922200000000001,3.06,0.66,11.9,6,white
6.1,0.68,0.52,1.4,0.037000000000000005,32.0,123.0,0.9902200000000001,3.24,0.45,12.0,6,white
5.2,0.34,0.37,6.2,0.031,42.0,133.0,0.9907600000000001,3.25,0.41,12.5,6,white
5.6,0.28,0.4,6.1,0.034,36.0,118.0,0.99144,3.21,0.43,12.1,7,white
6.2,0.19,0.38,5.1,0.019,22.0,82.0,0.98961,3.05,0.36,12.5,6,white
5.7,0.16,0.26,6.3,0.043,28.0,113.0,0.9936,3.06,0.58,9.9,6,white
7.6,0.17,0.46,0.9,0.036000000000000004,63.0,147.0,0.99126,3.02,0.41,10.7,6,white
7.3,0.2,0.39,2.3,0.048,24.0,87.0,0.99044,2.94,0.35,12.0,6,white
6.7,0.33,0.36,6.6,0.042,34.0,116.0,0.9912299999999999,2.97,0.31,12.2,8,white
6.7,0.33,0.34,7.5,0.036000000000000004,39.0,124.0,0.9912299999999999,2.99,0.32,12.4,8,white
6.9,0.36,0.35,8.6,0.038,37.0,125.0,0.9916,3.0,0.32,12.4,8,white
7.8,0.21,0.34,11.9,0.039,55.0,140.0,0.9959,3.02,0.31,10.3,6,white
7.3,0.2,0.39,2.3,0.048,24.0,87.0,0.99044,2.94,0.35,12.0,6,white
5.6,0.41,0.22,7.1,0.05,44.0,154.0,0.9931,3.3,0.4,10.5,5,white
7.6,0.15,0.35,4.3,0.051,23.0,98.0,0.9942200000000001,3.1,0.44,9.5,6,white
8.5,0.2,0.4,1.1,0.046,31.0,106.0,0.9919399999999999,3.0,0.35,10.5,4,white
6.5,0.24,0.38,1.0,0.027000000000000003,31.0,90.0,0.98926,3.24,0.36,12.3,6,white
8.3,0.16,0.37,7.9,0.025,38.0,107.0,0.99306,2.93,0.37,11.9,6,white
5.5,0.12,0.33,1.0,0.038,23.0,131.0,0.99164,3.25,0.45,9.8,5,white
6.5,0.24,0.38,1.0,0.027000000000000003,31.0,90.0,0.98926,3.24,0.36,12.3,6,white
6.2,0.1,0.41,1.0,0.04,17.0,76.0,0.98988,3.14,0.56,11.4,7,white
6.5,0.21,0.4,7.3,0.040999999999999995,49.0,115.0,0.9926799999999999,3.21,0.43,11.0,6,white
8.7,0.3,0.59,1.7,0.046,10.0,70.0,0.9937299999999999,3.06,0.56,10.8,4,white
6.7,0.18,0.37,1.3,0.027000000000000003,42.0,125.0,0.98939,3.24,0.37,12.8,7,white
7.0,0.17,0.36,6.4,0.055,42.0,123.0,0.99318,3.11,0.5,11.0,8,white
6.6,0.19,0.33,1.8,0.035,42.0,148.0,0.9919600000000001,3.15,0.36,10.2,5,white
5.8,0.28,0.3,1.5,0.026000000000000002,31.0,114.0,0.9895200000000001,3.32,0.6,12.5,7,white
7.6,0.24,0.44,3.8,0.037000000000000005,49.0,146.0,0.9911,3.06,0.37,11.6,6,white
8.3,0.16,0.37,7.9,0.025,38.0,107.0,0.99306,2.93,0.37,11.9,6,white
5.5,0.12,0.33,1.0,0.038,23.0,131.0,0.99164,3.25,0.45,9.8,5,white
5.7,0.16,0.32,1.2,0.036000000000000004,7.0,89.0,0.99111,3.26,0.48,11.0,5,white
7.0,0.21,0.42,5.3,0.037000000000000005,36.0,123.0,0.99321,3.14,0.52,10.9,6,white
6.4,0.22,0.38,9.1,0.044000000000000004,35.0,127.0,0.99326,2.97,0.3,11.0,7,white
7.9,0.34,0.44,6.5,0.027000000000000003,47.0,126.0,0.99124,2.96,0.37,12.5,6,white
6.4,0.22,0.38,9.1,0.044000000000000004,35.0,127.0,0.99326,2.97,0.3,11.0,7,white
6.8,0.21,0.4,6.3,0.032,40.0,121.0,0.9921399999999999,3.18,0.53,12.0,7,white
5.2,0.31,0.36,5.1,0.031,46.0,145.0,0.9897,3.14,0.31,12.4,7,white
7.9,0.34,0.44,6.5,0.027000000000000003,47.0,126.0,0.99124,2.96,0.37,12.5,6,white
5.6,0.42,0.34,2.4,0.022000000000000002,34.0,97.0,0.98915,3.22,0.38,12.8,7,white
6.4,0.22,0.38,9.1,0.044000000000000004,35.0,127.0,0.99326,2.97,0.3,11.0,7,white
6.8,0.28,0.34,7.5,0.035,34.0,177.0,0.99692,3.33,0.43,9.1,5,white
6.8,0.45,0.36,5.0,0.033,28.0,156.0,0.991,3.11,0.4,12.4,7,white
6.6,0.29,0.39,6.75,0.031,22.0,98.0,0.9913,3.15,0.8,12.9,7,white
6.8,0.21,0.42,1.2,0.045,24.0,126.0,0.99234,3.09,0.87,10.9,6,white
6.8,0.25,0.24,1.6,0.045,39.0,164.0,0.9940200000000001,3.53,0.58,10.8,5,white
6.4,0.21,0.34,16.05,0.04,56.0,142.0,0.9967799999999999,3.11,0.38,10.6,5,white
5.8,0.33,0.23,5.0,0.053,29.0,106.0,0.9945799999999999,3.13,0.52,9.0,5,white
8.2,0.3,0.44,12.4,0.043,52.0,154.0,0.9945200000000001,3.04,0.33,12.0,6,white
6.4,0.24,0.32,0.95,0.040999999999999995,23.0,131.0,0.9903299999999999,3.25,0.35,11.8,5,white
7.5,0.18,0.45,4.6,0.040999999999999995,67.0,158.0,0.9927,3.01,0.38,10.6,6,white
5.2,0.335,0.2,1.7,0.033,17.0,74.0,0.9900200000000001,3.34,0.48,12.3,6,white
7.1,0.14,0.33,1.0,0.10400000000000001,20.0,54.0,0.9905700000000001,3.19,0.64,11.5,6,white
7.2,0.13,0.46,1.3,0.044000000000000004,48.0,111.0,0.9912700000000001,2.97,0.45,11.1,5,white
5.8,0.33,0.23,5.0,0.053,29.0,106.0,0.9945799999999999,3.13,0.52,9.0,5,white
6.5,0.29,0.25,2.5,0.142,8.0,111.0,0.9927,3.0,0.44,9.9,4,white
6.2,0.35,0.31,2.6,0.036000000000000004,37.0,92.0,0.9893799999999999,3.27,0.53,12.8,7,white
9.0,0.38,0.53,2.1,0.102,19.0,76.0,0.9900100000000001,2.93,0.57,12.9,5,white
6.6,0.24,0.38,12.75,0.034,8.0,74.0,0.9938600000000001,3.1,0.57,12.9,6,white
6.6,0.16,0.34,1.1,0.037000000000000005,41.0,115.0,0.9899,3.01,0.68,12.0,6,white
8.2,0.3,0.44,12.4,0.043,52.0,154.0,0.9945200000000001,3.04,0.33,12.0,6,white
5.7,0.15,0.28,3.7,0.045,57.0,151.0,0.9913,3.22,0.27,11.2,6,white
6.6,0.33,0.4,2.65,0.040999999999999995,35.0,86.0,0.98916,3.11,0.39,13.3,7,white
5.7,0.2,0.3,2.5,0.046,38.0,125.0,0.9927600000000001,3.34,0.5,9.9,6,white
6.8,0.27,0.37,8.2,0.055,52.0,192.0,0.9958600000000001,3.11,0.52,9.5,6,white
6.8,0.27,0.42,7.3,0.054000000000000006,58.0,200.0,0.99556,3.12,0.49,9.4,6,white
6.2,0.2,0.26,1.1,0.047,42.0,119.0,0.9915799999999999,3.48,0.6,11.0,7,white
6.7,0.13,0.57,6.6,0.055999999999999994,60.0,150.0,0.9954799999999999,2.96,0.43,9.4,6,white
6.8,0.21,0.37,7.0,0.038,27.0,107.0,0.99206,2.98,0.82,11.5,6,white
6.7,0.31,0.32,14.5,0.038,6.0,79.0,0.9941200000000001,3.14,0.34,12.5,5,white
6.2,0.2,0.29,11.8,0.035,21.0,93.0,0.99364,3.18,0.34,11.9,6,white
6.6,0.25,0.34,3.0,0.054000000000000006,22.0,141.0,0.9933799999999999,3.26,0.47,10.4,6,white
5.7,0.15,0.28,3.7,0.045,57.0,151.0,0.9913,3.22,0.27,11.2,6,white
6.9,0.22,0.39,6.0,0.035,44.0,141.0,0.9912299999999999,3.11,0.33,12.5,6,white
6.4,0.23,0.35,4.6,0.039,43.0,147.0,0.99216,3.18,0.4,11.0,7,white
7.6,0.27,0.29,2.5,0.059000000000000004,37.0,115.0,0.9932799999999999,3.09,0.37,9.8,5,white
6.6,0.34,0.24,3.3,0.034,29.0,99.0,0.99031,3.1,0.4,12.3,7,white
6.4,0.16,0.42,1.0,0.036000000000000004,29.0,113.0,0.9908,3.18,0.52,11.0,6,white
5.8,0.3,0.42,1.1,0.036000000000000004,19.0,113.0,0.9887100000000001,3.1,0.46,12.6,7,white
7.0,0.29,0.35,1.4,0.036000000000000004,42.0,109.0,0.99119,3.31,0.62,11.6,6,white
6.6,0.34,0.24,3.3,0.034,29.0,99.0,0.99031,3.1,0.4,12.3,7,white
6.7,0.21,0.36,8.55,0.02,20.0,86.0,0.99146,3.19,0.22,13.4,7,white
7.6,0.27,0.29,2.5,0.059000000000000004,37.0,115.0,0.9932799999999999,3.09,0.37,9.8,5,white
6.8,0.22,0.41,6.7,0.034,39.0,116.0,0.99245,3.18,0.46,11.5,6,white
7.7,0.27,0.49,3.8,0.037000000000000005,46.0,139.0,0.99116,3.04,0.38,11.6,6,white
6.4,0.25,0.37,4.5,0.039,41.0,147.0,0.9921,3.18,0.4,11.1,7,white
6.4,0.23,0.35,4.6,0.039,43.0,147.0,0.99216,3.18,0.4,11.0,7,white
6.7,0.13,0.45,4.2,0.043,52.0,131.0,0.9916200000000001,3.06,0.54,11.3,6,white
6.7,0.24,0.37,11.3,0.043,64.0,173.0,0.9963200000000001,3.08,0.53,9.9,6,white
7.1,0.26,0.37,5.5,0.025,31.0,105.0,0.99082,3.06,0.33,12.6,8,white
5.3,0.3,0.16,4.2,0.028999999999999998,37.0,100.0,0.9905,3.3,0.36,11.8,8,white
7.1,0.38,0.4,2.2,0.042,54.0,201.0,0.99177,3.03,0.5,11.4,5,white
7.4,0.19,0.31,14.5,0.045,39.0,193.0,0.9986,3.1,0.5,9.2,6,white
7.4,0.19,0.31,14.5,0.045,39.0,193.0,0.9986,3.1,0.5,9.2,6,white
7.4,0.19,0.31,14.5,0.045,39.0,193.0,0.9986,3.1,0.5,9.2,6,white
7.4,0.19,0.31,14.5,0.045,39.0,193.0,0.9986,3.1,0.5,9.2,6,white
7.4,0.19,0.31,14.5,0.045,39.0,193.0,0.9986,3.1,0.5,9.2,6,white
7.4,0.19,0.31,14.5,0.045,39.0,193.0,0.9986,3.1,0.5,9.2,6,white
6.3,0.32,0.32,1.5,0.03,24.0,101.0,0.9892299999999999,3.21,0.42,13.0,5,white
7.6,0.19,0.32,18.75,0.047,32.0,193.0,1.00014,3.1,0.5,9.3,7,white
6.5,0.26,0.31,3.6,0.03,36.0,92.0,0.99026,3.22,0.62,12.6,8,white
5.9,0.24,0.12,1.4,0.035,60.0,247.0,0.9935799999999999,3.34,0.44,9.6,6,white
4.2,0.215,0.23,5.1,0.040999999999999995,64.0,157.0,0.9968799999999999,3.42,0.44,8.0,3,white
8.1,0.24,0.32,10.5,0.03,34.0,105.0,0.9940700000000001,3.11,0.42,11.8,6,white
5.8,0.23,0.2,2.0,0.043,39.0,154.0,0.99226,3.21,0.39,10.2,6,white
7.5,0.33,0.36,2.6,0.051,26.0,126.0,0.99097,3.32,0.53,12.7,6,white
6.6,0.38,0.36,9.2,0.061,42.0,214.0,0.9976,3.31,0.56,9.4,5,white
6.4,0.15,0.29,1.8,0.044000000000000004,21.0,115.0,0.99166,3.1,0.38,10.2,5,white
6.5,0.32,0.34,5.7,0.044000000000000004,27.0,91.0,0.9918399999999999,3.28,0.6,12.0,7,white
7.5,0.22,0.32,2.4,0.045,29.0,100.0,0.99135,3.08,0.6,11.3,7,white
6.4,0.23,0.32,1.9,0.038,40.0,118.0,0.99074,3.32,0.53,11.8,7,white
6.1,0.22,0.31,1.4,0.039,40.0,129.0,0.99193,3.45,0.59,10.9,5,white
6.5,0.48,0.02,0.9,0.043,32.0,99.0,0.99226,3.14,0.47,9.8,4,white
6.6,0.23,0.3,4.6,0.06,29.0,154.0,0.9914200000000001,3.23,0.49,12.2,8,white
6.4,0.16,0.25,1.4,0.057,21.0,125.0,0.9909100000000001,3.23,0.44,11.1,7,white
6.6,0.38,0.36,9.2,0.061,42.0,214.0,0.9976,3.31,0.56,9.4,5,white
7.4,0.16,0.32,1.4,0.065,23.0,140.0,0.99134,3.06,0.47,11.4,6,white
6.4,0.15,0.29,1.8,0.044000000000000004,21.0,115.0,0.99166,3.1,0.38,10.2,5,white
6.5,0.32,0.3,2.3,0.051,20.0,127.0,0.98964,3.13,0.52,12.8,6,white
6.7,0.12,0.36,2.3,0.039,43.0,125.0,0.99229,3.07,0.67,10.1,7,white
6.6,0.2,0.14,4.4,0.184,35.0,168.0,0.9939600000000001,2.93,0.45,9.4,6,white
8.0,0.34,0.25,6.4,0.035,38.0,103.0,0.9914799999999999,2.91,0.23,12.2,6,white
6.8,0.21,0.31,2.9,0.046,40.0,121.0,0.9913,3.07,0.65,10.9,7,white
6.8,0.23,0.31,2.8,0.047,40.0,122.0,0.99126,3.06,0.64,10.9,7,white
6.8,0.21,0.31,2.9,0.046,40.0,121.0,0.9913,3.07,0.65,10.9,7,white
6.6,0.2,0.14,4.4,0.184,35.0,168.0,0.9939600000000001,2.93,0.45,9.4,6,white
6.6,0.28,0.42,8.2,0.044000000000000004,60.0,196.0,0.9956200000000001,3.14,0.48,9.4,5,white
7.8,0.25,0.37,1.0,0.043,10.0,80.0,0.9912799999999999,3.08,0.38,11.4,5,white
5.6,0.12,0.33,2.9,0.044000000000000004,21.0,73.0,0.9889600000000001,3.17,0.32,12.9,8,white
6.6,0.28,0.41,7.0,0.046,59.0,194.0,0.9955799999999999,3.14,0.48,9.4,5,white
6.8,0.17,0.35,1.8,0.04,29.0,84.0,0.98961,2.91,0.57,12.0,7,white
7.3,0.25,0.28,1.5,0.043,19.0,113.0,0.9933799999999999,3.38,0.56,10.1,6,white
6.6,0.28,0.41,7.0,0.046,59.0,194.0,0.9955799999999999,3.14,0.48,9.4,5,white
6.6,0.28,0.42,8.2,0.044000000000000004,60.0,196.0,0.9956200000000001,3.14,0.48,9.4,5,white
6.5,0.25,0.5,7.6,0.047,54.0,184.0,0.99572,3.17,0.45,9.2,5,white
6.3,0.24,0.35,2.3,0.039,43.0,109.0,0.99056,3.34,0.44,11.8,6,white
6.8,0.32,0.32,8.7,0.028999999999999998,31.0,105.0,0.99146,3.0,0.34,12.3,7,white
7.8,0.25,0.37,1.0,0.043,10.0,80.0,0.9912799999999999,3.08,0.38,11.4,5,white
5.6,0.12,0.33,2.9,0.044000000000000004,21.0,73.0,0.9889600000000001,3.17,0.32,12.9,8,white
6.6,0.24,0.28,6.7,0.032,26.0,91.0,0.99172,3.13,0.32,12.3,6,white
6.3,0.22,0.34,5.0,0.032,36.0,93.0,0.9901200000000001,3.27,0.36,13.5,7,white
6.0,0.32,0.3,1.9,0.033,41.0,142.0,0.9891200000000001,3.29,0.42,12.8,7,white
6.3,0.19,0.29,2.0,0.022000000000000002,33.0,96.0,0.9890200000000001,3.04,0.54,12.8,7,white
6.0,0.32,0.3,1.9,0.033,41.0,142.0,0.9891200000000001,3.29,0.42,12.8,7,white
9.4,0.24,0.29,8.5,0.037000000000000005,124.0,208.0,0.99395,2.9,0.38,11.0,3,white
6.4,0.35,0.28,12.6,0.039,19.0,124.0,0.99539,3.2,0.43,10.6,6,white
6.7,0.46,0.27,5.2,0.039,35.0,96.0,0.99129,3.16,0.44,12.4,7,white
6.3,0.3,0.29,2.1,0.048,33.0,142.0,0.98956,3.22,0.46,12.9,7,white
6.0,0.19,0.29,1.1,0.047,67.0,152.0,0.9916,3.54,0.59,11.1,7,white
5.9,0.24,0.28,1.3,0.032,36.0,95.0,0.9888899999999999,3.08,0.64,12.9,7,white
7.3,0.145,0.33,1.1,0.042,14.0,64.0,0.9901200000000001,3.1,0.37,11.8,7,white
6.6,0.435,0.38,9.2,0.057999999999999996,66.0,243.0,0.9983299999999999,3.23,0.54,9.1,6,white
5.8,0.18,0.37,1.2,0.036000000000000004,19.0,74.0,0.9885299999999999,3.09,0.49,12.7,7,white
5.8,0.18,0.37,1.1,0.036000000000000004,31.0,96.0,0.9894200000000001,3.16,0.48,12.0,6,white
5.6,0.32,0.32,8.3,0.043,32.0,105.0,0.99266,3.24,0.47,11.2,6,white
6.6,0.16,0.35,1.8,0.042,26.0,105.0,0.98962,3.19,0.75,12.4,7,white
5.1,0.21,0.28,1.4,0.047,48.0,148.0,0.9916799999999999,3.5,0.49,10.4,5,white
7.5,0.29,0.36,15.7,0.05,29.0,124.0,0.9968,3.06,0.54,10.4,5,white
6.0,0.26,0.33,4.35,0.04,15.0,80.0,0.98934,3.29,0.5,12.7,6,white
5.7,0.26,0.3,1.8,0.039,30.0,105.0,0.98995,3.48,0.52,12.5,7,white
7.1,0.17,0.31,1.6,0.037000000000000005,15.0,103.0,0.991,3.14,0.5,12.0,6,white
6.9,0.17,0.3,2.0,0.047,13.0,117.0,0.9915200000000001,3.16,0.51,11.6,6,white
6.8,0.25,0.28,5.0,0.035,42.0,126.0,0.9904799999999999,3.12,0.38,12.6,7,white
6.6,0.17,0.28,1.8,0.042,62.0,178.0,0.9920399999999999,3.15,0.42,10.2,5,white
5.8,0.17,0.36,1.3,0.036000000000000004,11.0,70.0,0.9920200000000001,3.43,0.68,10.4,7,white
6.4,0.24,0.29,1.0,0.038,18.0,122.0,0.9906,3.3,0.42,11.5,5,white
6.7,0.21,0.34,1.4,0.049,36.0,112.0,0.9909100000000001,3.02,0.5,11.0,6,white
6.7,0.23,0.33,8.1,0.048,45.0,176.0,0.99472,3.11,0.52,10.1,6,white
6.8,0.23,0.32,8.6,0.046,47.0,159.0,0.9945200000000001,3.08,0.52,10.5,6,white
6.5,0.22,0.28,3.7,0.059000000000000004,29.0,151.0,0.99177,3.23,0.41,12.1,7,white
5.1,0.165,0.22,5.7,0.047,42.0,146.0,0.9934,3.18,0.55,9.9,6,white
6.6,0.425,0.25,2.35,0.034,23.0,87.0,0.99082,3.05,0.41,11.4,6,white
6.9,0.38,0.29,13.65,0.048,52.0,189.0,0.99784,3.0,0.6,9.5,6,white
6.9,0.38,0.29,13.65,0.048,52.0,189.0,0.99784,3.0,0.6,9.5,6,white
6.9,0.38,0.29,13.65,0.048,52.0,189.0,0.99784,3.0,0.6,9.5,6,white
7.2,0.27,0.28,15.2,0.046,6.0,41.0,0.99665,3.17,0.39,10.9,6,white
7.6,0.17,0.27,4.6,0.05,23.0,98.0,0.9942200000000001,3.08,0.47,9.5,6,white
6.2,0.3,0.31,1.2,0.048,19.0,125.0,0.9899899999999999,3.32,0.54,12.6,6,white
7.6,0.17,0.27,4.6,0.05,23.0,98.0,0.9942200000000001,3.08,0.47,9.5,6,white
6.5,0.26,0.32,6.65,0.059000000000000004,34.0,104.0,0.99254,3.18,0.42,11.1,5,white
6.9,0.36,0.28,13.55,0.048,51.0,189.0,0.99782,3.0,0.6,9.5,7,white
6.9,0.38,0.29,13.65,0.048,52.0,189.0,0.99784,3.0,0.6,9.5,6,white
6.8,0.18,0.24,9.8,0.057999999999999996,64.0,188.0,0.9952,3.13,0.51,10.6,6,white
6.7,0.18,0.24,10.3,0.057,64.0,185.0,0.99519,3.12,0.5,10.6,6,white
6.6,0.16,0.21,6.7,0.055,43.0,157.0,0.99384,3.15,0.52,10.8,6,white
7.2,0.27,0.28,15.2,0.046,6.0,41.0,0.99665,3.17,0.39,10.9,6,white
6.4,0.17,0.27,9.9,0.047,26.0,101.0,0.9959600000000001,3.34,0.5,9.9,6,white
7.2,0.22,0.28,7.2,0.06,41.0,132.0,0.9935,3.08,0.59,11.3,6,white
6.0,0.22,0.28,1.1,0.034,47.0,90.0,0.98862,3.22,0.38,12.6,6,white
6.7,0.36,0.28,8.3,0.034,29.0,81.0,0.99151,2.96,0.39,12.5,6,white
6.5,0.43,0.28,11.25,0.032,31.0,87.0,0.9922,3.02,0.38,12.4,6,white
5.9,0.2,0.28,12.8,0.038,29.0,132.0,0.99426,3.31,0.57,11.8,7,white
5.3,0.32,0.23,9.65,0.026000000000000002,26.0,119.0,0.9916799999999999,3.18,0.53,12.2,6,white
6.8,0.2,0.28,12.6,0.048,54.0,136.0,0.99556,3.19,0.37,10.7,6,white
6.0,0.22,0.33,12.2,0.033,25.0,97.0,0.99356,3.17,0.42,11.3,7,white
6.7,0.36,0.28,8.3,0.034,29.0,81.0,0.99151,2.96,0.39,12.5,6,white
6.5,0.43,0.28,11.25,0.032,31.0,87.0,0.9922,3.02,0.38,12.4,6,white
7.1,0.18,0.49,1.3,0.033,12.0,72.0,0.99072,3.05,0.53,11.3,7,white
6.4,0.17,0.27,9.9,0.047,26.0,101.0,0.9959600000000001,3.34,0.5,9.9,6,white
7.2,0.22,0.28,7.2,0.06,41.0,132.0,0.9935,3.08,0.59,11.3,6,white
6.0,0.22,0.28,1.1,0.034,47.0,90.0,0.98862,3.22,0.38,12.6,6,white
6.0,0.2,0.26,1.1,0.033,38.0,67.0,0.98954,3.14,0.38,11.5,6,white
7.6,0.2,0.26,4.8,0.033,26.0,76.0,0.9907600000000001,2.98,0.49,12.3,7,white
6.2,0.3,0.21,1.1,0.032,31.0,111.0,0.9889,2.97,0.42,12.2,6,white
6.0,0.29,0.25,1.4,0.033,30.0,114.0,0.9879399999999999,3.08,0.43,13.2,6,white
6.6,0.18,0.28,1.7,0.040999999999999995,53.0,161.0,0.9920700000000001,3.13,0.45,10.2,6,white
7.0,0.22,0.28,10.6,0.039,32.0,117.0,0.99355,3.05,0.55,11.5,7,white
6.0,0.29,0.25,1.4,0.033,30.0,114.0,0.9879399999999999,3.08,0.43,13.2,6,white
6.2,0.3,0.21,1.1,0.032,31.0,111.0,0.9889,2.97,0.42,12.2,6,white
5.6,0.15,0.26,5.55,0.051,51.0,139.0,0.99336,3.47,0.5,11.0,6,white
6.9,0.28,0.24,2.1,0.034,49.0,121.0,0.98882,2.98,0.43,13.2,7,white
5.9,0.19,0.21,1.7,0.045,57.0,135.0,0.99341,3.32,0.44,9.5,5,white
7.8,0.22,0.26,9.0,0.047,38.0,132.0,0.997,3.25,0.53,10.2,6,white
6.6,0.18,0.28,1.7,0.040999999999999995,53.0,161.0,0.9920700000000001,3.13,0.45,10.2,6,white
7.0,0.4,0.25,1.8,0.05,51.0,189.0,0.99174,3.0,0.55,11.4,6,white
6.1,0.28,0.27,4.7,0.03,56.0,140.0,0.9904200000000001,3.16,0.42,12.5,8,white
7.6,0.36,0.49,11.3,0.046,87.0,221.0,0.9984,3.01,0.43,9.2,5,white
6.5,0.28,0.34,3.6,0.04,29.0,121.0,0.99111,3.28,0.48,12.1,7,white
6.9,0.19,0.35,6.9,0.045,51.0,125.0,0.9933,3.1,0.44,10.7,7,white
6.5,0.28,0.34,3.6,0.04,29.0,121.0,0.99111,3.28,0.48,12.1,7,white
6.4,0.22,0.32,4.9,0.046,50.0,156.0,0.99316,3.38,0.55,11.2,6,white
6.8,0.23,0.3,6.95,0.044000000000000004,42.0,179.0,0.9946,3.25,0.56,10.6,6,white
6.4,0.32,0.31,1.9,0.037000000000000005,34.0,126.0,0.99,3.06,0.45,11.8,6,white
6.1,0.28,0.27,4.7,0.03,56.0,140.0,0.9904200000000001,3.16,0.42,12.5,8,white
7.6,0.36,0.49,11.3,0.046,87.0,221.0,0.9984,3.01,0.43,9.2,5,white
8.8,0.39,0.35,1.8,0.096,22.0,80.0,0.99016,2.95,0.54,12.6,6,white
6.6,0.24,0.3,11.3,0.026000000000000002,11.0,77.0,0.9938100000000001,3.13,0.55,12.8,7,white
6.9,0.29,0.3,8.2,0.026000000000000002,35.0,112.0,0.99144,3.0,0.37,12.3,6,white
6.9,0.28,0.3,8.3,0.026000000000000002,37.0,113.0,0.99139,2.99,0.38,12.3,8,white
6.7,0.38,0.26,9.55,0.036000000000000004,35.0,91.0,0.9919,2.98,0.37,12.4,6,white
8.0,0.28,0.3,8.4,0.03,35.0,115.0,0.99192,2.93,0.42,12.3,6,white
6.5,0.25,0.45,7.8,0.048,52.0,188.0,0.9957600000000001,3.2,0.53,9.1,5,white
6.6,0.26,0.46,7.8,0.047,48.0,186.0,0.9958,3.2,0.54,9.1,5,white
7.4,0.29,0.28,10.2,0.032,43.0,138.0,0.9951,3.1,0.47,10.6,6,white
6.3,0.19,0.29,5.5,0.042,44.0,189.0,0.9930399999999999,3.19,0.47,10.3,6,white
6.1,0.33,0.32,7.8,0.052000000000000005,52.0,183.0,0.9965700000000001,3.39,0.65,9.5,5,white
5.6,0.32,0.33,7.4,0.037000000000000005,25.0,95.0,0.9926799999999999,3.25,0.49,11.1,6,white
7.7,0.46,0.18,3.3,0.054000000000000006,18.0,143.0,0.99392,3.12,0.51,10.8,6,white
8.8,0.19,0.3,5.0,0.027999999999999997,34.0,120.0,0.9924200000000001,2.94,0.47,11.2,5,white
7.7,0.46,0.18,3.3,0.054000000000000006,18.0,143.0,0.99392,3.12,0.51,10.8,6,white
8.8,0.27,0.25,5.0,0.024,52.0,99.0,0.9925,2.87,0.49,11.4,5,white
5.8,0.18,0.28,1.3,0.034,9.0,94.0,0.99092,3.21,0.52,11.2,6,white
5.8,0.15,0.32,1.2,0.037000000000000005,14.0,119.0,0.9913700000000001,3.19,0.5,10.2,6,white
5.6,0.32,0.33,7.4,0.037000000000000005,25.0,95.0,0.9926799999999999,3.25,0.49,11.1,6,white
6.1,0.33,0.32,7.8,0.052000000000000005,52.0,183.0,0.9965700000000001,3.39,0.65,9.5,5,white
7.1,0.32,0.3,9.9,0.040999999999999995,63.0,192.0,0.9964200000000001,3.12,0.49,10.2,6,white
6.2,0.23,0.35,0.7,0.051,24.0,111.0,0.9916,3.37,0.43,11.0,3,white
8.9,0.3,0.35,4.6,0.032,32.0,148.0,0.9945799999999999,3.15,0.45,11.5,7,white
6.0,0.14,0.17,5.6,0.036000000000000004,37.0,127.0,0.9937299999999999,3.05,0.57,9.8,6,white
6.8,0.24,0.29,9.5,0.042,56.0,157.0,0.9958600000000001,3.11,0.51,10.1,6,white
6.7,0.21,0.48,14.8,0.05,31.0,195.0,0.9994200000000001,2.95,0.75,8.8,6,white
8.9,0.3,0.35,4.6,0.032,32.0,148.0,0.9945799999999999,3.15,0.45,11.5,7,white
6.1,0.3,0.3,2.1,0.031,50.0,163.0,0.9895,3.39,0.43,12.7,7,white
7.2,0.37,0.4,11.6,0.032,34.0,214.0,0.9963,3.1,0.51,9.8,6,white
6.7,0.64,0.3,1.2,0.03,18.0,76.0,0.9892,3.16,0.6,12.9,4,white
7.2,0.37,0.4,11.6,0.032,34.0,214.0,0.9963,3.1,0.51,9.8,6,white
6.1,0.3,0.3,2.1,0.031,50.0,163.0,0.9895,3.39,0.43,12.7,7,white
7.6,0.28,0.49,20.15,0.06,30.0,145.0,1.00196,3.01,0.44,8.5,5,white
6.3,0.29,0.28,4.7,0.059000000000000004,28.0,81.0,0.99036,3.24,0.56,12.7,8,white
6.2,0.28,0.28,4.3,0.026000000000000002,22.0,105.0,0.9890000000000001,2.98,0.64,13.1,8,white
7.1,0.18,0.39,14.5,0.051,48.0,156.0,0.9994700000000001,3.35,0.78,9.1,5,white
6.4,0.32,0.27,4.9,0.034,18.0,122.0,0.9916,3.36,0.71,12.5,6,white
7.1,0.17,0.4,14.55,0.047,47.0,156.0,0.99945,3.34,0.78,9.1,6,white
7.1,0.17,0.4,14.55,0.047,47.0,156.0,0.99945,3.34,0.78,9.1,6,white
5.8,0.24,0.26,10.05,0.039,63.0,162.0,0.99375,3.33,0.5,11.2,6,white
6.4,0.32,0.27,4.9,0.034,18.0,122.0,0.9916,3.36,0.71,12.5,6,white
7.1,0.18,0.39,14.5,0.051,48.0,156.0,0.9994700000000001,3.35,0.78,9.1,5,white
7.1,0.17,0.4,14.55,0.047,47.0,156.0,0.99945,3.34,0.78,9.1,6,white
7.1,0.18,0.39,15.25,0.047,45.0,158.0,0.99946,3.34,0.77,9.1,6,white
7.8,0.29,0.29,3.15,0.044000000000000004,41.0,117.0,0.9915299999999999,3.24,0.35,11.5,5,white
6.2,0.255,0.27,1.3,0.037000000000000005,30.0,86.0,0.98834,3.05,0.59,12.9,7,white
8.2,0.34,0.29,5.2,0.076,19.0,92.0,0.9913799999999999,2.95,0.39,12.5,6,white
6.5,0.24,0.28,1.1,0.034,26.0,83.0,0.9892799999999999,3.25,0.33,12.3,6,white
6.9,0.24,0.23,7.1,0.040999999999999995,20.0,97.0,0.99246,3.1,0.85,11.4,6,white
6.7,0.4,0.22,8.8,0.052000000000000005,24.0,113.0,0.9957600000000001,3.22,0.45,9.4,5,white
6.7,0.3,0.44,18.5,0.057,65.0,224.0,0.99956,3.11,0.53,9.1,5,white
6.7,0.4,0.22,8.8,0.052000000000000005,24.0,113.0,0.9957600000000001,3.22,0.45,9.4,5,white
6.8,0.17,0.32,1.4,0.04,35.0,106.0,0.99026,3.16,0.66,12.0,5,white
7.1,0.25,0.28,1.2,0.04,31.0,111.0,0.99174,3.18,0.53,11.1,5,white
5.9,0.27,0.27,5.0,0.035,14.0,97.0,0.9905799999999999,3.1,0.33,11.8,7,white
6.0,0.16,0.22,1.6,0.042,36.0,106.0,0.9905,3.24,0.32,11.4,6,white
6.7,0.3,0.44,18.75,0.057,65.0,224.0,0.99956,3.11,0.53,9.1,5,white
6.6,0.15,0.32,6.0,0.033,59.0,128.0,0.99192,3.19,0.71,12.1,8,white
7.3,0.34,0.3,9.4,0.057,34.0,178.0,0.99554,3.15,0.44,10.4,6,white
6.0,0.17,0.29,9.7,0.044000000000000004,33.0,98.0,0.99536,3.12,0.36,9.2,6,white
6.7,0.47,0.29,4.75,0.034,29.0,134.0,0.99056,3.29,0.46,13.0,7,white
6.6,0.15,0.32,6.0,0.033,59.0,128.0,0.99192,3.19,0.71,12.1,8,white
6.6,0.21,0.29,5.35,0.028999999999999998,43.0,106.0,0.9911200000000001,2.93,0.43,11.5,7,white
6.6,0.21,0.29,5.35,0.028999999999999998,43.0,106.0,0.9911200000000001,2.93,0.43,11.5,7,white
8.0,0.24,0.48,6.8,0.047,13.0,134.0,0.99616,3.23,0.7,10.0,5,white
5.6,0.34,0.3,6.9,0.038,23.0,89.0,0.99266,3.25,0.49,11.1,6,white
5.8,0.54,0.0,1.4,0.033,40.0,107.0,0.98918,3.26,0.35,12.4,5,white
7.3,0.23,0.24,0.9,0.031,29.0,86.0,0.98926,2.9,0.38,12.2,6,white
6.0,0.39,0.13,1.2,0.042,60.0,172.0,0.9911399999999999,3.06,0.52,10.6,5,white
6.1,0.105,0.31,1.3,0.037000000000000005,55.0,145.0,0.9912,3.41,0.41,11.1,7,white
5.8,0.32,0.2,2.6,0.027000000000000003,17.0,123.0,0.98936,3.36,0.78,13.9,7,white
7.6,0.22,0.28,12.0,0.055999999999999994,68.0,143.0,0.9983,2.99,0.3,9.2,6,white
6.8,0.19,0.4,9.85,0.055,41.0,103.0,0.9953200000000001,2.98,0.56,10.5,6,white
6.7,0.24,0.3,3.85,0.042,105.0,179.0,0.9918899999999999,3.04,0.59,11.3,8,white
6.8,0.17,0.34,2.0,0.04,38.0,111.0,0.99,3.24,0.45,12.9,6,white
6.2,0.3,0.31,1.6,0.035,40.0,106.0,0.9891399999999999,3.26,0.39,12.9,7,white
6.9,0.29,0.41,7.8,0.046,52.0,171.0,0.9953700000000001,3.12,0.51,9.6,5,white
6.8,0.19,0.34,1.9,0.04,41.0,108.0,0.99,3.25,0.45,12.9,6,white
6.8,0.17,0.34,2.0,0.04,38.0,111.0,0.99,3.24,0.45,12.9,6,white
6.6,0.24,0.27,10.3,0.047,54.0,219.0,0.9974200000000001,3.04,0.45,8.8,5,white
6.6,0.16,0.36,1.1,0.031,27.0,93.0,0.9888399999999999,3.23,0.34,13.2,8,white
7.6,0.22,0.28,12.0,0.055999999999999994,68.0,143.0,0.9983,2.99,0.3,9.2,6,white
6.7,0.24,0.3,3.85,0.042,105.0,179.0,0.9918899999999999,3.04,0.59,11.3,8,white
6.8,0.19,0.4,9.85,0.055,41.0,103.0,0.9953200000000001,2.98,0.56,10.5,6,white
6.7,0.16,0.36,2.0,0.045,24.0,131.0,0.99284,3.3,0.59,10.5,6,white
6.5,0.3,0.27,4.0,0.038,37.0,97.0,0.99026,3.2,0.6,12.6,8,white
6.5,0.22,0.19,1.1,0.064,36.0,191.0,0.99297,3.05,0.5,9.5,6,white
6.2,0.36,0.45,10.4,0.06,22.0,184.0,0.99711,3.31,0.56,9.8,6,white
6.2,0.37,0.24,6.1,0.032,19.0,86.0,0.98934,3.04,0.26,13.4,8,white
7.6,0.31,0.24,1.8,0.037000000000000005,39.0,150.0,0.9913,3.05,0.44,11.8,7,white
6.2,0.36,0.45,10.4,0.06,22.0,184.0,0.99711,3.31,0.56,9.8,6,white
5.9,0.32,0.28,4.7,0.039,34.0,94.0,0.98964,3.22,0.57,13.1,7,white
6.5,0.3,0.27,4.0,0.038,37.0,97.0,0.99026,3.2,0.6,12.6,8,white
5.8,0.22,0.3,1.1,0.047,36.0,131.0,0.992,3.26,0.45,10.4,5,white
5.4,0.45,0.27,6.4,0.033,20.0,102.0,0.98944,3.22,0.27,13.4,8,white
6.1,0.36,0.26,8.15,0.035,14.0,88.0,0.99031,3.06,0.27,13.0,7,white
6.2,0.37,0.24,6.1,0.032,19.0,86.0,0.98934,3.04,0.26,13.4,8,white
7.5,0.21,0.32,4.8,0.055999999999999994,39.0,113.0,0.99393,3.11,0.52,10.2,7,white
6.9,0.28,0.33,1.2,0.039,16.0,98.0,0.9904,3.07,0.39,11.7,6,white
6.5,0.22,0.19,1.1,0.064,36.0,191.0,0.99297,3.05,0.5,9.5,6,white
7.8,0.2,0.2,1.4,0.036000000000000004,25.0,83.0,0.9908799999999999,3.03,0.46,11.7,6,white
6.7,0.28,0.31,7.4,0.040999999999999995,7.0,81.0,0.99254,3.04,0.47,11.4,8,white
7.6,0.31,0.24,1.8,0.037000000000000005,39.0,150.0,0.9913,3.05,0.44,11.8,7,white
8.0,0.2,0.44,1.0,0.057,24.0,111.0,0.9915799999999999,3.09,0.32,11.2,6,white
6.0,0.28,0.27,15.5,0.036000000000000004,31.0,134.0,0.99408,3.19,0.44,13.0,7,white
6.0,0.28,0.27,15.5,0.036000000000000004,31.0,134.0,0.99408,3.19,0.44,13.0,7,white
6.7,0.24,0.36,8.4,0.042,42.0,123.0,0.9947299999999999,3.34,0.52,10.9,6,white
6.3,0.22,0.28,2.4,0.042,38.0,102.0,0.98998,3.14,0.37,11.6,7,white
6.0,0.24,0.28,3.95,0.038,61.0,134.0,0.99146,3.3,0.54,11.3,7,white
7.7,0.43,1.0,19.95,0.032,42.0,164.0,0.9974200000000001,3.29,0.5,12.0,6,white
6.4,0.3,0.36,2.0,0.052000000000000005,18.0,141.0,0.9927299999999999,3.38,0.53,10.5,6,white
6.1,0.33,0.3,3.0,0.036000000000000004,30.0,124.0,0.9892200000000001,3.31,0.4,13.1,7,white
6.0,0.28,0.27,15.5,0.036000000000000004,31.0,134.0,0.99408,3.19,0.44,13.0,7,white
6.7,0.24,0.36,8.4,0.042,42.0,123.0,0.9947299999999999,3.34,0.52,10.9,6,white
6.7,0.29,0.45,14.3,0.054000000000000006,30.0,181.0,0.99869,3.14,0.57,9.1,5,white
6.9,0.33,0.31,4.2,0.04,21.0,93.0,0.9896,3.18,0.48,13.4,7,white
6.5,0.16,0.34,1.4,0.028999999999999998,29.0,133.0,0.99108,3.33,0.64,11.5,7,white
6.0,0.2,0.32,3.0,0.031,26.0,118.0,0.99134,3.38,0.68,11.2,7,white
7.5,0.33,0.28,4.9,0.042,21.0,155.0,0.99385,3.36,0.57,10.9,6,white
7.1,0.36,0.28,2.4,0.036000000000000004,35.0,115.0,0.98936,3.19,0.44,13.5,7,white
6.7,0.29,0.45,14.3,0.054000000000000006,30.0,181.0,0.99869,3.14,0.57,9.1,5,white
6.4,0.26,0.25,10.7,0.046,66.0,179.0,0.9960600000000001,3.17,0.55,9.9,6,white
7.0,0.22,0.24,11.0,0.040999999999999995,75.0,167.0,0.99508,2.98,0.56,10.5,6,white
6.5,0.19,0.28,1.4,0.046,22.0,90.0,0.9903799999999999,3.18,0.51,11.7,7,white
6.3,0.21,0.31,1.2,0.043,30.0,117.0,0.9915799999999999,3.49,0.68,11.0,6,white
7.9,0.35,0.28,12.9,0.032,13.0,63.0,0.9932,2.99,0.43,13.0,6,white
7.7,0.38,0.23,10.8,0.03,28.0,95.0,0.99164,2.93,0.41,13.6,6,white
6.8,0.19,0.33,1.3,0.031,22.0,87.0,0.98987,3.08,0.62,12.3,7,white
7.2,0.33,0.34,2.0,0.044000000000000004,61.0,171.0,0.9894700000000001,3.25,0.53,13.3,7,white
6.6,0.29,0.29,1.8,0.036000000000000004,38.0,102.0,0.98819,3.08,0.42,13.7,7,white
7.5,0.2,0.41,1.2,0.05,26.0,131.0,0.9913299999999999,3.19,0.52,11.1,5,white
6.9,0.33,0.62,7.5,0.038,46.0,132.0,0.9914299999999999,3.23,0.43,13.4,7,white
6.0,0.23,0.15,9.7,0.048,101.0,207.0,0.99571,3.05,0.3,9.1,5,white
5.9,0.23,0.24,3.8,0.038,61.0,152.0,0.99139,3.31,0.5,11.3,7,white
6.6,0.32,0.41,7.2,0.048,55.0,178.0,0.9953700000000001,3.2,0.46,9.4,5,white
6.0,0.23,0.15,9.7,0.048,101.0,207.0,0.99571,3.05,0.3,9.1,5,white
5.3,0.36,0.27,6.3,0.027999999999999997,40.0,132.0,0.9918600000000001,3.37,0.4,11.6,6,white
5.3,0.36,0.27,6.3,0.027999999999999997,40.0,132.0,0.9918600000000001,3.37,0.4,11.6,6,white
8.9,0.27,0.28,0.8,0.024,29.0,128.0,0.9898399999999999,3.01,0.35,12.4,6,white
7.6,0.23,0.29,8.6,0.053,65.0,146.0,0.9963,3.11,0.32,9.8,6,white
6.9,0.75,0.13,6.3,0.036000000000000004,19.0,50.0,0.9931200000000001,3.09,0.25,11.1,4,white
7.1,0.35,0.27,3.1,0.034,28.0,134.0,0.9897,3.26,0.38,13.1,7,white
7.2,0.31,0.35,7.2,0.046,45.0,178.0,0.9955,3.14,0.53,9.7,5,white
6.4,0.28,0.44,7.1,0.048,49.0,179.0,0.9952799999999999,3.15,0.48,9.2,5,white
7.2,0.23,0.46,6.4,0.036000000000000004,17.0,85.0,0.99279,3.1,0.78,11.7,6,white
6.6,0.22,0.3,14.7,0.045,50.0,136.0,0.9970399999999999,3.14,0.37,10.6,6,white
7.2,0.31,0.35,7.2,0.046,45.0,178.0,0.9955,3.14,0.53,9.7,5,white
6.4,0.28,0.44,7.1,0.048,49.0,179.0,0.9952799999999999,3.15,0.48,9.2,5,white
7.2,0.24,0.28,1.9,0.032,30.0,92.0,0.9914,3.1,0.39,10.9,6,white
6.2,0.27,0.47,1.2,0.146,28.0,105.0,0.99224,3.23,0.51,10.1,5,white
6.5,0.28,0.25,4.8,0.028999999999999998,54.0,128.0,0.99074,3.17,0.44,12.2,7,white
7.2,0.27,0.31,1.2,0.031,27.0,80.0,0.98892,3.03,0.33,12.7,6,white
7.8,0.28,0.25,3.4,0.024,27.0,99.0,0.98959,2.98,0.37,13.0,6,white
8.1,0.26,0.27,4.3,0.03,43.0,123.0,0.9921200000000001,3.16,0.33,11.2,6,white
6.6,0.23,0.37,8.5,0.036000000000000004,46.0,153.0,0.9957600000000001,3.2,0.48,9.4,6,white
6.0,0.33,0.2,1.8,0.031,49.0,159.0,0.9919,3.41,0.53,11.0,6,white
6.0,0.33,0.2,1.8,0.031,49.0,159.0,0.9919,3.41,0.53,11.0,6,white
7.3,0.2,0.29,19.5,0.039,69.0,237.0,1.00037,3.1,0.48,9.2,6,white
6.6,0.23,0.37,8.5,0.036000000000000004,46.0,153.0,0.9957600000000001,3.2,0.48,9.4,6,white
7.3,0.2,0.29,19.9,0.039,69.0,237.0,1.00037,3.1,0.48,9.2,6,white
6.2,0.47,0.19,8.3,0.028999999999999998,24.0,142.0,0.992,3.22,0.45,12.3,6,white
6.0,0.33,0.2,1.8,0.031,49.0,159.0,0.9919,3.41,0.53,11.0,6,white
7.2,0.14,0.32,1.1,0.022000000000000002,48.0,116.0,0.99218,3.04,0.67,10.0,6,white
5.7,0.22,0.22,16.65,0.044000000000000004,39.0,110.0,0.99855,3.24,0.48,9.0,6,white
5.7,0.22,0.22,16.65,0.044000000000000004,39.0,110.0,0.99855,3.24,0.48,9.0,6,white
5.7,0.22,0.22,16.65,0.044000000000000004,39.0,110.0,0.99855,3.24,0.48,9.0,6,white
8.1,0.2,0.28,0.9,0.023,49.0,87.0,0.9906200000000001,2.92,0.36,11.1,6,white
5.8,0.14,0.15,6.1,0.042,27.0,123.0,0.9936200000000001,3.06,0.6,9.9,6,white
4.8,0.21,0.21,10.2,0.037000000000000005,17.0,112.0,0.99324,3.66,0.48,12.2,7,white
8.1,0.2,0.28,0.9,0.023,49.0,87.0,0.9906200000000001,2.92,0.36,11.1,6,white
5.7,0.22,0.22,16.65,0.044000000000000004,39.0,110.0,0.99855,3.24,0.48,9.0,6,white
7.5,0.34,0.24,3.85,0.031,5.0,34.0,0.99098,3.01,0.36,11.8,4,white
6.6,0.64,0.28,4.4,0.032,19.0,78.0,0.99036,3.11,0.62,12.9,6,white
7.0,0.48,0.12,4.5,0.05,23.0,86.0,0.99398,2.86,0.35,9.0,5,white
7.6,0.37,0.34,3.2,0.027999999999999997,42.0,162.0,0.9903,3.01,0.33,12.4,6,white
7.0,0.48,0.12,4.5,0.05,23.0,86.0,0.99398,2.86,0.35,9.0,5,white
6.6,0.64,0.28,4.4,0.032,19.0,78.0,0.99036,3.11,0.62,12.9,6,white
8.0,0.25,0.27,9.7,0.036000000000000004,15.0,85.0,0.99406,2.99,0.36,11.2,6,white
7.6,0.38,0.28,4.2,0.028999999999999998,7.0,112.0,0.9906,3.0,0.41,12.6,6,white
6.9,0.26,0.27,4.2,0.031,20.0,80.0,0.9908899999999999,3.12,0.39,11.5,6,white
7.8,0.15,0.34,1.1,0.035,31.0,93.0,0.9909600000000001,3.07,0.72,11.3,7,white
8.0,0.25,0.27,9.7,0.036000000000000004,15.0,85.0,0.99406,2.99,0.36,11.2,6,white
6.9,0.26,0.27,4.2,0.031,20.0,80.0,0.9908899999999999,3.12,0.39,11.5,6,white
5.9,0.655,0.0,5.6,0.033,8.0,31.0,0.9936,3.32,0.51,10.5,4,white
7.6,0.38,0.28,4.2,0.028999999999999998,7.0,112.0,0.9906,3.0,0.41,12.6,6,white
7.8,0.31,0.4,1.6,0.027000000000000003,20.0,87.0,0.9911,3.15,0.48,11.9,6,white
8.1,0.17,0.21,1.6,0.036000000000000004,24.0,119.0,0.9939600000000001,3.18,0.52,10.1,6,white
6.8,0.18,0.28,1.1,0.027000000000000003,32.0,112.0,0.9908899999999999,3.15,0.45,11.0,7,white
7.4,0.28,0.36,14.6,0.048,35.0,161.0,0.9968,3.14,0.56,10.6,5,white
7.3,0.23,0.27,2.6,0.035,39.0,120.0,0.9913799999999999,3.04,0.59,11.3,7,white
6.7,0.22,0.22,1.2,0.038,5.0,124.0,0.99098,3.1,0.37,11.2,4,white
7.4,0.25,0.28,7.25,0.027999999999999997,14.0,78.0,0.9923799999999999,2.94,0.37,11.5,7,white
7.5,0.3,0.21,6.55,0.026000000000000002,33.0,143.0,0.99244,2.92,0.35,11.1,5,white
7.2,0.26,0.24,7.0,0.023,19.0,130.0,0.9917600000000001,3.14,0.49,12.8,7,white
6.3,0.32,0.32,1.5,0.037000000000000005,12.0,76.0,0.98993,3.3,0.46,12.3,6,white
7.7,0.24,0.3,1.4,0.040999999999999995,15.0,102.0,0.9929,3.26,0.53,10.4,6,white
7.4,0.25,0.28,7.25,0.027999999999999997,14.0,78.0,0.9923799999999999,2.94,0.37,11.5,7,white
7.0,0.24,0.35,1.0,0.032,42.0,104.0,0.98988,3.16,0.37,11.7,7,white
5.8,0.28,0.28,4.2,0.044000000000000004,52.0,158.0,0.992,3.35,0.44,10.7,7,white
6.8,0.19,0.71,17.5,0.042,21.0,114.0,0.99784,2.85,0.5,9.5,6,white
6.8,0.19,0.71,17.5,0.042,21.0,114.0,0.99784,2.85,0.5,9.5,6,white
6.8,0.19,0.71,17.5,0.042,21.0,114.0,0.99784,2.85,0.5,9.5,6,white
6.6,0.19,0.35,1.5,0.037000000000000005,37.0,107.0,0.99006,3.18,0.68,12.0,7,white
6.4,0.28,0.36,1.3,0.053,28.0,186.0,0.99211,3.31,0.45,10.8,5,white
5.6,0.28,0.27,3.9,0.043,52.0,158.0,0.9920200000000001,3.35,0.44,10.7,7,white
5.6,0.28,0.28,4.2,0.044000000000000004,52.0,158.0,0.992,3.35,0.44,10.7,7,white
6.8,0.19,0.32,7.6,0.049,37.0,107.0,0.9933200000000001,3.12,0.44,10.7,7,white
7.2,0.16,0.29,1.0,0.031,40.0,123.0,0.9895799999999999,3.12,0.4,12.1,7,white
6.6,0.17,0.28,1.1,0.034,55.0,108.0,0.98939,3.0,0.52,11.9,7,white
6.6,0.19,0.28,11.8,0.042,54.0,137.0,0.99492,3.18,0.37,10.8,6,white
5.8,0.2,0.24,1.4,0.033,65.0,169.0,0.9904299999999999,3.59,0.56,12.3,7,white
6.6,0.39,0.38,9.7,0.053,49.0,226.0,0.99787,3.3,0.57,9.4,6,white
6.8,0.12,0.3,12.9,0.049,32.0,88.0,0.99654,3.2,0.35,9.9,6,white
6.6,0.295,0.24,1.6,0.039,29.0,140.0,0.9930399999999999,3.35,0.61,10.4,7,white
6.6,0.26,0.24,7.2,0.038,28.0,137.0,0.9952,3.35,0.6,10.4,6,white
7.0,0.32,0.27,7.1,0.027000000000000003,37.0,122.0,0.99165,3.15,0.6,12.6,7,white
7.4,0.36,0.23,1.9,0.017,31.0,69.0,0.9892,2.93,0.36,12.5,6,white
6.7,0.35,0.48,8.8,0.055999999999999994,35.0,167.0,0.9962799999999999,3.04,0.47,9.4,5,white
6.4,0.38,0.24,7.2,0.047,41.0,151.0,0.9960399999999999,3.11,0.6,9.2,5,white
6.8,0.14,0.18,1.4,0.047,30.0,90.0,0.99164,3.27,0.54,11.2,6,white
7.0,0.16,0.25,14.3,0.044000000000000004,27.0,149.0,0.998,2.91,0.46,9.2,6,white
7.0,0.16,0.25,14.3,0.044000000000000004,27.0,149.0,0.998,2.91,0.46,9.2,6,white
6.7,0.35,0.48,8.8,0.055999999999999994,35.0,167.0,0.9962799999999999,3.04,0.47,9.4,5,white
6.8,0.14,0.18,1.4,0.047,30.0,90.0,0.99164,3.27,0.54,11.2,6,white
6.8,0.16,0.18,1.8,0.046,31.0,114.0,0.99226,3.27,0.55,10.8,6,white
7.0,0.16,0.25,14.3,0.044000000000000004,27.0,149.0,0.998,2.91,0.46,9.2,6,white
6.4,0.38,0.24,7.2,0.047,41.0,151.0,0.9960399999999999,3.11,0.6,9.2,5,white
7.2,0.24,0.3,1.2,0.037000000000000005,11.0,95.0,0.9891399999999999,2.96,0.36,12.5,6,white
7.7,0.32,0.61,11.8,0.040999999999999995,66.0,188.0,0.9979399999999999,3.0,0.54,9.3,5,white
7.0,0.29,0.33,0.9,0.040999999999999995,20.0,117.0,0.9904799999999999,3.21,0.5,11.4,5,white
7.1,0.27,0.24,12.6,0.044000000000000004,48.0,118.0,0.99726,3.04,0.56,10.0,7,white
6.8,0.45,0.28,26.05,0.031,27.0,122.0,1.00295,3.06,0.42,10.6,6,white
6.3,0.2,0.26,4.7,0.04,108.0,168.0,0.9927799999999999,3.07,0.75,10.7,7,white
7.1,0.27,0.24,12.6,0.044000000000000004,48.0,118.0,0.99726,3.04,0.56,10.0,7,white
7.2,0.24,0.3,1.2,0.037000000000000005,11.0,95.0,0.9891399999999999,2.96,0.36,12.5,6,white
6.8,0.45,0.28,26.05,0.031,27.0,122.0,1.00295,3.06,0.42,10.6,6,white
6.6,0.36,0.28,6.1,0.028999999999999998,12.0,93.0,0.99054,3.19,0.27,12.8,7,white
7.7,0.32,0.61,11.8,0.040999999999999995,66.0,188.0,0.9979399999999999,3.0,0.54,9.3,5,white
7.0,0.29,0.33,0.9,0.040999999999999995,20.0,117.0,0.9904799999999999,3.21,0.5,11.4,5,white
6.4,0.37,0.2,5.6,0.11699999999999999,61.0,183.0,0.99459,3.24,0.43,9.5,5,white
6.4,0.38,0.2,5.3,0.11699999999999999,57.0,181.0,0.99459,3.24,0.43,9.5,6,white
6.4,0.36,0.2,5.7,0.11800000000000001,61.0,172.0,0.9946,3.24,0.43,9.5,6,white
6.6,0.3,0.25,8.0,0.036000000000000004,21.0,124.0,0.9936200000000001,3.06,0.38,10.8,6,white
6.6,0.3,0.25,8.0,0.036000000000000004,21.0,124.0,0.9936200000000001,3.06,0.38,10.8,6,white
6.5,0.21,0.51,17.6,0.045,34.0,125.0,0.99966,3.2,0.47,8.8,6,white
6.6,0.3,0.25,8.0,0.036000000000000004,21.0,124.0,0.9936200000000001,3.06,0.38,10.8,6,white
7.6,0.31,0.27,8.8,0.021,57.0,156.0,0.9944200000000001,3.08,0.38,11.0,7,white
5.8,0.58,0.0,1.5,0.02,33.0,96.0,0.98918,3.29,0.38,12.4,6,white
6.5,0.26,0.39,1.4,0.02,12.0,66.0,0.9908899999999999,3.25,0.75,11.3,7,white
8.7,0.3,0.34,4.8,0.018000000000000002,23.0,127.0,0.99474,3.12,0.49,11.2,7,white
6.4,0.29,0.32,2.4,0.013999999999999999,34.0,89.0,0.99008,3.24,0.66,12.5,7,white
6.7,0.13,0.32,3.7,0.017,32.0,99.0,0.9934799999999999,3.12,0.44,10.0,6,white
6.8,0.19,0.33,4.9,0.047,42.0,130.0,0.9928299999999999,3.12,0.56,11.0,6,white
6.0,0.25,0.4,5.7,0.052000000000000005,56.0,152.0,0.99398,3.16,0.88,10.5,6,white
6.0,0.25,0.4,5.7,0.052000000000000005,56.0,152.0,0.99398,3.16,0.88,10.5,6,white
6.8,0.19,0.33,4.9,0.047,42.0,130.0,0.9928299999999999,3.12,0.56,11.0,6,white
6.4,0.24,0.23,2.0,0.046,30.0,133.0,0.9908,3.12,0.54,11.4,7,white
5.9,0.18,0.28,5.1,0.039,50.0,139.0,0.99165,3.16,0.44,11.3,6,white
7.2,0.33,0.22,4.5,0.031,10.0,73.0,0.9907600000000001,2.97,0.52,12.2,7,white
6.4,0.29,0.24,3.2,0.037000000000000005,31.0,95.0,0.9894200000000001,2.9,0.66,12.6,7,white
7.3,0.31,0.25,6.65,0.032,30.0,138.0,0.99244,2.9,0.37,11.1,5,white
7.0,0.29,0.37,1.6,0.035,34.0,126.0,0.9905799999999999,3.26,0.47,12.3,6,white
6.9,0.19,0.6,4.0,0.037000000000000005,6.0,122.0,0.99255,2.92,0.59,10.4,4,white
6.3,0.32,0.17,17.75,0.06,51.0,190.0,0.99916,3.13,0.48,8.8,6,white
6.6,0.085,0.33,1.4,0.036000000000000004,17.0,109.0,0.99306,3.27,0.61,9.5,6,white
6.3,0.32,0.17,17.75,0.06,51.0,190.0,0.99916,3.13,0.48,8.8,6,white
6.8,0.18,0.32,7.2,0.047,17.0,109.0,0.99498,3.42,0.44,10.4,6,white
6.8,0.52,0.26,5.7,0.038,27.0,130.0,0.99,3.11,0.27,13.0,7,white
7.1,0.28,0.28,8.5,0.03,25.0,191.0,0.9933799999999999,3.16,0.46,12.2,7,white
5.7,0.15,0.47,11.4,0.035,49.0,128.0,0.99456,3.03,0.34,10.5,8,white
5.8,0.275,0.3,5.4,0.043,41.0,149.0,0.9926,3.33,0.42,10.8,7,white
5.4,0.53,0.16,2.7,0.036000000000000004,34.0,128.0,0.98856,3.2,0.53,13.2,8,white
5.8,0.32,0.28,4.3,0.032,46.0,115.0,0.98946,3.16,0.57,13.0,8,white
6.7,0.22,0.39,1.2,0.049,26.0,152.0,0.99346,3.5,0.47,10.0,6,white
6.1,0.6,0.12,1.8,0.05,11.0,76.0,0.9926799999999999,3.42,0.48,10.4,4,white
6.5,0.26,0.31,1.3,0.034,59.0,145.0,0.98944,3.16,0.54,12.4,6,white
5.0,0.29,0.54,5.7,0.035,54.0,155.0,0.9897600000000001,3.27,0.34,12.9,8,white
5.4,0.53,0.16,2.7,0.036000000000000004,34.0,128.0,0.98856,3.2,0.53,13.2,8,white
6.8,0.21,0.26,11.7,0.038,61.0,152.0,0.99523,3.02,0.56,10.5,7,white
5.8,0.32,0.28,4.3,0.032,46.0,115.0,0.98946,3.16,0.57,13.0,8,white
6.5,0.27,0.26,11.0,0.03,2.0,82.0,0.9940200000000001,3.07,0.36,11.2,5,white
5.9,0.37,0.32,1.6,0.028999999999999998,41.0,102.0,0.98916,3.41,0.55,12.7,7,white
6.2,0.21,0.18,11.6,0.044000000000000004,61.0,155.0,0.99655,3.14,0.52,9.4,6,white
6.8,0.3,0.29,6.2,0.025,29.0,95.0,0.9907100000000001,3.03,0.32,12.9,7,white
7.3,0.41,0.29,1.8,0.032,26.0,74.0,0.9888899999999999,2.96,0.35,13.0,8,white
5.4,0.3,0.3,1.2,0.028999999999999998,25.0,93.0,0.9874200000000001,3.31,0.4,13.6,7,white
6.6,0.34,0.2,1.0,0.053,26.0,112.0,0.99336,3.32,0.55,9.1,5,white
5.6,0.25,0.19,2.4,0.049,42.0,166.0,0.992,3.25,0.43,10.4,6,white
5.3,0.3,0.3,1.2,0.028999999999999998,25.0,93.0,0.9874200000000001,3.31,0.4,13.6,7,white
6.9,0.58,0.58,8.2,0.032,29.0,169.0,0.99275,3.28,0.44,12.2,6,white
7.2,0.23,0.25,18.8,0.085,19.0,111.0,1.00044,3.1,0.51,8.7,5,white
7.1,0.2,0.27,9.6,0.037000000000000005,19.0,105.0,0.99444,3.04,0.37,10.5,7,white
6.8,0.15,0.41,12.9,0.044000000000000004,79.5,183.0,0.9974200000000001,3.24,0.78,10.2,6,white
7.0,0.22,0.26,9.2,0.027000000000000003,37.0,122.0,0.9922799999999999,3.06,0.34,12.5,8,white
6.4,0.16,0.44,1.2,0.051,39.0,122.0,0.9905799999999999,3.11,0.75,11.3,7,white
6.8,0.15,0.41,12.9,0.044000000000000004,79.5,183.0,0.9974200000000001,3.24,0.78,10.2,6,white
6.8,0.31,0.3,8.0,0.027999999999999997,33.0,122.0,0.99164,3.13,0.63,12.6,7,white
6.8,0.15,0.41,12.9,0.044000000000000004,79.5,183.0,0.9974200000000001,3.24,0.78,10.2,6,white
7.6,0.3,0.37,1.6,0.087,27.0,177.0,0.9943799999999999,3.09,0.5,9.8,5,white
6.0,0.16,0.27,12.0,0.03,39.0,98.0,0.9940200000000001,3.15,0.34,10.8,5,white
7.1,0.21,0.35,2.5,0.04,41.0,186.0,0.9912799999999999,3.32,0.56,12.5,6,white
7.0,0.22,0.26,9.2,0.027000000000000003,37.0,122.0,0.9922799999999999,3.06,0.34,12.5,8,white
5.6,0.21,0.24,4.4,0.027000000000000003,37.0,150.0,0.991,3.3,0.31,11.5,7,white
7.4,0.22,0.26,8.8,0.027000000000000003,23.0,112.0,0.9931,2.98,0.41,11.4,6,white
7.1,0.2,0.27,9.6,0.037000000000000005,19.0,105.0,0.99444,3.04,0.37,10.5,7,white
6.8,0.31,0.3,8.0,0.027999999999999997,33.0,122.0,0.99164,3.13,0.63,12.6,7,white
7.2,0.23,0.25,18.8,0.085,19.0,111.0,1.00044,3.1,0.51,8.7,5,white
6.4,0.15,0.4,1.3,0.053,61.0,146.0,0.9911200000000001,3.17,0.68,11.0,6,white
6.4,0.16,0.44,1.2,0.051,39.0,122.0,0.9905799999999999,3.11,0.75,11.3,7,white
6.8,0.15,0.41,12.9,0.044000000000000004,79.5,182.0,0.9974200000000001,3.24,0.78,10.2,6,white
6.3,0.22,0.34,1.2,0.036000000000000004,32.0,96.0,0.98961,3.06,0.74,11.6,6,white
7.6,0.3,0.37,1.6,0.087,27.0,177.0,0.9943799999999999,3.09,0.5,9.8,5,white
7.0,0.3,0.27,1.5,0.076,24.0,145.0,0.99344,3.1,0.52,10.1,5,white
6.6,0.26,0.22,18.15,0.05,23.0,139.0,0.9990399999999999,3.06,0.5,9.2,5,white
7.5,0.24,0.31,13.1,0.05,26.0,180.0,0.99884,3.05,0.53,9.1,6,white
7.5,0.24,0.31,13.1,0.05,26.0,180.0,0.99884,3.05,0.53,9.1,6,white
7.5,0.24,0.31,13.1,0.05,26.0,180.0,0.99884,3.05,0.53,9.1,6,white
7.5,0.24,0.31,13.1,0.05,26.0,180.0,0.99884,3.05,0.53,9.1,6,white
6.6,0.15,0.34,1.0,0.037000000000000005,45.0,79.0,0.98949,2.96,0.5,11.7,6,white
6.7,0.34,0.43,1.6,0.040999999999999995,29.0,114.0,0.9901399999999999,3.23,0.44,12.6,6,white
7.7,0.35,0.46,11.8,0.08800000000000001,61.0,183.0,0.9978600000000001,2.86,0.47,9.0,5,white
6.7,0.31,0.09,1.4,0.039,53.0,141.0,0.99206,3.12,0.44,10.1,5,white
4.7,0.67,0.09,1.0,0.02,5.0,9.0,0.9872200000000001,3.3,0.34,13.6,5,white
7.5,0.24,0.31,13.1,0.05,26.0,180.0,0.99884,3.05,0.53,9.1,6,white
6.3,0.2,0.18,10.6,0.045,57.0,159.0,0.99666,3.09,0.54,9.2,5,white
6.6,0.28,0.23,10.4,0.049,45.0,190.0,0.99754,3.12,0.51,8.8,5,white
8.5,0.18,0.3,1.1,0.027999999999999997,34.0,95.0,0.99272,2.83,0.36,10.0,4,white
6.5,0.35,0.38,7.4,0.036000000000000004,20.0,196.0,0.9971200000000001,3.47,0.48,9.1,6,white
6.8,0.22,0.26,1.2,0.040999999999999995,29.0,182.0,0.9910399999999999,3.04,0.35,11.2,5,white
6.3,0.18,0.24,3.4,0.053,20.0,119.0,0.9937299999999999,3.11,0.52,9.2,6,white
6.6,0.26,0.22,18.15,0.05,23.0,139.0,0.9990399999999999,3.06,0.5,9.2,5,white
6.6,0.3,0.45,8.0,0.038,54.0,200.0,0.9956,3.18,0.48,9.5,5,white
6.3,0.34,0.27,2.5,0.024,40.0,152.0,0.99095,3.35,0.6,11.9,7,white
7.7,0.3,0.23,2.0,0.068,28.0,138.0,0.99382,3.11,0.62,9.8,5,white
7.7,0.31,0.23,2.0,0.069,29.0,134.0,0.99382,3.11,0.62,9.8,5,white
5.7,0.265,0.28,6.9,0.036000000000000004,46.0,150.0,0.9929899999999999,3.36,0.44,10.8,7,white
5.4,0.255,0.33,1.2,0.051,29.0,122.0,0.9904799999999999,3.37,0.66,11.3,6,white
6.6,0.26,0.28,9.4,0.027999999999999997,13.0,121.0,0.99254,3.17,0.34,12.1,6,white
4.8,0.17,0.28,2.9,0.03,22.0,111.0,0.9902,3.38,0.34,11.3,7,white
5.7,0.265,0.28,6.9,0.036000000000000004,46.0,150.0,0.9929899999999999,3.36,0.44,10.8,7,white
6.2,0.2,0.33,5.4,0.027999999999999997,21.0,75.0,0.9901200000000001,3.36,0.41,13.5,7,white
7.5,0.28,0.41,1.3,0.044000000000000004,11.0,126.0,0.99293,3.28,0.45,10.3,5,white
6.2,0.22,0.2,20.8,0.035,58.0,184.0,1.00022,3.11,0.53,9.0,6,white
7.0,0.34,0.26,10.3,0.040999999999999995,51.0,166.0,0.99382,3.08,0.35,11.6,6,white
7.5,0.28,0.41,1.3,0.044000000000000004,11.0,126.0,0.99293,3.28,0.45,10.3,5,white
6.5,0.19,0.34,1.6,0.028999999999999998,39.0,116.0,0.98954,3.21,0.68,12.5,6,white
6.0,0.21,0.29,13.1,0.042,28.0,125.0,0.99936,3.39,0.45,8.6,5,white
6.1,0.22,0.46,1.8,0.16,34.0,74.0,0.9884,3.19,0.33,13.4,6,white
6.5,0.32,0.48,8.0,0.026000000000000002,18.0,88.0,0.99144,3.22,0.79,12.7,4,white
7.1,0.21,0.72,1.6,0.16699999999999998,65.0,120.0,0.99324,2.97,0.51,9.2,5,white
5.6,0.26,0.18,1.4,0.034,18.0,135.0,0.99174,3.32,0.35,10.2,6,white
7.0,0.15,0.28,14.7,0.051,29.0,149.0,0.99792,2.96,0.39,9.0,7,white
7.0,0.15,0.28,14.7,0.051,29.0,149.0,0.99792,2.96,0.39,9.0,7,white
7.0,0.15,0.28,14.7,0.051,29.0,149.0,0.99792,2.96,0.39,9.0,7,white
7.0,0.15,0.28,14.7,0.051,29.0,149.0,0.99792,2.96,0.39,9.0,7,white
7.0,0.15,0.28,14.7,0.051,29.0,149.0,0.99792,2.96,0.39,9.0,7,white
7.0,0.15,0.28,14.7,0.051,29.0,149.0,0.99792,2.96,0.39,9.0,7,white
7.0,0.15,0.28,14.7,0.051,29.0,149.0,0.99792,2.96,0.39,9.0,7,white
7.4,0.27,0.28,1.8,0.04,45.0,121.0,0.9904299999999999,3.02,0.4,11.9,5,white
6.8,0.22,0.3,10.6,0.07,67.0,194.0,0.99654,2.89,0.42,9.0,6,white
6.2,0.24,0.25,12.5,0.055,47.0,134.0,0.9975799999999999,3.3,0.51,9.0,5,white
6.3,0.28,0.29,6.8,0.051,40.0,143.0,0.99374,3.43,0.59,11.0,6,white
7.0,0.15,0.28,14.7,0.051,29.0,149.0,0.99792,2.96,0.39,9.0,7,white
5.5,0.17,0.23,2.9,0.039,10.0,108.0,0.9924299999999999,3.28,0.5,10.0,5,white
6.5,0.26,0.34,1.4,0.04,25.0,184.0,0.99216,3.29,0.46,10.7,5,white
6.6,0.27,0.33,1.4,0.042,24.0,183.0,0.99215,3.29,0.46,10.7,5,white
5.4,0.46,0.15,2.1,0.026000000000000002,29.0,130.0,0.9895299999999999,3.39,0.77,13.4,8,white
7.8,0.19,0.32,7.4,0.015,47.0,124.0,0.9927799999999999,2.99,0.39,11.0,6,white
5.5,0.17,0.23,2.9,0.039,10.0,108.0,0.9924299999999999,3.28,0.5,10.0,5,white
6.5,0.26,0.34,1.4,0.04,25.0,184.0,0.99216,3.29,0.46,10.7,5,white
6.6,0.27,0.33,1.4,0.042,24.0,183.0,0.99215,3.29,0.46,10.7,5,white
7.8,0.19,0.32,7.4,0.015,47.0,124.0,0.9927799999999999,2.99,0.39,11.0,6,white
7.8,0.2,0.32,5.0,0.016,31.0,101.0,0.9918600000000001,2.99,0.39,11.0,6,white
6.1,0.17,0.28,2.5,0.027999999999999997,22.0,98.0,0.99072,3.16,0.37,11.1,7,white
7.4,0.2,0.35,6.1,0.025,10.0,40.0,0.99244,2.79,0.52,10.9,5,white
6.7,0.39,0.24,2.7,0.017,22.0,80.0,0.9908399999999999,3.03,0.37,11.5,5,white
5.4,0.46,0.15,2.1,0.026000000000000002,29.0,130.0,0.9895299999999999,3.39,0.77,13.4,8,white
6.9,0.4,0.17,12.9,0.033,59.0,186.0,0.99754,3.08,0.49,9.4,5,white
6.9,0.4,0.17,12.9,0.033,59.0,186.0,0.99754,3.08,0.49,9.4,5,white
6.9,0.4,0.17,12.9,0.033,59.0,186.0,0.99754,3.08,0.49,9.4,5,white
6.3,0.24,0.29,13.7,0.035,53.0,134.0,0.99567,3.17,0.38,10.6,6,white
6.9,0.4,0.17,12.9,0.033,59.0,186.0,0.99754,3.08,0.49,9.4,5,white
7.4,0.27,0.31,2.4,0.013999999999999999,15.0,143.0,0.9909399999999999,3.03,0.65,12.0,4,white
6.1,0.27,0.28,9.8,0.042,61.0,125.0,0.9953200000000001,3.14,0.42,10.2,6,white
6.3,0.24,0.29,13.7,0.035,53.0,134.0,0.99567,3.17,0.38,10.6,6,white
5.0,0.61,0.12,1.3,0.009000000000000001,65.0,100.0,0.9874,3.26,0.37,13.5,5,white
6.7,0.42,0.39,12.1,0.04,61.0,248.0,0.9979399999999999,3.31,0.58,9.7,5,white
6.5,0.33,0.28,6.1,0.018000000000000002,41.0,103.0,0.9912200000000001,3.24,0.32,12.2,6,white
6.9,0.33,0.31,7.7,0.04,29.0,135.0,0.99226,3.11,0.57,12.3,5,white
6.5,0.33,0.28,6.1,0.018000000000000002,41.0,103.0,0.9912200000000001,3.24,0.32,12.2,6,white
6.3,0.15,0.3,1.4,0.022000000000000002,38.0,100.0,0.9909899999999999,3.42,0.57,11.4,7,white
6.5,0.32,0.45,7.7,0.022000000000000002,31.0,97.0,0.99134,3.2,0.7,12.7,7,white
6.7,0.42,0.39,12.1,0.04,61.0,248.0,0.9979399999999999,3.31,0.58,9.7,5,white
7.4,0.25,0.29,6.8,0.02,31.0,113.0,0.9933799999999999,3.13,0.29,10.8,6,white
7.6,0.27,0.3,9.2,0.018000000000000002,23.0,96.0,0.9938,3.08,0.29,11.0,6,white
6.4,0.27,0.45,8.3,0.05,52.0,196.0,0.9955,3.18,0.48,9.5,5,white
6.5,0.25,0.27,17.4,0.064,29.0,140.0,0.9977600000000001,3.2,0.49,10.1,6,white
5.6,0.19,0.31,2.7,0.027000000000000003,11.0,100.0,0.98964,3.46,0.4,13.2,7,white
7.4,0.29,0.48,12.8,0.037000000000000005,61.5,182.0,0.99808,3.02,0.34,8.8,5,white
6.4,0.34,0.44,8.2,0.043,54.0,201.0,0.99551,3.18,0.48,9.5,5,white
6.6,0.27,0.52,8.1,0.044000000000000004,53.0,202.0,0.9954799999999999,3.18,0.48,9.5,5,white
6.6,0.26,0.52,8.2,0.047,52.0,191.0,0.99541,3.16,0.47,9.5,6,white
6.4,0.27,0.45,8.3,0.05,52.0,196.0,0.9955,3.18,0.48,9.5,5,white
6.5,0.26,0.5,8.0,0.051,46.0,197.0,0.99536,3.18,0.47,9.5,5,white
6.8,0.25,0.3,11.8,0.043,53.0,133.0,0.99524,3.03,0.58,10.4,6,white
6.3,0.32,0.26,12.0,0.049,63.0,170.0,0.9961,3.14,0.55,9.9,6,white
5.5,0.24,0.45,1.7,0.046,22.0,113.0,0.99224,3.22,0.48,10.0,5,white
6.5,0.25,0.27,17.4,0.064,29.0,140.0,0.9977600000000001,3.2,0.49,10.1,6,white
6.6,0.13,0.29,13.9,0.055999999999999994,33.0,95.0,0.99702,3.17,0.39,9.4,6,white
7.0,0.39,0.21,10.7,0.098,13.0,91.0,0.9965700000000001,3.03,0.47,9.3,5,white
7.9,0.21,0.39,2.0,0.057,21.0,138.0,0.9917600000000001,3.05,0.52,10.9,5,white
7.0,0.3,0.28,2.2,0.042,21.0,177.0,0.99166,3.2,0.57,11.4,5,white
8.1,0.2,0.3,1.3,0.036000000000000004,7.0,49.0,0.9924200000000001,2.99,0.73,10.3,5,white
8.3,0.18,0.3,1.1,0.033,20.0,57.0,0.9910899999999999,3.02,0.51,11.0,6,white
7.9,0.21,0.39,2.0,0.057,21.0,138.0,0.9917600000000001,3.05,0.52,10.9,5,white
7.2,0.17,0.34,6.4,0.042,16.0,111.0,0.9927799999999999,2.99,0.4,10.8,6,white
8.1,0.2,0.3,1.3,0.036000000000000004,7.0,49.0,0.9924200000000001,2.99,0.73,10.3,5,white
8.3,0.18,0.3,1.1,0.033,20.0,57.0,0.9910899999999999,3.02,0.51,11.0,6,white
7.0,0.39,0.21,10.7,0.098,13.0,91.0,0.9965700000000001,3.03,0.47,9.3,5,white
6.8,0.21,0.62,6.4,0.040999999999999995,7.0,113.0,0.9935799999999999,2.96,0.59,10.2,5,white
6.9,0.21,0.62,6.3,0.042,7.0,109.0,0.9935799999999999,2.96,0.59,10.2,6,white
7.2,0.17,0.34,6.4,0.042,16.0,111.0,0.9927799999999999,2.99,0.4,10.8,6,white
6.8,0.26,0.34,15.1,0.06,42.0,162.0,0.99705,3.24,0.52,10.5,3,white
7.2,0.28,0.38,2.0,0.052000000000000005,23.0,156.0,0.9912,3.13,0.52,11.1,5,white
7.9,0.21,0.39,2.0,0.057,21.0,138.0,0.9917600000000001,3.05,0.52,10.9,5,white
7.0,0.3,0.28,2.2,0.042,21.0,177.0,0.99166,3.2,0.57,11.4,5,white
7.4,0.34,0.28,12.1,0.049,31.0,149.0,0.99677,3.22,0.49,10.3,5,white
6.3,0.43,0.32,8.8,0.042,18.0,106.0,0.99172,3.28,0.33,12.9,7,white
6.8,0.41,0.3,8.8,0.045,28.0,131.0,0.9953,3.12,0.59,9.9,5,white
6.3,0.4,0.24,5.1,0.036000000000000004,43.0,131.0,0.9918600000000001,3.24,0.44,11.3,6,white
5.1,0.35,0.26,6.8,0.034,36.0,120.0,0.9918799999999999,3.38,0.4,11.5,6,white
5.1,0.35,0.26,6.8,0.034,36.0,120.0,0.9918799999999999,3.38,0.4,11.5,6,white
6.3,0.3,0.2,3.7,0.039,34.0,132.0,0.9915799999999999,3.0,0.38,10.7,5,white
6.9,0.28,0.28,12.2,0.042,52.0,139.0,0.9952200000000001,3.03,0.56,10.4,6,white
7.0,0.33,0.28,5.7,0.033,39.0,204.0,0.9917600000000001,3.17,0.64,12.5,6,white
6.7,0.26,0.49,8.1,0.052000000000000005,48.0,197.0,0.9955799999999999,3.19,0.48,9.5,5,white
7.3,0.24,0.3,2.5,0.042,31.0,104.0,0.9911,3.05,0.56,11.3,7,white
6.7,0.46,0.21,4.0,0.034,12.0,88.0,0.99016,3.26,0.54,13.0,6,white
5.1,0.35,0.26,6.8,0.034,36.0,120.0,0.9918799999999999,3.38,0.4,11.5,6,white
5.1,0.23,0.18,1.0,0.053,13.0,99.0,0.98956,3.22,0.39,11.5,5,white
6.3,0.4,0.24,5.1,0.036000000000000004,43.0,131.0,0.9918600000000001,3.24,0.44,11.3,6,white
7.1,0.44,0.23,5.8,0.035,24.0,100.0,0.9906200000000001,3.15,0.57,13.2,7,white
4.8,0.26,0.23,10.6,0.034,23.0,111.0,0.99274,3.46,0.28,11.5,7,white
6.8,0.31,0.19,3.5,0.086,30.0,130.0,0.993,2.83,0.44,9.6,5,white
6.8,0.31,0.19,3.5,0.086,30.0,130.0,0.993,2.83,0.44,9.6,5,white
7.0,0.15,0.29,16.4,0.057999999999999996,45.0,110.0,0.9978,3.15,0.37,9.7,6,white
6.5,0.41,0.22,4.8,0.052000000000000005,49.0,142.0,0.9946,3.14,0.62,9.2,5,white
6.2,0.31,0.23,3.3,0.052000000000000005,34.0,113.0,0.99429,3.16,0.48,8.4,5,white
8.0,0.27,0.33,1.2,0.05,41.0,103.0,0.9900200000000001,3.0,0.45,12.4,6,white
8.0,0.27,0.33,1.2,0.05,41.0,103.0,0.9900200000000001,3.0,0.45,12.4,6,white
6.5,0.41,0.22,4.8,0.052000000000000005,49.0,142.0,0.9946,3.14,0.62,9.2,5,white
6.2,0.31,0.23,3.3,0.052000000000000005,34.0,113.0,0.99429,3.16,0.48,8.4,5,white
6.7,0.37,0.25,2.5,0.027999999999999997,24.0,84.0,0.9909,3.14,0.36,11.7,6,white
6.6,0.21,0.5,8.7,0.036000000000000004,41.0,191.0,0.9929399999999999,2.96,0.56,11.0,6,white
7.5,0.26,0.31,1.6,0.032,36.0,109.0,0.99044,2.97,0.43,11.9,6,white
7.5,0.34,0.28,4.0,0.027999999999999997,46.0,100.0,0.9895799999999999,3.2,0.5,13.2,7,white
6.7,0.37,0.25,2.5,0.027999999999999997,24.0,84.0,0.9909,3.14,0.36,11.7,6,white
6.4,0.32,0.23,16.2,0.055,36.0,176.0,0.9986,3.26,0.54,9.1,5,white
6.7,0.24,0.32,9.0,0.023,20.0,109.0,0.9926200000000001,3.34,0.35,12.6,6,white
6.4,0.32,0.23,16.2,0.055,36.0,176.0,0.9986,3.26,0.54,9.1,5,white
7.1,0.39,0.79,1.4,0.19399999999999998,23.0,90.0,0.9921200000000001,3.17,0.46,10.5,6,white
8.2,0.31,0.43,7.0,0.047,18.0,87.0,0.9962799999999999,3.23,0.64,10.6,5,white
6.7,0.24,0.32,9.0,0.023,20.0,109.0,0.9926200000000001,3.34,0.35,12.6,6,white
5.9,0.17,0.29,3.1,0.03,32.0,123.0,0.98913,3.41,0.33,13.7,7,white
5.9,0.2,0.23,1.5,0.037000000000000005,38.0,93.0,0.99021,3.36,0.49,12.0,6,white
6.6,0.32,0.26,4.6,0.031,26.0,120.0,0.99198,3.4,0.73,12.5,7,white
5.9,0.12,0.27,4.8,0.03,40.0,110.0,0.99226,3.55,0.68,12.1,6,white
5.9,0.18,0.29,4.6,0.032,68.0,137.0,0.99159,3.21,0.38,11.3,6,white
5.9,0.2,0.23,1.5,0.037000000000000005,38.0,93.0,0.99021,3.36,0.49,12.0,6,white
5.4,0.17,0.27,2.7,0.049,28.0,104.0,0.99224,3.46,0.55,10.3,6,white
6.1,0.21,0.3,6.3,0.039,47.0,136.0,0.9906799999999999,3.27,0.31,12.7,6,white
7.3,0.25,0.26,7.2,0.048,52.0,207.0,0.99587,3.12,0.37,9.2,5,white
7.3,0.25,0.26,7.2,0.048,52.0,207.0,0.99587,3.12,0.37,9.2,5,white
6.2,0.22,0.3,12.4,0.054000000000000006,108.0,152.0,0.9972799999999999,3.1,0.47,9.5,6,white
6.5,0.27,0.19,6.6,0.045,98.0,175.0,0.99364,3.16,0.34,10.1,6,white
6.5,0.27,0.19,6.6,0.045,98.0,175.0,0.99364,3.16,0.34,10.1,6,white
6.6,0.39,0.22,4.0,0.038,17.0,98.0,0.99018,3.25,0.53,13.0,7,white
6.0,0.31,0.38,4.8,0.04,41.0,101.0,0.9896799999999999,3.24,0.56,13.1,6,white
8.4,0.23,0.32,1.3,0.048,59.0,113.0,0.9917799999999999,3.1,0.55,11.0,6,white
7.3,0.25,0.26,7.2,0.048,52.0,207.0,0.99587,3.12,0.37,9.2,5,white
6.0,0.22,0.25,11.1,0.055999999999999994,112.0,177.0,0.9961,3.08,0.36,9.4,6,white
6.2,0.22,0.3,12.4,0.054000000000000006,108.0,152.0,0.9972799999999999,3.1,0.47,9.5,6,white
6.1,0.23,0.27,9.8,0.055,74.0,134.0,0.99534,3.16,0.4,10.2,6,white
6.5,0.27,0.19,6.6,0.045,98.0,175.0,0.99364,3.16,0.34,10.1,6,white
7.3,0.36,0.54,13.3,0.054000000000000006,63.0,193.0,0.99864,3.06,0.49,8.6,4,white
7.6,0.37,0.51,11.7,0.094,58.0,181.0,0.9977600000000001,2.91,0.51,9.0,5,white
6.7,0.26,0.51,8.0,0.062,50.0,194.0,0.99545,3.13,0.5,9.6,5,white
7.4,0.22,0.27,1.6,0.057,45.0,98.0,0.9929899999999999,3.29,0.44,9.9,7,white
6.1,0.22,0.28,16.55,0.059000000000000004,54.0,135.0,0.99665,3.2,0.38,10.5,5,white
7.1,0.28,0.31,1.5,0.053,20.0,98.0,0.99069,3.15,0.5,11.4,5,white
6.5,0.35,0.31,10.2,0.069,58.0,170.0,0.99692,3.18,0.49,9.4,5,white
6.8,0.73,0.2,6.6,0.054000000000000006,25.0,65.0,0.99324,3.12,0.28,11.1,4,white
6.0,0.28,0.24,17.8,0.047,42.0,111.0,0.9989600000000001,3.1,0.45,8.9,6,white
6.0,0.28,0.24,17.8,0.047,42.0,111.0,0.9989600000000001,3.1,0.45,8.9,6,white
7.1,0.2,0.37,1.5,0.049,28.0,129.0,0.99226,3.15,0.52,10.8,5,white
6.8,0.33,0.31,7.4,0.045,34.0,143.0,0.99226,3.06,0.55,12.2,6,white
6.0,0.28,0.24,17.8,0.047,42.0,111.0,0.9989600000000001,3.1,0.45,8.9,6,white
7.2,0.24,0.36,2.0,0.028999999999999998,21.0,63.0,0.9907600000000001,3.13,0.63,12.5,6,white
6.8,0.33,0.31,7.4,0.045,34.0,143.0,0.99226,3.06,0.55,12.2,6,white
7.2,0.24,0.36,2.0,0.028999999999999998,21.0,63.0,0.9907600000000001,3.13,0.63,12.5,6,white
6.0,0.28,0.24,17.8,0.047,42.0,111.0,0.9989600000000001,3.1,0.45,8.9,6,white
6.2,0.27,0.26,12.1,0.046,43.0,127.0,0.9951,3.16,0.37,10.8,6,white
6.4,0.38,0.26,8.2,0.043,28.0,98.0,0.99234,2.99,0.31,11.4,6,white
7.1,0.2,0.37,1.5,0.049,28.0,129.0,0.99226,3.15,0.52,10.8,5,white
6.0,0.21,0.3,8.7,0.036000000000000004,47.0,127.0,0.9936799999999999,3.18,0.39,10.6,5,white
7.0,0.34,0.1,3.5,0.044000000000000004,17.0,63.0,0.9937,3.01,0.39,9.2,5,white
5.9,0.435,0.16,6.4,0.031,21.0,134.0,0.99151,3.24,0.46,12.2,6,white
7.0,0.25,0.33,2.1,0.021,17.0,76.0,0.99021,3.26,0.45,12.3,6,white
6.7,0.26,0.29,7.7,0.038,40.0,179.0,0.99479,3.23,0.56,10.4,6,white
7.0,0.24,0.3,12.3,0.035,72.0,172.0,0.9954,2.99,0.57,10.4,6,white
8.5,0.23,0.34,1.3,0.035,54.0,110.0,0.9917600000000001,3.07,0.55,11.0,7,white
6.0,0.21,0.3,8.7,0.036000000000000004,47.0,127.0,0.9936799999999999,3.18,0.39,10.6,5,white
7.0,0.34,0.1,3.5,0.044000000000000004,17.0,63.0,0.9937,3.01,0.39,9.2,5,white
4.8,0.65,0.12,1.1,0.013000000000000001,4.0,10.0,0.99246,3.32,0.36,13.5,4,white
6.1,0.22,0.38,2.8,0.14400000000000002,12.0,65.0,0.9908,2.95,0.64,11.4,6,white
5.8,0.27,0.26,3.5,0.071,26.0,69.0,0.9899399999999999,3.1,0.38,11.5,6,white
5.0,0.455,0.18,1.9,0.036000000000000004,33.0,106.0,0.98746,3.21,0.83,14.0,7,white
6.5,0.33,0.3,3.8,0.036000000000000004,34.0,88.0,0.9902799999999999,3.25,0.63,12.5,7,white
6.5,0.33,0.3,3.8,0.036000000000000004,34.0,88.0,0.9902799999999999,3.25,0.63,12.5,7,white
6.7,0.31,0.3,2.4,0.038,30.0,83.0,0.98867,3.09,0.36,12.8,7,white
6.2,0.39,0.24,4.8,0.037000000000000005,45.0,138.0,0.99174,3.23,0.43,11.2,7,white
6.2,0.39,0.24,4.8,0.037000000000000005,45.0,138.0,0.99174,3.23,0.43,11.2,7,white
7.1,0.37,0.3,6.2,0.04,49.0,139.0,0.99021,3.17,0.27,13.6,6,white
7.2,0.23,0.82,1.3,0.149,70.0,109.0,0.9930399999999999,2.93,0.42,9.2,6,white
6.5,0.33,0.3,3.8,0.036000000000000004,34.0,88.0,0.9902799999999999,3.25,0.63,12.5,7,white
7.2,0.25,0.32,1.5,0.054000000000000006,24.0,105.0,0.99154,3.17,0.48,11.1,6,white
6.2,0.39,0.24,4.8,0.037000000000000005,45.0,138.0,0.99174,3.23,0.43,11.2,7,white
4.7,0.455,0.18,1.9,0.036000000000000004,33.0,106.0,0.98746,3.21,0.83,14.0,7,white
7.1,0.37,0.3,6.2,0.04,49.0,139.0,0.99021,3.17,0.27,13.6,6,white
6.2,0.28,0.51,7.9,0.055999999999999994,49.0,206.0,0.9956,3.18,0.52,9.4,5,white
6.4,0.35,0.28,1.6,0.037000000000000005,31.0,113.0,0.98779,3.12,0.4,14.2,7,white
6.6,0.31,0.28,1.4,0.035,28.0,107.0,0.98836,3.0,0.4,13.2,6,white
7.4,0.25,0.37,2.6,0.05,24.0,132.0,0.9913799999999999,3.04,0.53,11.2,6,white
7.3,0.36,0.34,14.8,0.057,46.0,173.0,0.99751,3.14,0.57,10.2,5,white
6.7,0.31,0.3,2.4,0.038,30.0,83.0,0.98867,3.09,0.36,12.8,7,white
8.6,0.31,0.3,0.9,0.045,16.0,109.0,0.99249,2.95,0.39,10.1,5,white
8.6,0.31,0.3,0.9,0.045,16.0,109.0,0.99249,2.95,0.39,10.1,5,white
8.6,0.22,0.33,1.2,0.031,38.0,95.0,0.99239,2.83,0.31,10.3,5,white
6.9,0.14,0.29,9.9,0.055999999999999994,30.0,91.0,0.9951200000000001,3.19,0.33,9.9,6,white
6.5,0.22,0.31,3.9,0.046,17.0,106.0,0.99098,3.15,0.31,11.5,5,white
6.6,0.32,0.47,15.6,0.063,27.0,173.0,0.99872,3.18,0.56,9.0,5,white
6.6,0.32,0.47,15.6,0.063,27.0,173.0,0.99872,3.18,0.56,9.0,5,white
6.1,0.28,0.26,1.5,0.03,25.0,101.0,0.9889399999999999,3.03,0.41,12.1,6,white
6.2,0.3,0.28,1.6,0.036000000000000004,28.0,106.0,0.988245,3.14,0.41,13.3,6,white
6.9,0.22,0.28,7.8,0.05,43.0,116.0,0.99326,3.22,0.6,11.5,8,white
8.7,0.31,0.21,5.6,0.039,28.0,67.0,0.9932799999999999,2.96,0.52,11.0,4,white
7.3,0.27,0.3,1.3,0.04,26.0,84.0,0.9922200000000001,3.28,0.53,10.7,6,white
7.0,0.46,0.2,16.7,0.046,50.0,184.0,0.99898,3.08,0.56,9.4,5,white
5.7,0.23,0.25,7.95,0.042,16.0,108.0,0.9948600000000001,3.44,0.61,10.3,6,white
6.5,0.36,0.36,6.7,0.185,51.5,151.0,0.9952799999999999,3.17,0.42,9.3,5,white
8.2,0.18,0.38,1.1,0.04,41.0,92.0,0.9906200000000001,2.88,0.6,12.0,6,white
6.2,0.27,0.32,6.3,0.048,47.0,159.0,0.99282,3.21,0.6,11.0,6,white
6.9,0.4,0.37,8.9,0.053,36.0,148.0,0.996,3.16,0.5,9.3,5,white
4.9,0.345,0.34,1.0,0.068,32.0,143.0,0.9913799999999999,3.24,0.4,10.1,5,white
7.2,0.23,0.39,1.5,0.053,26.0,106.0,0.99166,3.18,0.47,11.1,6,white
6.4,0.2,0.15,6.6,0.046,26.0,113.0,0.99408,2.99,0.58,9.9,6,white
6.1,0.27,0.32,6.2,0.048,47.0,161.0,0.9928100000000001,3.22,0.6,11.0,6,white
6.2,0.27,0.32,6.3,0.048,47.0,159.0,0.99282,3.21,0.6,11.0,6,white
6.0,0.3,0.33,2.1,0.042,31.0,127.0,0.98964,3.32,0.42,12.5,6,white
6.1,0.3,0.32,2.2,0.042,41.0,142.0,0.9895200000000001,3.31,0.44,12.7,7,white
5.7,0.14,0.3,5.4,0.045,26.0,105.0,0.99469,3.32,0.45,9.3,5,white
6.9,0.4,0.37,8.9,0.053,36.0,148.0,0.996,3.16,0.5,9.3,5,white
4.9,0.345,0.34,1.0,0.068,32.0,143.0,0.9913799999999999,3.24,0.4,10.1,5,white
6.3,0.33,0.2,17.9,0.066,36.0,161.0,0.9991,3.14,0.51,8.8,5,white
7.0,0.16,0.3,2.6,0.043,34.0,90.0,0.9904700000000001,2.88,0.47,11.2,6,white
8.4,0.22,0.3,1.3,0.038,45.0,122.0,0.9917799999999999,3.13,0.54,10.8,7,white
6.3,0.33,0.2,17.9,0.066,36.0,161.0,0.9991,3.14,0.51,8.8,5,white
7.0,0.16,0.3,2.6,0.043,34.0,90.0,0.9904700000000001,2.88,0.47,11.2,6,white
5.4,0.24,0.18,2.3,0.05,22.0,145.0,0.9920700000000001,3.24,0.46,10.3,5,white
7.7,0.31,0.36,4.3,0.026000000000000002,15.0,87.0,0.9915200000000001,3.11,0.48,12.0,5,white
5.6,0.185,0.19,7.1,0.048,36.0,110.0,0.9943799999999999,3.26,0.41,9.5,6,white
5.6,0.185,0.19,7.1,0.048,36.0,110.0,0.9943799999999999,3.26,0.41,9.5,6,white
6.6,0.43,0.24,11.9,0.04,54.0,159.0,0.9962200000000001,3.14,0.54,9.8,6,white
7.6,0.39,0.46,11.7,0.084,55.0,170.0,0.9977299999999999,2.91,0.51,9.0,5,white
7.2,0.58,0.27,5.8,0.032,40.0,118.0,0.9908799999999999,3.17,0.53,13.0,7,white
6.0,0.34,0.32,3.8,0.044000000000000004,13.0,116.0,0.99108,3.39,0.44,11.8,7,white
7.5,0.35,0.48,12.4,0.055999999999999994,61.0,176.5,0.99803,2.97,0.52,8.8,5,white
7.3,0.38,0.23,6.5,0.05,18.0,102.0,0.9930399999999999,3.1,0.55,11.2,4,white
5.4,0.185,0.19,7.1,0.048,36.0,110.0,0.9943799999999999,3.26,0.41,9.5,6,white
6.3,0.27,0.51,7.6,0.049,35.0,200.0,0.9954799999999999,3.16,0.54,9.4,4,white
6.5,0.29,0.52,7.9,0.049,35.0,192.0,0.99551,3.16,0.51,9.5,6,white
6.4,0.17,0.3,2.8,0.034,33.0,125.0,0.9915200000000001,3.03,0.49,10.4,6,white
6.7,0.18,0.31,10.6,0.035,42.0,143.0,0.99572,3.08,0.49,9.8,7,white
6.4,0.17,0.3,2.8,0.034,33.0,125.0,0.9915200000000001,3.03,0.49,10.4,6,white
6.8,0.37,0.67,1.5,0.175,16.0,98.0,0.99244,3.06,0.56,10.3,6,white
6.3,0.27,0.51,7.6,0.049,35.0,200.0,0.9954799999999999,3.16,0.54,9.4,4,white
6.5,0.29,0.52,7.9,0.049,35.0,192.0,0.99551,3.16,0.51,9.5,6,white
6.1,0.24,0.26,1.7,0.033,61.0,134.0,0.9903,3.19,0.81,11.9,7,white
7.0,0.32,0.29,7.6,0.025,35.0,124.0,0.9916200000000001,3.15,0.65,12.8,7,white
6.9,0.27,0.25,7.5,0.03,18.0,117.0,0.99116,3.09,0.38,13.0,6,white
6.5,0.29,0.53,1.7,0.04,41.0,192.0,0.9922,3.26,0.59,10.4,7,white
6.5,0.29,0.52,1.7,0.034,41.0,193.0,0.99223,3.25,0.59,10.4,6,white
6.1,0.22,0.25,12.1,0.035,54.0,135.0,0.9948100000000001,3.21,0.4,10.7,5,white
6.3,0.22,0.27,4.5,0.036000000000000004,81.0,157.0,0.9928,3.05,0.76,10.7,7,white
6.1,0.24,0.26,1.7,0.033,61.0,134.0,0.9903,3.19,0.81,11.9,7,white
5.6,0.23,0.25,8.0,0.043,31.0,101.0,0.99429,3.19,0.42,10.4,6,white
7.0,0.32,0.29,7.6,0.025,35.0,124.0,0.9916200000000001,3.15,0.65,12.8,7,white
6.8,0.11,0.27,8.6,0.044000000000000004,45.0,104.0,0.99454,3.2,0.37,9.9,6,white
6.8,0.11,0.27,8.6,0.044000000000000004,45.0,104.0,0.99454,3.2,0.37,9.9,6,white
7.3,0.23,0.41,14.6,0.048,73.0,223.0,0.9986299999999999,3.16,0.71,9.4,6,white
6.1,0.2,0.17,1.6,0.048,46.0,129.0,0.991,3.3,0.43,11.4,6,white
6.8,0.11,0.27,8.6,0.044000000000000004,45.0,104.0,0.99454,3.2,0.37,9.9,6,white
7.3,0.23,0.41,14.6,0.048,73.0,223.0,0.9986299999999999,3.16,0.71,9.4,6,white
6.9,0.2,0.41,1.1,0.06,36.0,104.0,0.9931700000000001,2.99,0.39,9.2,5,white
6.7,0.19,0.32,3.7,0.040999999999999995,26.0,76.0,0.9917299999999999,2.9,0.57,10.5,7,white
6.7,0.28,0.34,8.9,0.048,32.0,111.0,0.99455,3.25,0.54,11.0,7,white
6.7,0.28,0.34,8.9,0.048,32.0,111.0,0.99455,3.25,0.54,11.0,7,white
8.0,0.37,0.31,4.7,0.038,3.0,127.0,0.9918600000000001,2.9,0.72,12.1,5,white
6.7,0.28,0.34,8.9,0.048,32.0,111.0,0.99455,3.25,0.54,11.0,7,white
6.0,0.26,0.29,3.1,0.040999999999999995,37.0,144.0,0.98944,3.22,0.39,12.8,7,white
6.4,0.24,0.49,5.8,0.053,25.0,120.0,0.9942,3.01,0.98,10.5,6,white
6.4,0.24,0.49,5.8,0.053,25.0,120.0,0.9942,3.01,0.98,10.5,6,white
6.4,0.24,0.49,5.8,0.053,25.0,120.0,0.9942,3.01,0.98,10.5,6,white
6.4,0.25,0.57,1.0,0.062,21.0,122.0,0.9923799999999999,3.0,0.4,9.5,5,white
6.1,0.25,0.48,15.8,0.052000000000000005,25.0,94.0,0.99782,3.07,0.45,9.2,6,white
6.8,0.14,0.35,1.5,0.047,40.0,117.0,0.99111,3.07,0.72,11.1,6,white
6.5,0.38,0.26,5.2,0.042,33.0,112.0,0.99067,3.06,0.5,12.3,7,white
6.8,0.14,0.35,1.5,0.047,40.0,117.0,0.99111,3.07,0.72,11.1,6,white
5.4,0.15,0.32,2.5,0.037000000000000005,10.0,51.0,0.9887799999999999,3.04,0.58,12.6,6,white
6.4,0.25,0.57,1.0,0.062,21.0,122.0,0.9923799999999999,3.0,0.4,9.5,5,white
6.1,0.25,0.48,15.8,0.052000000000000005,25.0,94.0,0.99782,3.07,0.45,9.2,6,white
6.8,0.22,0.32,5.9,0.054000000000000006,40.0,152.0,0.9938,3.2,0.57,10.8,6,white
7.2,0.21,0.29,3.1,0.044000000000000004,39.0,122.0,0.9914299999999999,3.0,0.6,11.3,6,white
6.0,0.26,0.29,3.1,0.040999999999999995,37.0,144.0,0.98944,3.22,0.39,12.8,7,white
6.4,0.24,0.49,5.8,0.053,25.0,120.0,0.9942,3.01,0.98,10.5,6,white
6.5,0.46,0.24,11.5,0.051,56.0,171.0,0.9958799999999999,3.08,0.56,9.8,6,white
6.5,0.18,0.48,18.0,0.054000000000000006,56.0,183.0,1.0003799999999998,2.98,0.61,8.5,6,white
6.2,0.32,0.12,4.8,0.054000000000000006,6.0,97.0,0.99424,3.16,0.5,9.3,5,white
7.2,0.4,0.24,8.5,0.055,45.0,151.0,0.99626,3.2,0.52,9.2,5,white
5.9,0.23,0.24,1.6,0.037000000000000005,32.0,115.0,0.9907600000000001,3.21,0.51,11.4,6,white
6.4,0.18,0.48,18.0,0.054000000000000006,56.0,183.0,1.0003799999999998,2.98,0.61,8.5,6,white
6.2,0.32,0.12,4.8,0.054000000000000006,6.0,97.0,0.99424,3.16,0.5,9.3,5,white
6.4,0.37,0.12,5.9,0.055999999999999994,6.0,91.0,0.99536,3.06,0.46,8.4,4,white
7.0,0.23,0.42,1.1,0.062,35.0,100.0,0.99318,3.04,0.4,9.2,5,white
7.2,0.4,0.24,8.5,0.055,45.0,151.0,0.99626,3.2,0.52,9.2,5,white
7.6,0.19,0.37,13.1,0.033,52.0,151.0,0.99726,3.18,0.79,10.4,6,white
6.0,0.28,0.27,4.1,0.046,50.0,147.0,0.99126,3.27,0.56,11.6,6,white
6.2,0.32,0.45,2.9,0.028999999999999998,37.0,94.0,0.98998,3.25,0.6,12.4,6,white
7.6,0.19,0.37,13.1,0.033,52.0,151.0,0.99726,3.18,0.79,10.4,6,white
6.4,0.26,0.26,1.1,0.052000000000000005,22.0,176.0,0.9930399999999999,3.09,0.54,9.3,5,white
5.9,0.25,0.27,1.5,0.028999999999999998,37.0,81.0,0.9892,3.2,0.46,12.2,6,white
6.1,0.28,0.3,7.75,0.031,33.0,139.0,0.9929600000000001,3.22,0.46,11.0,6,white
6.9,0.19,0.38,1.15,0.023,30.0,105.0,0.9904700000000001,3.11,0.38,11.4,5,white
6.4,0.29,0.57,1.0,0.06,15.0,120.0,0.9924,3.06,0.41,9.5,5,white
6.8,0.27,0.22,17.8,0.034,16.0,116.0,0.9989,3.07,0.53,9.2,5,white
7.5,0.26,0.38,5.7,0.021,23.0,125.0,0.9933799999999999,3.13,0.62,11.1,6,white
6.8,0.27,0.22,17.8,0.034,16.0,116.0,0.9989,3.07,0.53,9.2,5,white
6.4,0.2,0.22,7.4,0.032,53.0,172.0,0.9940399999999999,3.24,0.58,11.0,6,white
7.3,0.33,0.22,1.4,0.040999999999999995,40.0,177.0,0.99287,3.14,0.48,9.9,5,white
7.3,0.34,0.22,1.4,0.044000000000000004,43.0,176.0,0.9928600000000001,3.14,0.46,9.9,5,white
6.4,0.29,0.57,1.0,0.06,15.0,120.0,0.9924,3.06,0.41,9.5,5,white
6.1,1.1,0.16,4.4,0.033,8.0,109.0,0.9905799999999999,3.35,0.47,12.4,4,white
6.3,0.24,0.29,1.6,0.052000000000000005,48.0,185.0,0.9934,3.21,0.5,9.4,5,white
6.2,0.24,0.22,7.9,0.053,45.0,149.0,0.99545,3.23,0.52,9.3,5,white
7.4,0.16,0.27,15.5,0.05,25.0,135.0,0.9984,2.9,0.43,8.7,7,white
7.4,0.16,0.27,15.5,0.05,25.0,135.0,0.9984,2.9,0.43,8.7,7,white
7.4,0.16,0.27,15.5,0.05,25.0,135.0,0.9984,2.9,0.43,8.7,7,white
7.4,0.16,0.27,15.5,0.05,25.0,135.0,0.9984,2.9,0.43,8.7,7,white
7.2,0.17,0.28,17.55,0.05,33.0,154.0,0.99971,2.94,0.43,9.0,7,white
6.9,0.19,0.35,13.5,0.038,49.0,118.0,0.99546,3.0,0.63,10.7,6,white
6.9,0.19,0.35,13.5,0.038,49.0,118.0,0.99546,3.0,0.63,10.7,6,white
6.8,0.16,0.36,1.3,0.034,32.0,98.0,0.9905799999999999,3.02,0.58,11.3,6,white
7.4,0.16,0.27,15.5,0.05,25.0,135.0,0.9984,2.9,0.43,8.7,7,white
6.8,0.3,0.27,11.6,0.027999999999999997,22.0,97.0,0.9931399999999999,2.96,0.38,11.7,6,white
6.2,0.24,0.22,7.9,0.053,45.0,149.0,0.99545,3.23,0.52,9.3,5,white
7.4,0.16,0.27,15.5,0.05,25.0,135.0,0.9984,2.9,0.43,8.7,7,white
7.2,0.17,0.28,17.55,0.05,33.0,154.0,0.99971,2.94,0.43,9.0,7,white
6.8,0.3,0.27,11.6,0.027999999999999997,22.0,97.0,0.9931399999999999,2.96,0.38,11.7,6,white
6.5,0.43,0.18,13.15,0.032,25.0,131.0,0.99565,3.23,0.51,10.7,5,white
6.6,0.17,0.36,1.9,0.036000000000000004,38.0,110.0,0.99056,3.05,0.54,11.4,6,white
6.9,0.19,0.35,13.5,0.038,49.0,118.0,0.99546,3.0,0.63,10.7,6,white
6.8,0.16,0.36,1.3,0.034,32.0,98.0,0.9905799999999999,3.02,0.58,11.3,6,white
6.4,0.41,0.01,6.1,0.048,20.0,70.0,0.9936200000000001,3.19,0.42,10.0,5,white
6.4,0.41,0.01,6.1,0.048,20.0,70.0,0.9936200000000001,3.19,0.42,10.0,5,white
7.4,0.36,0.32,1.9,0.036000000000000004,27.0,119.0,0.9919600000000001,3.15,0.49,11.2,6,white
6.1,0.17,0.21,1.9,0.09,44.0,130.0,0.99255,3.07,0.41,9.7,5,white
5.5,0.28,0.21,1.6,0.032,23.0,85.0,0.9902700000000001,3.42,0.42,12.5,5,white
6.6,0.5,0.26,11.3,0.028999999999999998,32.0,110.0,0.9930200000000001,3.27,0.78,12.9,8,white
7.1,0.44,0.27,8.4,0.057,60.0,160.0,0.9925700000000001,3.16,0.36,11.8,6,white
6.9,0.38,0.28,8.3,0.062,22.0,166.0,0.9950600000000001,3.16,0.72,10.6,5,white
7.1,0.44,0.27,8.4,0.057,60.0,160.0,0.9925700000000001,3.16,0.36,11.8,6,white
6.2,0.24,0.28,12.2,0.049,54.0,133.0,0.9952,3.19,0.37,10.7,6,white
6.1,0.28,0.27,8.0,0.048,41.0,162.0,0.99498,3.21,0.51,9.9,5,white
7.6,0.26,0.32,1.3,0.048,23.0,76.0,0.9903,2.96,0.46,12.0,6,white
7.5,0.16,0.38,12.7,0.043,70.5,163.0,0.9970600000000001,3.15,0.82,10.4,7,white
6.5,0.36,0.16,1.3,0.054000000000000006,11.0,107.0,0.99398,3.19,0.39,8.5,5,white
6.6,0.35,0.19,10.5,0.06,15.0,82.0,0.9958799999999999,3.13,0.38,9.9,4,white
5.7,0.25,0.26,12.5,0.049,52.5,120.0,0.9969100000000001,3.08,0.45,9.4,6,white
7.4,0.37,0.26,9.6,0.05,33.0,134.0,0.99608,3.13,0.46,10.4,5,white
5.7,0.25,0.21,1.5,0.044000000000000004,21.0,108.0,0.9914200000000001,3.3,0.59,11.0,6,white
5.8,0.23,0.21,1.5,0.044000000000000004,21.0,110.0,0.9913799999999999,3.3,0.57,11.0,6,white
5.4,0.265,0.28,7.8,0.052000000000000005,27.0,91.0,0.9943200000000001,3.19,0.38,10.4,6,white
5.7,0.25,0.27,10.8,0.05,58.0,116.0,0.99592,3.1,0.5,9.8,6,white
5.7,0.25,0.26,12.5,0.049,52.5,106.0,0.9969100000000001,3.08,0.45,9.4,6,white
5.9,0.23,0.28,8.6,0.046,37.0,142.0,0.9943200000000001,3.23,0.53,10.6,6,white
6.2,0.3,0.32,1.2,0.052000000000000005,32.0,185.0,0.99266,3.28,0.44,10.1,5,white
6.5,0.33,0.24,14.5,0.048,20.0,96.0,0.99456,3.06,0.3,11.5,8,white
7.4,0.26,0.29,3.7,0.048,14.0,73.0,0.9915,3.06,0.45,11.4,6,white
7.0,0.2,0.4,1.1,0.057999999999999996,30.0,93.0,0.9932200000000001,3.03,0.38,9.2,6,white
6.5,0.21,0.42,1.1,0.059000000000000004,33.0,101.0,0.9927,3.12,0.38,9.7,6,white
7.3,0.25,0.27,3.8,0.047,16.0,79.0,0.9917299999999999,3.07,0.46,11.3,6,white
6.8,0.27,0.24,4.6,0.098,36.0,127.0,0.9941200000000001,3.15,0.49,9.6,6,white
6.7,0.24,0.3,10.2,0.07,44.0,179.0,0.99666,2.86,0.46,8.9,6,white
6.4,0.14,0.28,7.9,0.057,21.0,82.0,0.99425,3.26,0.36,10.0,6,white
6.4,0.5,0.2,2.4,0.059000000000000004,19.0,112.0,0.9931399999999999,3.18,0.4,9.2,6,white
6.6,0.41,0.27,10.7,0.11,20.0,103.0,0.99672,3.08,0.41,9.0,6,white
6.4,0.25,0.28,4.9,0.03,29.0,98.0,0.99024,3.09,0.58,12.8,7,white
6.6,0.41,0.27,10.7,0.11,20.0,103.0,0.99672,3.08,0.41,9.0,6,white
8.0,0.25,0.35,1.1,0.054000000000000006,13.0,136.0,0.99366,3.08,0.55,9.5,5,white
6.4,0.14,0.28,7.9,0.057,21.0,82.0,0.99425,3.26,0.36,10.0,6,white
6.6,0.21,0.34,5.6,0.046,30.0,140.0,0.9929899999999999,3.22,0.38,11.0,5,white
6.4,0.5,0.2,2.4,0.059000000000000004,19.0,112.0,0.9931399999999999,3.18,0.4,9.2,6,white
6.3,0.29,0.23,14.2,0.037000000000000005,24.0,99.0,0.9952799999999999,3.08,0.38,10.6,6,white
6.9,0.37,0.23,9.5,0.057,54.0,166.0,0.9956799999999999,3.23,0.42,10.0,5,white
6.9,0.37,0.23,9.5,0.057,54.0,166.0,0.9956799999999999,3.23,0.42,10.0,5,white
5.7,0.31,0.28,4.1,0.03,22.0,86.0,0.9906200000000001,3.31,0.38,11.7,7,white
6.9,0.45,0.27,4.7,0.035,17.0,80.0,0.9905799999999999,3.12,0.36,12.5,7,white
6.9,0.3,0.45,1.4,0.039,36.0,122.0,0.99059,3.07,0.47,11.1,7,white
5.3,0.23,0.56,0.9,0.040999999999999995,46.0,141.0,0.99119,3.16,0.62,9.7,5,white
6.8,0.3,0.26,20.3,0.037000000000000005,45.0,150.0,0.9972700000000001,3.04,0.38,12.3,6,white
6.7,0.28,0.42,3.5,0.035,43.0,105.0,0.99021,3.18,0.38,12.2,6,white
5.0,0.255,0.22,2.7,0.043,46.0,153.0,0.9923799999999999,3.75,0.76,11.3,6,white
7.6,0.4,0.27,1.2,0.053,23.0,193.0,0.99164,3.22,0.38,11.6,5,white
5.5,0.21,0.25,1.2,0.04,18.0,75.0,0.99006,3.31,0.56,11.3,6,white
6.0,0.2,0.25,2.0,0.040999999999999995,30.0,95.0,0.9907799999999999,3.27,0.56,11.1,6,white
6.1,0.17,0.29,1.1,0.040999999999999995,32.0,92.0,0.99036,3.26,0.57,11.2,6,white
7.5,0.21,0.29,1.5,0.046,35.0,107.0,0.9912299999999999,3.15,0.45,11.3,6,white
7.3,0.26,0.32,1.2,0.040999999999999995,29.0,94.0,0.9897799999999999,3.07,0.45,12.0,6,white
6.2,0.35,0.2,18.1,0.069,33.0,158.0,0.99908,3.15,0.5,8.8,6,white
6.2,0.35,0.2,18.1,0.069,33.0,158.0,0.99908,3.15,0.5,8.8,6,white
6.5,0.43,0.31,3.6,0.046,19.0,143.0,0.9902200000000001,3.15,0.34,12.0,8,white
6.5,0.4,0.31,3.5,0.046,22.0,147.0,0.99024,3.15,0.31,12.0,7,white
7.4,0.28,0.5,12.1,0.049,48.0,122.0,0.9973,3.01,0.44,9.0,5,white
6.3,0.23,0.22,17.45,0.054000000000000006,42.0,151.0,0.9985299999999999,3.12,0.6,9.3,6,white
6.2,0.34,0.25,12.1,0.059000000000000004,33.0,171.0,0.99769,3.14,0.56,8.7,6,white
6.6,0.44,0.32,3.0,0.095,13.0,75.0,0.98954,3.1,0.63,12.8,6,white
6.0,0.13,0.36,1.6,0.052000000000000005,23.0,72.0,0.98974,3.1,0.5,11.5,7,white
6.3,0.17,0.23,5.7,0.048,44.0,147.0,0.99382,3.08,0.54,10.0,5,white
6.3,0.18,0.22,5.6,0.047,45.0,147.0,0.9938299999999999,3.09,0.54,10.0,5,white
6.7,0.31,0.34,6.8,0.059000000000000004,51.0,215.0,0.9953799999999999,3.33,0.56,10.3,5,white
6.6,0.33,0.32,15.6,0.054000000000000006,62.0,227.0,0.99734,3.25,0.56,10.4,5,white
6.3,0.34,0.31,6.0,0.02,18.0,68.0,0.9898100000000001,3.22,0.29,13.4,7,white
6.8,0.29,0.32,1.8,0.032,18.0,130.0,0.99095,3.05,0.62,11.2,6,white
7.4,0.31,0.26,8.6,0.048,47.0,206.0,0.9964,3.26,0.36,9.1,5,white
7.4,0.31,0.26,8.6,0.048,47.0,206.0,0.9964,3.26,0.36,9.1,5,white
5.7,0.25,0.27,11.5,0.04,24.0,120.0,0.99411,3.33,0.31,10.8,6,white
6.8,0.27,0.28,7.8,0.038,26.0,89.0,0.9915,3.24,0.34,12.5,6,white
5.9,0.26,0.24,2.4,0.046,27.0,132.0,0.99234,3.63,0.73,11.3,5,white
5.9,0.65,0.23,5.0,0.035,20.0,128.0,0.99016,3.46,0.48,12.8,6,white
7.4,0.31,0.26,8.6,0.048,47.0,206.0,0.9964,3.26,0.36,9.1,5,white
6.6,0.23,0.32,1.5,0.040999999999999995,8.0,72.0,0.98949,3.22,0.39,12.7,6,white
6.8,0.18,0.35,5.4,0.054000000000000006,53.0,143.0,0.99287,3.1,0.54,11.0,7,white
6.8,0.28,0.29,11.9,0.052000000000000005,51.0,149.0,0.99544,3.02,0.58,10.4,6,white
6.8,0.28,0.29,11.9,0.052000000000000005,51.0,149.0,0.99544,3.02,0.58,10.4,6,white
5.9,0.27,0.27,9.0,0.051,43.0,136.0,0.9941,3.25,0.53,10.7,6,white
6.1,0.25,0.28,10.0,0.055,56.0,131.0,0.9940000000000001,3.22,0.35,10.9,6,white
6.8,0.28,0.29,11.9,0.052000000000000005,51.0,149.0,0.99544,3.02,0.58,10.4,6,white
6.8,0.26,0.29,11.9,0.052000000000000005,54.0,160.0,0.99546,3.03,0.58,10.4,6,white
7.1,0.13,0.29,15.5,0.064,56.0,115.5,0.9973700000000001,3.16,0.41,9.7,7,white
6.8,0.18,0.35,5.4,0.054000000000000006,53.0,143.0,0.99287,3.1,0.54,11.0,7,white
6.2,0.2,0.25,15.0,0.055,8.0,120.0,0.9976700000000001,3.19,0.53,9.6,6,white
5.8,0.24,0.28,1.4,0.038,40.0,76.0,0.98711,3.1,0.29,13.9,7,white
7.6,0.48,0.31,9.4,0.046,6.0,194.0,0.9971399999999999,3.07,0.61,9.4,5,white
7.4,0.26,0.32,3.7,0.032,29.0,193.0,0.99134,3.1,0.67,12.5,6,white
6.2,0.2,0.25,15.0,0.055,8.0,120.0,0.9976700000000001,3.19,0.53,9.6,6,white
6.1,0.3,0.47,1.4,0.049,50.0,187.0,0.9927,3.19,0.45,9.5,5,white
6.2,0.32,0.5,6.5,0.048,61.0,186.0,0.9948,3.19,0.45,9.6,5,white
6.1,0.3,0.47,1.4,0.049,50.0,187.0,0.9927,3.19,0.45,9.5,5,white
6.3,0.34,0.52,6.3,0.047,63.0,186.0,0.9948100000000001,3.18,0.44,9.6,5,white
7.4,0.16,0.3,13.7,0.055999999999999994,33.0,168.0,0.99825,2.9,0.44,8.7,7,white
7.4,0.16,0.3,13.7,0.055999999999999994,33.0,168.0,0.99825,2.9,0.44,8.7,7,white
7.4,0.16,0.3,13.7,0.055999999999999994,33.0,168.0,0.99825,2.9,0.44,8.7,7,white
7.4,0.16,0.3,13.7,0.055999999999999994,33.0,168.0,0.99825,2.9,0.44,8.7,7,white
7.4,0.16,0.3,13.7,0.055999999999999994,33.0,168.0,0.99825,2.9,0.44,8.7,7,white
7.4,0.16,0.3,13.7,0.055999999999999994,33.0,168.0,0.99825,2.9,0.44,8.7,7,white
7.2,0.26,0.38,1.5,0.061,12.0,120.0,0.99192,3.18,0.46,10.4,5,white
7.0,0.31,0.35,1.6,0.063,13.0,119.0,0.9918399999999999,3.22,0.5,10.7,5,white
6.6,0.22,0.35,1.4,0.05,23.0,83.0,0.99019,3.17,0.48,12.0,7,white
5.8,0.23,0.31,3.5,0.044000000000000004,35.0,158.0,0.98998,3.19,0.37,12.1,7,white
6.3,0.17,0.32,1.0,0.04,39.0,118.0,0.9888600000000001,3.31,0.4,13.1,8,white
6.0,0.19,0.26,1.4,0.039,30.0,104.0,0.98998,3.32,0.41,12.4,6,white
6.7,0.21,0.34,1.5,0.035,45.0,123.0,0.98949,3.24,0.36,12.6,7,white
7.4,0.16,0.3,13.7,0.055999999999999994,33.0,168.0,0.99825,2.9,0.44,8.7,7,white
6.6,0.22,0.37,1.6,0.04,31.0,101.0,0.9900899999999999,3.15,0.66,12.0,5,white
6.8,0.34,0.27,5.2,0.06,14.0,169.0,0.9925200000000001,3.27,0.57,11.6,6,white
7.1,0.34,0.86,1.4,0.174,36.0,99.0,0.9928799999999999,2.92,0.5,9.3,5,white
6.3,0.24,0.22,11.9,0.05,65.0,179.0,0.99659,3.06,0.58,9.3,6,white
6.9,0.35,0.39,2.4,0.048,25.0,157.0,0.9913299999999999,3.2,0.54,11.1,7,white
6.8,0.24,0.33,3.2,0.049,68.0,161.0,0.99324,3.1,0.69,10.2,6,white
6.4,0.25,0.33,1.7,0.037000000000000005,35.0,113.0,0.99164,3.23,0.66,10.6,6,white
5.8,0.19,0.33,4.2,0.038,49.0,133.0,0.9910700000000001,3.16,0.42,11.3,7,white
6.9,0.24,0.4,15.4,0.052000000000000005,81.0,198.0,0.9986,3.2,0.69,9.4,5,white
6.5,0.31,0.61,13.0,0.053,31.0,123.0,0.99708,3.09,0.5,9.3,6,white
6.6,0.25,0.32,5.6,0.039,15.0,68.0,0.9916299999999999,2.96,0.52,11.1,6,white
7.5,0.38,0.56,9.7,0.055,15.0,170.0,0.99605,3.13,0.65,9.9,6,white
6.2,0.3,0.3,2.5,0.040999999999999995,29.0,82.0,0.99065,3.31,0.61,11.8,7,white
6.4,0.33,0.28,4.0,0.04,24.0,81.0,0.9903,3.26,0.64,12.6,7,white
6.9,0.24,0.4,15.4,0.052000000000000005,81.0,198.0,0.9986,3.2,0.69,9.4,5,white
7.6,0.27,0.32,1.2,0.043,23.0,72.0,0.99236,3.06,0.68,10.5,5,white
5.9,0.24,0.34,2.0,0.037000000000000005,40.0,108.0,0.9894799999999999,3.19,0.5,12.3,6,white
5.3,0.33,0.3,1.2,0.048,25.0,119.0,0.99045,3.32,0.62,11.3,6,white
6.4,0.21,0.21,5.1,0.09699999999999999,21.0,105.0,0.9939,3.07,0.46,9.6,5,white
7.0,0.22,0.3,1.4,0.04,14.0,63.0,0.98985,3.2,0.33,12.0,6,white
7.8,0.27,0.35,1.2,0.05,36.0,140.0,0.9913799999999999,3.09,0.45,11.2,5,white
6.7,0.2,0.24,6.5,0.044000000000000004,28.0,100.0,0.9934799999999999,3.12,0.33,10.2,6,white
8.1,0.27,0.33,1.3,0.045,26.0,100.0,0.99066,2.98,0.44,12.4,6,white
6.7,0.2,0.24,6.5,0.044000000000000004,28.0,100.0,0.9934799999999999,3.12,0.33,10.2,6,white
7.1,0.45,0.24,2.7,0.04,24.0,87.0,0.98862,2.94,0.38,13.4,8,white
5.8,0.22,0.29,1.3,0.036000000000000004,25.0,68.0,0.98865,3.24,0.35,12.6,6,white
6.3,0.3,0.48,7.4,0.053,34.0,149.0,0.99472,3.18,0.53,9.8,5,white
7.9,0.36,0.53,12.9,0.049,63.0,139.0,0.99792,2.94,0.45,9.1,5,white
8.1,0.27,0.33,1.3,0.045,26.0,100.0,0.99066,2.98,0.44,12.4,6,white
8.0,0.24,0.33,1.2,0.044000000000000004,28.0,101.0,0.99035,3.03,0.43,12.5,6,white
6.7,0.41,0.27,2.6,0.033,25.0,85.0,0.9908600000000001,3.05,0.34,11.7,6,white
6.7,0.24,0.31,2.3,0.044000000000000004,37.0,113.0,0.99013,3.29,0.46,12.9,6,white
6.2,0.3,0.32,1.3,0.054000000000000006,27.0,183.0,0.99266,3.3,0.43,10.1,5,white
6.9,0.26,0.38,10.5,0.044000000000000004,33.0,139.0,0.9951700000000001,3.06,0.5,10.3,6,white
6.7,0.41,0.27,2.6,0.033,25.0,85.0,0.9908600000000001,3.05,0.34,11.7,6,white
5.9,0.32,0.2,14.4,0.05,29.0,144.0,0.99666,3.24,0.41,10.3,6,white
6.1,0.25,0.3,1.2,0.036000000000000004,42.0,107.0,0.991,3.34,0.56,10.8,7,white
5.6,0.23,0.29,3.1,0.023,19.0,89.0,0.9906799999999999,3.25,0.51,11.2,6,white
6.6,0.23,0.32,1.7,0.024,26.0,102.0,0.9908399999999999,3.29,0.6,11.8,6,white
6.0,0.17,0.21,6.0,0.05,26.0,134.0,0.9939,3.08,0.54,9.8,6,white
7.1,0.38,0.42,11.8,0.040999999999999995,32.0,193.0,0.99624,3.04,0.49,10.0,6,white
6.6,0.31,0.37,6.2,0.052000000000000005,13.0,164.0,0.9960200000000001,3.24,0.39,8.8,4,white
6.5,0.38,0.53,1.4,0.142,5.0,69.0,0.9926,3.14,0.52,10.1,4,white
7.0,0.44,0.24,12.1,0.055999999999999994,68.0,210.0,0.99718,3.05,0.5,9.5,5,white
7.0,0.44,0.24,12.1,0.055999999999999994,68.0,210.0,0.99718,3.05,0.5,9.5,5,white
7.0,0.44,0.24,12.1,0.055999999999999994,68.0,210.0,0.99718,3.05,0.5,9.5,5,white
6.1,0.38,0.14,3.9,0.06,27.0,113.0,0.99344,3.07,0.34,9.2,4,white
8.0,0.33,0.32,4.6,0.040999999999999995,31.0,180.0,0.9918399999999999,2.92,0.74,12.2,6,white
7.0,0.44,0.24,12.1,0.055999999999999994,68.0,210.0,0.99718,3.05,0.5,9.5,5,white
6.0,0.19,0.29,1.2,0.046,29.0,92.0,0.9903299999999999,3.22,0.53,11.3,6,white
6.3,0.28,0.34,8.1,0.038,44.0,129.0,0.9924799999999999,3.26,0.29,12.1,6,white
6.1,0.38,0.14,3.9,0.06,27.0,113.0,0.99344,3.07,0.34,9.2,4,white
5.3,0.43,0.11,1.1,0.028999999999999998,6.0,51.0,0.9907600000000001,3.51,0.48,11.2,4,white
5.4,0.22,0.35,6.5,0.028999999999999998,26.0,87.0,0.99092,3.29,0.44,12.5,7,white
6.2,0.345,0.27,10.1,0.055999999999999994,38.0,187.0,0.9948600000000001,3.31,0.56,10.6,5,white
5.6,0.255,0.57,10.7,0.055999999999999994,66.0,171.0,0.99464,3.25,0.61,10.4,7,white
5.2,0.2,0.27,3.2,0.047,16.0,93.0,0.99235,3.44,0.53,10.1,7,white
6.2,0.29,0.23,12.4,0.048,33.0,201.0,0.9961200000000001,3.11,0.56,9.9,6,white
6.3,0.26,0.25,5.2,0.046,11.0,133.0,0.9920200000000001,2.97,0.68,11.0,6,white
6.0,0.22,0.23,5.0,0.045,10.0,122.0,0.99261,2.94,0.63,10.0,6,white
7.5,0.35,0.37,2.5,0.066,29.0,89.0,0.98964,3.14,0.42,12.7,6,white
6.6,0.39,0.28,9.2,0.036000000000000004,10.0,92.0,0.99206,3.07,0.35,12.1,6,white
6.3,0.23,0.33,6.9,0.052000000000000005,23.0,118.0,0.9938,3.23,0.46,10.4,6,white
6.3,0.22,0.3,2.0,0.05,23.0,120.0,0.9920399999999999,3.24,0.47,10.4,6,white
6.4,0.29,0.18,15.0,0.04,21.0,116.0,0.99736,3.14,0.5,9.2,5,white
6.4,0.29,0.18,15.0,0.04,21.0,116.0,0.99736,3.14,0.5,9.2,5,white
7.5,0.23,0.3,1.2,0.03,27.0,80.0,0.99192,3.05,0.68,10.5,5,white
6.4,0.29,0.18,15.0,0.04,21.0,116.0,0.99736,3.14,0.5,9.2,5,white
5.7,0.28,0.36,1.8,0.040999999999999995,38.0,90.0,0.9900200000000001,3.27,0.98,11.9,7,white
6.5,0.26,0.24,10.8,0.042,47.0,130.0,0.996,3.08,0.4,10.1,6,white
6.4,0.27,0.29,3.9,0.034,62.0,140.0,0.9923700000000001,3.1,0.59,11.1,6,white
5.9,0.22,0.29,4.2,0.037000000000000005,69.0,144.0,0.9921399999999999,3.13,0.74,10.8,7,white
6.8,0.26,0.26,2.0,0.019,23.5,72.0,0.99041,3.16,0.47,11.8,6,white
7.6,0.36,0.48,13.5,0.038,44.0,116.0,0.9982,3.04,0.48,9.2,5,white
7.6,0.35,0.47,13.3,0.037000000000000005,42.0,116.0,0.9982200000000001,3.04,0.5,9.2,5,white
5.7,0.18,0.26,2.2,0.023,21.0,95.0,0.9893,3.07,0.54,12.3,6,white
6.6,0.36,0.47,1.4,0.145,26.0,124.0,0.99274,3.09,0.56,10.1,6,white
5.9,0.14,0.2,1.6,0.04,26.0,114.0,0.99105,3.25,0.45,11.4,6,white
5.5,0.23,0.19,2.2,0.044000000000000004,39.0,161.0,0.9920899999999999,3.19,0.43,10.4,6,white
6.7,0.11,0.26,14.8,0.053,44.0,95.0,0.9967600000000001,3.2,0.35,9.8,6,white
7.0,0.24,0.24,1.8,0.047,29.0,91.0,0.99251,3.3,0.43,9.9,6,white
6.7,0.11,0.26,14.8,0.053,44.0,95.0,0.9967600000000001,3.2,0.35,9.8,6,white
5.3,0.47,0.1,1.3,0.036000000000000004,11.0,74.0,0.99082,3.48,0.54,11.2,4,white
7.5,0.29,0.24,9.9,0.057999999999999996,25.0,115.0,0.99567,3.15,0.46,10.9,5,white
6.0,0.33,0.26,5.1,0.051,16.0,119.0,0.99416,3.15,0.41,9.2,5,white
6.0,0.33,0.26,5.1,0.051,16.0,119.0,0.99416,3.15,0.41,9.2,5,white
5.8,0.32,0.23,1.5,0.033,39.0,121.0,0.9887,2.96,0.35,12.0,5,white
5.8,0.3,0.23,1.5,0.034,37.0,121.0,0.9887100000000001,2.96,0.34,12.1,6,white
3.8,0.31,0.02,11.1,0.036000000000000004,20.0,114.0,0.9924799999999999,3.75,0.44,12.4,6,white
6.2,0.36,0.22,5.25,0.038,44.0,145.0,0.9918399999999999,3.22,0.4,11.2,6,white
6.0,0.31,0.27,2.3,0.042,19.0,120.0,0.9895200000000001,3.32,0.41,12.7,7,white
6.9,0.52,0.54,7.9,0.036000000000000004,23.0,169.0,0.99267,3.26,0.47,12.2,6,white
7.0,0.55,0.05,8.0,0.036000000000000004,19.0,164.0,0.99269,3.26,0.46,12.2,6,white
5.8,0.2,0.16,1.4,0.042,44.0,99.0,0.9891200000000001,3.23,0.37,12.2,6,white
6.2,0.36,0.22,5.25,0.038,44.0,145.0,0.9918399999999999,3.22,0.4,11.2,6,white
6.0,0.31,0.27,2.3,0.042,19.0,120.0,0.9895200000000001,3.32,0.41,12.7,7,white
6.0,0.29,0.27,2.3,0.044000000000000004,20.0,117.0,0.9895,3.31,0.41,12.7,7,white
5.7,0.22,0.29,3.5,0.04,27.0,146.0,0.9899899999999999,3.17,0.36,12.1,6,white
7.1,0.46,0.23,13.7,0.045,44.0,192.0,0.9981,3.11,0.53,9.4,5,white
6.6,0.21,0.3,9.9,0.040999999999999995,64.0,174.0,0.995,3.07,0.5,10.1,6,white
6.9,0.42,0.2,15.4,0.043,57.0,201.0,0.9984799999999999,3.08,0.54,9.4,5,white
5.7,0.22,0.2,16.0,0.044000000000000004,41.0,113.0,0.9986200000000001,3.22,0.46,8.9,6,white
5.7,0.22,0.2,16.0,0.044000000000000004,41.0,113.0,0.9986200000000001,3.22,0.46,8.9,6,white
5.7,0.22,0.2,16.0,0.044000000000000004,41.0,113.0,0.9986200000000001,3.22,0.46,8.9,6,white
5.7,0.22,0.2,16.0,0.044000000000000004,41.0,113.0,0.9986200000000001,3.22,0.46,8.9,6,white
5.2,0.31,0.2,2.4,0.027000000000000003,27.0,117.0,0.9888600000000001,3.56,0.45,13.0,7,white
7.2,0.22,0.35,5.5,0.054000000000000006,37.0,183.0,0.99474,3.08,0.5,10.3,5,white
5.6,0.18,0.29,2.3,0.04,5.0,47.0,0.99126,3.07,0.45,10.1,4,white
6.2,0.24,0.27,16.8,0.04,48.0,129.0,0.9969100000000001,3.23,0.38,10.5,6,white
5.7,0.22,0.2,16.0,0.044000000000000004,41.0,113.0,0.9986200000000001,3.22,0.46,8.9,6,white
5.7,0.26,0.24,17.8,0.059000000000000004,23.0,124.0,0.9977299999999999,3.3,0.5,10.1,5,white
5.7,0.26,0.24,17.8,0.059000000000000004,23.0,124.0,0.9977299999999999,3.3,0.5,10.1,5,white
6.0,0.2,0.26,6.8,0.049,22.0,93.0,0.9928,3.15,0.42,11.0,6,white
6.0,0.2,0.26,6.8,0.049,22.0,93.0,0.9928,3.15,0.42,11.0,6,white
6.0,0.2,0.26,6.8,0.049,22.0,93.0,0.9928,3.15,0.42,11.0,6,white
6.0,0.2,0.26,6.8,0.049,22.0,93.0,0.9928,3.15,0.42,11.0,6,white
7.6,0.28,0.17,1.6,0.046,28.0,117.0,0.9928799999999999,3.08,0.43,10.0,5,white
7.0,0.2,0.33,4.7,0.03,25.0,76.0,0.9920200000000001,2.88,0.54,10.5,6,white
6.6,0.26,0.27,11.8,0.048,28.0,112.0,0.9960600000000001,2.87,0.49,9.7,6,white
5.7,0.26,0.24,17.8,0.059000000000000004,23.0,124.0,0.9977299999999999,3.3,0.5,10.1,5,white
7.2,0.21,0.36,15.7,0.045,68.0,183.0,0.9992200000000001,3.25,0.76,9.4,5,white
6.9,0.22,0.32,5.8,0.040999999999999995,20.0,119.0,0.9929600000000001,3.17,0.55,11.2,6,white
7.2,0.21,0.36,15.7,0.045,68.0,183.0,0.9992200000000001,3.25,0.76,9.4,5,white
7.4,0.22,0.28,9.0,0.046,22.0,121.0,0.9946799999999999,3.1,0.55,10.8,5,white
7.2,0.21,0.36,15.7,0.045,68.0,183.0,0.9992200000000001,3.25,0.76,9.4,5,white
6.9,0.22,0.32,5.8,0.040999999999999995,20.0,119.0,0.9929600000000001,3.17,0.55,11.2,6,white
7.0,0.2,0.35,8.8,0.037000000000000005,31.0,103.0,0.9938799999999999,3.13,0.49,11.0,6,white
5.6,0.26,0.0,10.2,0.038,13.0,111.0,0.99315,3.44,0.46,12.4,6,white
6.3,0.28,0.3,6.6,0.20800000000000002,60.0,154.0,0.9947799999999999,3.1,0.4,9.4,6,white
6.4,0.29,0.3,6.5,0.209,62.0,156.0,0.9947799999999999,3.1,0.4,9.4,5,white
7.2,0.34,0.23,8.9,0.105,22.0,155.0,0.99692,3.01,0.58,9.5,5,white
7.1,0.39,0.39,11.1,0.034,25.0,204.0,0.99616,3.05,0.52,10.0,6,white
6.9,0.26,0.29,4.2,0.043,33.0,114.0,0.9902,3.16,0.31,12.5,6,white
6.1,0.24,0.25,1.6,0.044000000000000004,24.0,115.0,0.9921,3.39,0.59,10.9,6,white
5.9,0.25,0.24,7.4,0.044000000000000004,21.0,113.0,0.9946200000000001,3.38,0.58,10.5,6,white
6.1,0.24,0.27,11.5,0.05,51.0,133.0,0.9947600000000001,3.22,0.37,10.8,6,white
6.5,0.22,0.27,1.6,0.039,36.0,116.0,0.9917799999999999,3.38,0.57,11.0,7,white
6.2,0.26,0.29,2.0,0.036000000000000004,16.0,87.0,0.9908100000000001,3.33,0.61,11.8,6,white
6.6,0.34,0.25,4.8,0.038,16.0,121.0,0.99198,3.36,0.71,12.6,6,white
5.6,0.225,0.24,9.8,0.054000000000000006,59.0,140.0,0.99545,3.17,0.39,10.2,6,white
7.1,0.23,0.28,1.9,0.046,33.0,103.0,0.9899700000000001,3.12,0.31,12.0,5,white
6.9,0.26,0.29,4.2,0.043,33.0,114.0,0.9902,3.16,0.31,12.5,6,white
6.4,0.27,0.3,1.6,0.04,19.0,86.0,0.9908899999999999,3.32,0.65,11.5,6,white
6.3,0.41,0.22,7.3,0.035,23.0,117.0,0.99172,3.2,0.39,11.94,7,white
6.7,0.41,0.24,5.4,0.035,33.0,115.0,0.9901,3.12,0.44,12.8933333333333,7,white
7.2,0.585,0.2,10.4,0.086,17.0,94.0,0.9968100000000001,3.13,0.4,9.4,5,white
6.7,0.34,0.26,1.9,0.038,58.0,138.0,0.9893,3.0,0.47,12.2,7,white
6.3,0.41,0.22,7.3,0.035,23.0,117.0,0.99172,3.2,0.39,11.94,7,white
6.7,0.41,0.24,5.4,0.035,33.0,115.0,0.9901,3.12,0.44,12.8933333333333,7,white
6.4,0.26,0.35,7.7,0.055999999999999994,45.0,191.0,0.9952700000000001,3.16,0.5,9.5,5,white
6.3,0.28,0.22,11.5,0.036000000000000004,27.0,150.0,0.99445,3.0,0.33,10.6,6,white
7.4,0.16,0.33,1.2,0.042,47.0,121.0,0.99198,3.04,0.68,10.5,7,white
8.4,0.27,0.3,2.2,0.037000000000000005,36.0,129.0,0.99085,2.89,0.3,11.466666666666699,6,white
5.9,0.2,0.28,1.0,0.043,45.0,100.0,0.9903299999999999,3.4,0.41,11.4,6,white
6.4,0.24,0.26,8.2,0.054000000000000006,47.0,182.0,0.9953799999999999,3.12,0.5,9.5,5,white
7.4,0.38,0.34,8.3,0.052000000000000005,44.0,168.0,0.9962700000000001,3.11,0.52,9.2,5,white
6.4,0.24,0.26,8.2,0.054000000000000006,47.0,182.0,0.9953799999999999,3.12,0.5,9.5,5,white
6.4,0.42,0.19,9.3,0.043,28.0,145.0,0.9943299999999999,3.23,0.53,10.98,5,white
6.4,0.23,0.26,8.1,0.054000000000000006,47.0,181.0,0.9954,3.12,0.49,9.4,5,white
6.4,0.24,0.26,8.2,0.054000000000000006,47.0,182.0,0.9953799999999999,3.12,0.5,9.5,5,white
7.4,0.38,0.34,8.3,0.052000000000000005,44.0,168.0,0.9962700000000001,3.11,0.52,9.2,5,white
7.3,0.19,0.27,13.9,0.057,45.0,155.0,0.9980700000000001,2.94,0.41,8.8,8,white
7.3,0.19,0.27,13.9,0.057,45.0,155.0,0.9980700000000001,2.94,0.41,8.8,8,white
7.3,0.19,0.27,13.9,0.057,45.0,155.0,0.9980700000000001,2.94,0.41,8.8,8,white
7.3,0.19,0.27,13.9,0.057,45.0,155.0,0.9980700000000001,2.94,0.41,8.8,8,white
7.3,0.19,0.27,13.9,0.057,45.0,155.0,0.9980700000000001,2.94,0.41,8.8,8,white
7.3,0.19,0.27,13.9,0.057,45.0,155.0,0.9980700000000001,2.94,0.41,8.8,8,white
7.3,0.19,0.27,13.9,0.057,45.0,155.0,0.9980700000000001,2.94,0.41,8.8,8,white
6.8,0.24,0.29,2.0,0.044000000000000004,15.0,96.0,0.9923200000000001,3.23,0.64,10.4,8,white
7.3,0.19,0.27,13.9,0.057,45.0,155.0,0.9980700000000001,2.94,0.41,8.8,8,white
7.4,0.27,0.52,15.7,0.054000000000000006,36.0,139.0,0.9978799999999999,3.04,0.62,10.0333333333333,6,white
5.7,0.28,0.35,1.2,0.052000000000000005,39.0,141.0,0.99108,3.44,0.69,11.3,6,white
5.8,0.22,0.25,1.5,0.024,21.0,109.0,0.99234,3.37,0.58,10.4,6,white
6.7,0.27,0.69,1.2,0.17600000000000002,36.0,106.0,0.9928799999999999,2.96,0.43,9.2,6,white
7.1,0.2,0.35,3.2,0.034,21.0,107.0,0.99195,3.11,0.54,11.1,6,white
6.7,0.27,0.69,1.2,0.17600000000000002,36.0,106.0,0.9928799999999999,2.96,0.43,9.2,6,white
7.1,0.23,0.3,2.6,0.034,62.0,148.0,0.99121,3.03,0.56,11.3,7,white
7.6,0.31,0.52,13.2,0.042,61.0,148.0,0.99839,2.98,0.47,9.1,6,white
7.2,0.34,0.28,10.4,0.10800000000000001,43.0,187.0,0.9973799999999999,2.96,0.57,9.4,5,white
7.0,0.36,0.25,5.7,0.015,14.0,73.0,0.9896299999999999,2.82,0.59,13.2,6,white
6.4,0.31,0.28,2.5,0.039,34.0,137.0,0.98946,3.22,0.38,12.7,6,white
7.3,0.28,0.35,1.6,0.054000000000000006,31.0,148.0,0.9917799999999999,3.18,0.47,10.7,5,white
7.4,0.16,0.3,1.4,0.064,34.0,166.0,0.99136,3.11,0.42,11.433333333333302,6,white
6.4,0.31,0.27,7.4,0.049,48.0,169.0,0.99323,3.27,0.45,11.1,6,white
6.4,0.31,0.28,2.5,0.039,34.0,137.0,0.98946,3.22,0.38,12.7,6,white
6.2,0.29,0.29,5.6,0.046,35.0,178.0,0.99313,3.25,0.51,10.5333333333333,5,white
5.9,0.28,0.34,3.6,0.04,50.0,194.0,0.9912,3.31,0.52,11.6,6,white
6.5,0.23,0.2,7.5,0.05,44.0,179.0,0.9950399999999999,3.18,0.48,9.53333333333333,5,white
7.2,0.34,0.2,5.8,0.062,52.0,203.0,0.99461,3.17,0.44,9.8,6,white
7.3,0.28,0.35,1.6,0.054000000000000006,31.0,148.0,0.9917799999999999,3.18,0.47,10.7,5,white
6.5,0.2,0.33,1.5,0.039,36.0,110.0,0.99008,3.22,0.65,12.0,6,white
6.2,0.24,0.27,2.9,0.039,30.0,123.0,0.98959,3.12,0.37,12.8,6,white
7.1,0.31,0.25,11.2,0.048,32.0,136.0,0.9966299999999999,3.14,0.4,9.5,5,white
6.4,0.29,0.21,9.65,0.040999999999999995,36.0,119.0,0.99334,2.99,0.34,10.933333333333302,6,white
6.3,0.19,0.33,10.1,0.063,63.0,133.0,0.99561,2.86,0.41,9.1,5,white
5.9,0.29,0.28,3.2,0.035,16.0,117.0,0.98959,3.26,0.42,12.6,6,white
7.1,0.31,0.25,11.2,0.048,32.0,136.0,0.9966299999999999,3.14,0.4,9.5,5,white
6.5,0.3,0.28,11.45,0.040999999999999995,29.0,109.0,0.99418,2.98,0.3,10.9,6,white
6.4,0.29,0.21,9.65,0.040999999999999995,36.0,119.0,0.99334,2.99,0.34,10.933333333333302,6,white
6.5,0.22,0.19,4.5,0.096,16.0,115.0,0.9937,3.02,0.44,9.6,5,white
7.0,0.23,0.28,2.7,0.053,16.0,92.0,0.99372,3.18,0.56,9.3,5,white
7.1,0.23,0.23,3.5,0.038,23.0,112.0,0.9915700000000001,3.05,0.37,11.3666666666667,6,white
6.1,0.26,0.28,1.7,0.043,24.0,98.0,0.98918,3.14,0.44,12.5,6,white
6.4,0.35,0.21,2.1,0.051,46.0,171.0,0.9932,3.16,0.5,9.5,5,white
6.0,0.32,0.32,4.8,0.040999999999999995,40.0,186.0,0.99235,3.22,0.54,11.0,6,white
6.1,0.34,0.21,5.0,0.042,17.0,133.0,0.9937299999999999,3.02,0.53,9.4,5,white
6.5,0.13,0.27,2.6,0.035,32.0,76.0,0.9914,3.21,0.76,11.333333333333302,6,white
6.5,0.315,0.2,6.6,0.040999999999999995,9.0,126.0,0.9949399999999999,2.94,0.51,8.8,5,white
6.1,0.34,0.21,5.0,0.042,17.0,133.0,0.9937299999999999,3.02,0.53,9.4,5,white
5.7,0.31,0.29,7.3,0.05,33.0,143.0,0.9933200000000001,3.31,0.5,11.066666666666698,6,white
6.4,0.3,0.27,5.0,0.057999999999999996,27.0,151.0,0.99198,3.22,0.49,12.2,6,white
7.0,0.24,0.26,1.7,0.040999999999999995,31.0,110.0,0.9914200000000001,3.2,0.53,11.0,6,white
6.5,0.13,0.27,2.6,0.035,32.0,76.0,0.9914,3.21,0.76,11.333333333333302,6,white
6.4,0.26,0.21,8.2,0.05,51.0,182.0,0.9954200000000001,3.23,0.48,9.5,5,white
6.4,0.26,0.21,8.2,0.05,51.0,182.0,0.9954200000000001,3.23,0.48,9.5,5,white
6.0,0.27,0.31,5.0,0.043,54.0,170.0,0.9924,3.28,0.52,11.0,6,white
7.1,0.21,0.33,1.2,0.039,34.0,97.0,0.9911200000000001,3.11,0.75,11.2,6,white
6.7,0.26,0.29,7.1,0.036000000000000004,28.0,100.0,0.99534,3.08,0.36,9.3,6,white
6.3,0.28,0.22,9.5,0.04,30.0,111.0,0.9933799999999999,3.05,0.31,10.8,4,white
6.2,0.25,0.44,15.8,0.057,39.0,167.0,0.9980399999999999,3.14,0.51,9.2,5,white
7.3,0.22,0.37,15.5,0.048,70.0,203.0,0.9989899999999999,3.25,0.77,9.4,5,white
6.2,0.25,0.44,15.8,0.057,39.0,167.0,0.9980399999999999,3.14,0.51,9.2,5,white
6.4,0.18,0.28,17.05,0.047,53.0,139.0,0.99724,3.25,0.35,10.5,6,white
6.3,0.2,0.26,12.7,0.046,60.0,143.0,0.99526,3.26,0.35,10.8,6,white
6.6,0.24,0.22,12.3,0.051,35.0,146.0,0.9967600000000001,3.1,0.67,9.4,5,white
7.4,0.27,0.26,11.8,0.053,55.0,173.0,0.9969899999999999,3.11,0.6,9.8,5,white
7.4,0.27,0.26,11.8,0.053,55.0,173.0,0.9969899999999999,3.11,0.6,9.8,5,white
7.4,0.27,0.26,11.8,0.053,55.0,173.0,0.9969899999999999,3.11,0.6,9.8,5,white
6.6,0.24,0.22,12.3,0.051,35.0,146.0,0.9967600000000001,3.1,0.67,9.4,5,white
7.4,0.27,0.26,11.8,0.053,55.0,173.0,0.9969899999999999,3.11,0.6,9.8,5,white
7.1,0.38,0.29,13.6,0.040999999999999995,30.0,137.0,0.99461,3.02,0.96,12.1,6,white
6.8,0.43,0.26,5.2,0.043,40.0,176.0,0.99116,3.17,0.41,12.3,6,white
5.2,0.22,0.46,6.2,0.066,41.0,187.0,0.9936200000000001,3.19,0.42,9.73333333333333,5,white
5.9,0.29,0.16,7.9,0.044000000000000004,48.0,197.0,0.9951200000000001,3.21,0.36,9.4,5,white
5.9,0.29,0.16,7.9,0.044000000000000004,48.0,197.0,0.9951200000000001,3.21,0.36,9.4,5,white
6.3,0.29,0.29,3.3,0.037000000000000005,32.0,140.0,0.9895,3.17,0.36,12.8,7,white
6.3,0.19,0.32,2.8,0.046,18.0,80.0,0.9904299999999999,2.92,0.47,11.05,6,white
5.7,0.29,0.16,7.9,0.044000000000000004,48.0,197.0,0.9951200000000001,3.21,0.36,9.4,5,white
6.3,0.29,0.29,3.3,0.037000000000000005,32.0,140.0,0.9895,3.17,0.36,12.8,7,white
5.7,0.24,0.47,6.3,0.069,35.0,182.0,0.9939100000000001,3.11,0.46,9.73333333333333,5,white
5.8,0.3,0.38,4.9,0.039,22.0,86.0,0.9896299999999999,3.23,0.58,13.1,7,white
7.1,0.27,0.27,10.4,0.040999999999999995,26.0,114.0,0.99335,3.04,0.52,11.5,7,white
5.8,0.3,0.38,4.9,0.039,22.0,86.0,0.9896299999999999,3.23,0.58,13.1,7,white
7.1,0.27,0.27,10.4,0.040999999999999995,26.0,114.0,0.99335,3.04,0.52,11.5,7,white
6.3,0.305,0.22,16.0,0.061,26.0,141.0,0.99824,3.08,0.5,9.1,5,white
5.7,0.24,0.47,6.3,0.069,35.0,182.0,0.9939100000000001,3.11,0.46,9.75,5,white
6.2,0.22,0.28,2.2,0.04,24.0,125.0,0.9917,3.19,0.48,10.5,6,white
6.6,0.22,0.23,17.3,0.047,37.0,118.0,0.9990600000000001,3.08,0.46,8.8,6,white
6.6,0.22,0.23,17.3,0.047,37.0,118.0,0.9990600000000001,3.08,0.46,8.8,6,white
6.6,0.22,0.23,17.3,0.047,37.0,118.0,0.9990600000000001,3.08,0.46,8.8,6,white
6.6,0.22,0.23,17.3,0.047,37.0,118.0,0.9990600000000001,3.08,0.46,8.8,6,white
6.2,0.22,0.28,2.2,0.04,24.0,125.0,0.9917,3.19,0.48,10.5,6,white
6.2,0.22,0.28,2.2,0.04,24.0,125.0,0.9917,3.19,0.48,10.5,6,white
6.6,0.22,0.23,17.3,0.047,37.0,118.0,0.9990600000000001,3.08,0.46,8.8,6,white
6.1,0.22,0.5,6.6,0.045,30.0,122.0,0.99415,3.22,0.49,9.9,6,white
6.2,0.21,0.52,6.5,0.047,28.0,123.0,0.99418,3.22,0.49,9.9,6,white
6.3,0.32,0.26,12.3,0.044000000000000004,24.0,205.0,0.99611,3.11,0.58,9.9,5,white
6.9,0.44,0.27,5.0,0.038,33.0,166.0,0.99124,3.2,0.42,12.2,6,white
6.1,0.31,0.34,2.8,0.042,59.5,162.0,0.99179,3.27,0.47,10.8,6,white
8.1,0.36,0.59,13.6,0.051,60.0,134.0,0.9988600000000001,2.96,0.39,8.7,5,white
6.6,0.38,0.28,2.8,0.043,17.0,67.0,0.98924,3.21,0.47,13.2,6,white
6.7,0.24,0.26,5.4,0.03,15.0,94.0,0.99045,3.15,0.38,12.7,6,white
6.9,0.56,0.26,10.9,0.06,55.0,193.0,0.9969,3.21,0.44,9.4,5,white
7.2,0.24,0.24,1.7,0.045,18.0,161.0,0.9919600000000001,3.25,0.53,11.2,6,white
6.5,0.29,0.3,9.15,0.051,25.0,166.0,0.99339,3.24,0.56,11.333333333333302,6,white
6.7,0.28,0.28,4.5,0.051,14.0,92.0,0.99224,3.36,0.58,11.9,6,white
6.5,0.29,0.3,9.15,0.051,25.0,166.0,0.99339,3.24,0.56,11.35,6,white
6.1,0.21,0.19,1.4,0.046,51.0,131.0,0.9918399999999999,3.22,0.39,10.5,5,white
7.2,0.47,0.16,5.9,0.048,14.0,125.0,0.9942799999999999,3.09,0.49,9.8,5,white
6.7,0.34,0.31,16.4,0.051,20.0,146.0,0.99834,3.06,0.54,9.1,5,white
6.6,0.27,0.25,1.2,0.033,36.0,111.0,0.98918,3.16,0.37,12.4,6,white
6.7,0.34,0.31,16.4,0.051,20.0,146.0,0.99834,3.06,0.54,9.1,5,white
7.2,0.47,0.16,5.9,0.048,14.0,125.0,0.9942799999999999,3.09,0.49,9.8,5,white
5.0,0.35,0.25,7.8,0.031,24.0,116.0,0.99241,3.39,0.4,11.3,6,white
5.0,0.35,0.25,7.8,0.031,24.0,116.0,0.99241,3.39,0.4,11.3,6,white
4.4,0.46,0.1,2.8,0.024,31.0,111.0,0.98816,3.48,0.34,13.1,6,white
6.6,0.38,0.29,2.9,0.035,15.0,101.0,0.98916,3.04,0.37,12.5,6,white
7.3,0.3,0.25,2.5,0.045,32.0,122.0,0.99329,3.18,0.54,10.3,5,white
6.4,0.28,0.22,12.8,0.039,51.0,150.0,0.99535,3.23,0.43,10.7,6,white
6.9,0.29,0.25,12.2,0.04,29.0,136.0,0.9955200000000001,3.05,0.65,10.4,6,white
6.3,0.3,0.19,7.7,0.049,47.0,184.0,0.9951399999999999,3.22,0.48,9.5,5,white
6.3,0.39,0.22,2.8,0.048,53.0,173.0,0.9930399999999999,3.24,0.45,9.8,5,white
6.6,0.38,0.29,2.9,0.035,15.0,101.0,0.98916,3.04,0.37,12.5,6,white
6.6,0.18,0.26,17.3,0.051,17.0,149.0,0.9984,3.0,0.43,9.4,6,white
6.0,0.28,0.29,19.3,0.051,36.0,174.0,0.99911,3.14,0.5,9.0,5,white
6.0,0.28,0.29,19.3,0.051,36.0,174.0,0.99911,3.14,0.5,9.0,5,white
6.0,0.28,0.29,19.3,0.051,36.0,174.0,0.99911,3.14,0.5,9.0,5,white
6.6,0.35,0.26,2.7,0.045,19.0,129.0,0.9895200000000001,3.24,0.48,13.0,7,white
5.9,0.22,0.18,6.4,0.040999999999999995,28.0,120.0,0.99403,3.27,0.5,9.9,5,white
6.6,0.18,0.26,17.3,0.051,17.0,149.0,0.9984,3.0,0.43,9.4,6,white
7.7,0.28,0.24,2.4,0.044000000000000004,29.0,157.0,0.9931200000000001,3.27,0.56,10.6,6,white
7.1,0.42,0.2,2.8,0.038,28.0,109.0,0.9896799999999999,3.23,0.47,13.4,6,white
6.7,0.32,0.32,1.7,0.031,31.0,114.0,0.98946,3.12,0.35,12.5,6,white
6.6,0.26,0.56,15.4,0.053,32.0,141.0,0.9981,3.11,0.49,9.3,5,white
6.6,0.26,0.56,15.4,0.053,32.0,141.0,0.9981,3.11,0.49,9.3,5,white
6.2,0.32,0.24,4.1,0.051,34.0,149.0,0.99306,3.36,0.52,11.0,5,white
6.3,0.25,0.27,6.6,0.054000000000000006,40.0,158.0,0.9937799999999999,3.2,0.48,10.3,5,white
6.2,0.21,0.24,1.2,0.051,31.0,95.0,0.99036,3.24,0.57,11.3,6,white
6.4,0.23,0.27,2.1,0.042,35.0,100.0,0.9909399999999999,3.03,0.63,10.9,6,white
4.7,0.145,0.29,1.0,0.042,35.0,90.0,0.9908,3.76,0.49,11.3,6,white
6.2,0.2,0.28,1.1,0.039,24.0,78.0,0.9899,3.36,0.47,12.1,6,white
7.0,0.28,0.28,1.4,0.039,12.0,83.0,0.9917299999999999,3.18,0.65,11.1,5,white
7.1,0.36,0.2,1.6,0.271,24.0,140.0,0.99356,3.11,0.63,9.8,5,white
5.7,0.25,0.22,9.8,0.049,50.0,125.0,0.99571,3.2,0.45,10.1,6,white
5.7,0.22,0.33,1.9,0.036000000000000004,37.0,110.0,0.98945,3.26,0.58,12.4,6,white
6.0,0.2,0.38,1.3,0.034,37.0,104.0,0.98865,3.11,0.52,12.7,6,white
6.4,0.32,0.26,7.9,0.05,53.0,180.0,0.9951399999999999,3.14,0.5,9.6,5,white
6.4,0.32,0.26,7.9,0.05,53.0,180.0,0.9951399999999999,3.14,0.5,9.6,5,white
6.0,0.555,0.26,4.5,0.053,17.0,126.0,0.9943,3.24,0.46,9.1,5,white
5.9,0.22,0.45,22.6,0.12,55.0,122.0,0.99636,3.1,0.35,12.8,5,white
6.4,0.32,0.26,7.9,0.05,53.0,180.0,0.9951399999999999,3.14,0.5,9.6,5,white
6.2,0.3,0.33,3.5,0.037000000000000005,37.0,155.0,0.98987,3.18,0.37,12.4,6,white
5.8,0.28,0.18,1.2,0.057999999999999996,7.0,108.0,0.9928799999999999,3.23,0.58,9.55,4,white
5.8,0.555,0.26,4.5,0.053,17.0,126.0,0.9943,3.24,0.46,9.1,5,white
6.7,0.31,0.33,2.0,0.033,12.0,74.0,0.99064,3.29,0.65,12.5,6,white
6.4,0.15,0.25,7.8,0.05,13.0,68.0,0.9939399999999999,3.16,0.4,9.9,6,white
6.4,0.13,0.28,0.9,0.045,32.0,87.0,0.99175,3.47,0.52,11.2,6,white
6.7,0.48,0.49,2.9,0.03,28.0,122.0,0.98926,3.13,0.4,13.0,6,white
6.7,0.48,0.49,2.9,0.03,28.0,122.0,0.98926,3.13,0.4,13.0,6,white
5.8,0.3,0.33,3.5,0.033,25.0,116.0,0.9905700000000001,3.2,0.44,11.7,6,white
6.1,0.28,0.23,4.2,0.038,13.0,95.0,0.98898,2.97,0.7,13.1,6,white
6.0,0.19,0.37,9.7,0.032,17.0,50.0,0.9932,3.08,0.66,12.0,6,white
6.8,0.31,0.25,10.5,0.043,30.0,165.0,0.9972,3.36,0.55,10.55,6,white
7.5,0.24,0.29,1.1,0.046,34.0,84.0,0.9902,3.04,0.39,11.45,6,white
6.8,0.23,0.39,16.1,0.053,71.0,194.0,0.9988,3.18,0.64,10.2,6,white
7.5,0.24,0.29,1.1,0.046,34.0,84.0,0.9902,3.04,0.39,11.45,6,white
6.3,0.29,0.3,8.1,0.212,60.0,150.0,0.9958,3.1,0.4,9.3,5,white
6.8,0.2,0.25,6.2,0.052000000000000005,22.0,106.0,0.9935,3.09,0.54,10.8,5,white
5.2,0.38,0.26,7.7,0.053,20.0,103.0,0.9925,3.27,0.45,12.2,6,white
7.8,0.27,0.33,2.4,0.053,36.0,175.0,0.992,3.2,0.55,11.0,6,white
6.6,0.54,0.21,16.3,0.055,41.0,182.0,0.9986,3.35,0.54,10.4,6,white
7.1,0.25,0.31,2.3,0.05,32.0,156.0,0.9914,3.14,0.51,11.4,6,white
5.8,0.61,0.01,8.4,0.040999999999999995,31.0,104.0,0.9909,3.26,0.72,14.05,7,white
6.5,0.32,0.23,8.5,0.051,20.0,138.0,0.9943,3.03,0.42,10.7,5,white
6.4,0.28,0.23,6.0,0.051,50.0,162.0,0.9940000000000001,3.15,0.52,10.2,5,white
6.6,0.19,0.28,1.1,0.044000000000000004,38.0,100.0,0.9904,3.22,0.69,11.2,6,white
5.1,0.305,0.13,1.75,0.036000000000000004,17.0,73.0,0.99,3.4,0.51,12.333333333333302,5,white
5.8,0.26,0.3,2.6,0.034,75.0,129.0,0.9902,3.2,0.38,11.5,4,white
6.7,0.23,0.17,1.3,0.061,14.0,100.0,0.9925,3.07,0.55,9.5,5,white
6.8,0.33,0.3,2.1,0.047,35.0,147.0,0.9886,3.24,0.56,13.4,6,white
6.1,0.27,0.32,1.1,0.034,24.0,110.0,0.9898,3.36,0.4,12.5,6,white
6.1,0.27,0.32,1.1,0.034,24.0,110.0,0.9898,3.36,0.4,12.5,6,white
6.8,0.4,0.29,2.8,0.044000000000000004,27.0,97.0,0.9904,3.12,0.42,11.2,6,white
6.1,0.4,0.18,9.0,0.051,28.5,259.0,0.9964,3.19,0.5,8.8,5,white
7.1,0.28,0.26,2.8,0.039,50.0,118.0,0.9908,3.06,0.59,11.2,6,white
6.2,0.32,0.32,2.2,0.036000000000000004,15.0,70.0,0.9899,3.16,0.48,12.7,6,white
6.8,0.17,0.17,5.1,0.049,26.0,82.0,0.993,3.0,0.38,9.8,6,white
9.0,0.2,0.33,3.5,0.049,10.0,40.0,0.9944,3.14,0.36,9.8,6,white
5.8,0.13,0.22,12.7,0.057999999999999996,24.0,183.0,0.9956,3.32,0.42,11.7,6,white
5.8,0.31,0.31,7.5,0.052000000000000005,55.0,230.0,0.9949,3.19,0.46,9.8,5,white
6.3,0.36,0.2,2.0,0.048,48.0,191.0,0.9929,3.17,0.51,9.6,5,white
9.0,0.2,0.33,3.5,0.049,10.0,40.0,0.9944,3.14,0.36,9.8,6,white
6.7,0.18,0.25,14.3,0.048,79.0,149.0,0.9975,3.12,0.37,9.7,5,white
6.6,0.16,0.25,9.8,0.049,59.5,137.0,0.995,3.16,0.38,10.0,6,white
5.8,0.13,0.22,12.7,0.057999999999999996,24.0,183.0,0.9956,3.32,0.42,11.7,6,white
5.8,0.27,0.22,12.7,0.057999999999999996,42.0,206.0,0.9946,3.32,0.38,12.3,6,white
6.8,0.17,0.17,5.1,0.049,26.0,82.0,0.993,3.0,0.38,9.8,6,white
6.4,0.37,0.19,3.5,0.068,18.0,101.0,0.9934,3.03,0.38,9.0,6,white
7.3,0.26,0.53,12.7,0.047,60.5,164.5,0.9984,3.06,0.45,9.1,6,white
7.3,0.28,0.54,12.9,0.049,62.0,162.5,0.9984,3.06,0.45,9.1,6,white
7.3,0.28,0.54,12.9,0.049,62.0,162.5,0.9984,3.06,0.45,9.1,6,white
5.8,0.12,0.21,1.3,0.055999999999999994,35.0,121.0,0.9908,3.32,0.33,11.4,6,white
6.1,0.25,0.18,10.5,0.049,41.0,124.0,0.9963,3.14,0.35,10.5,5,white
6.4,0.24,0.27,1.5,0.04,35.0,105.0,0.9891399999999999,3.13,0.3,12.4,6,white
7.3,0.26,0.53,12.7,0.047,60.5,156.0,0.9984,3.06,0.45,9.1,6,white
7.3,0.28,0.54,12.9,0.049,62.0,152.0,0.9984,3.06,0.45,9.1,6,white
8.3,0.18,0.37,1.2,0.049,6.0,94.0,0.9937,3.18,0.52,10.1,5,white
7.1,0.09,0.3,6.2,0.032,24.0,134.0,0.993,2.99,0.39,10.9,6,white
8.3,0.14,0.36,8.8,0.026000000000000002,13.0,60.0,0.9956,3.13,0.35,11.05,5,white
5.8,0.28,0.3,3.9,0.026000000000000002,36.0,105.0,0.9896299999999999,3.26,0.58,12.75,6,white
6.0,0.23,0.34,1.3,0.025,23.0,111.0,0.98961,3.36,0.37,12.7,6,white
6.9,0.28,0.37,9.1,0.037000000000000005,16.0,76.0,0.9948,3.05,0.54,11.1,5,white
6.9,0.28,0.37,9.1,0.037000000000000005,16.0,76.0,0.9948,3.05,0.54,11.1,5,white
5.8,0.28,0.3,3.9,0.026000000000000002,36.0,105.0,0.9896299999999999,3.26,0.58,12.75,6,white
6.3,0.25,0.53,1.8,0.021,41.0,101.0,0.9893149999999999,3.19,0.31,13.0,6,white
6.5,0.2,0.31,2.1,0.033,32.0,95.0,0.9894350000000001,2.96,0.61,12.0,6,white
5.9,0.29,0.32,1.4,0.022000000000000002,17.0,47.0,0.9899,3.35,0.35,11.5,6,white
6.4,0.46,0.22,14.7,0.047,51.0,183.0,0.998275,3.39,0.6,10.5,5,white
6.9,0.28,0.37,9.1,0.037000000000000005,16.0,76.0,0.9948,3.05,0.54,11.1,5,white
6.8,0.23,0.33,1.9,0.047,20.0,101.0,0.9914,3.1,0.46,11.1,6,white
7.0,0.23,0.32,1.8,0.048,25.0,113.0,0.9915,3.11,0.47,11.1,6,white
6.4,0.55,0.26,9.6,0.027000000000000003,20.0,104.0,0.9924,3.22,0.73,13.1,6,white
5.7,0.28,0.3,3.9,0.026000000000000002,36.0,105.0,0.9896299999999999,3.26,0.58,12.75,6,white
6.0,0.23,0.34,1.3,0.025,23.0,111.0,0.98961,3.36,0.37,12.7,6,white
6.8,0.45,0.3,11.8,0.094,23.0,97.0,0.997,3.09,0.44,9.6,5,white
6.1,0.2,0.4,1.9,0.027999999999999997,32.0,138.0,0.9914,3.26,0.72,11.7,5,white
6.1,0.37,0.46,12.0,0.042,61.0,210.0,0.997,3.17,0.59,9.7,6,white
5.9,0.21,0.23,7.9,0.033,22.0,130.0,0.9944,3.38,0.59,10.9,6,white
6.9,0.22,0.32,9.3,0.04,22.0,110.0,0.9958,3.34,0.54,10.7,7,white
5.4,0.27,0.22,4.6,0.022000000000000002,29.0,107.0,0.9888899999999999,3.33,0.54,13.8,6,white
6.0,0.26,0.26,2.2,0.035,10.0,72.0,0.9894649999999999,3.11,0.48,12.15,6,white
5.6,0.18,0.3,10.2,0.027999999999999997,28.0,131.0,0.9954,3.49,0.42,10.8,7,white
5.6,0.26,0.27,10.6,0.03,27.0,119.0,0.9947,3.4,0.34,10.7,7,white
7.0,0.23,0.35,1.4,0.036000000000000004,31.0,113.0,0.9912,3.16,0.48,10.8,7,white
5.8,0.28,0.66,9.1,0.039,26.0,159.0,0.9965,3.66,0.55,10.8,5,white
8.6,0.36,0.26,11.1,0.03,43.5,171.0,0.9948,3.03,0.49,12.0,5,white
5.8,0.28,0.66,9.1,0.039,26.0,159.0,0.9965,3.66,0.55,10.8,5,white
6.4,0.3,0.27,4.4,0.055,17.0,135.0,0.9925,3.23,0.44,12.2,6,white
6.2,0.2,0.32,2.8,0.05,17.0,126.0,0.9936,3.18,0.55,9.4,6,white
5.8,0.29,0.15,1.1,0.028999999999999998,12.0,83.0,0.9898,3.3,0.4,11.4,6,white
5.7,0.22,0.28,1.3,0.027000000000000003,26.0,101.0,0.9894799999999999,3.35,0.38,12.5,7,white
5.6,0.22,0.32,1.2,0.024,29.0,97.0,0.9882299999999999,3.2,0.46,13.05,7,white
6.8,0.32,0.23,3.3,0.026000000000000002,31.0,99.0,0.9896,3.1,0.4,12.4,6,white
6.2,0.2,0.26,9.7,0.03,39.0,102.0,0.9908,3.08,0.56,12.9,7,white
6.1,0.35,0.24,2.3,0.034,25.0,133.0,0.9906,3.34,0.59,12.0,7,white
5.9,0.3,0.29,1.1,0.036000000000000004,23.0,56.0,0.9904,3.19,0.38,11.3,5,white
6.3,0.15,0.34,11.4,0.05,25.0,96.0,0.99754,3.21,0.49,10.0,6,white
4.8,0.13,0.32,1.2,0.042,40.0,98.0,0.9898,3.42,0.64,11.8,7,white
6.0,0.2,0.26,14.7,0.045,53.0,125.0,0.998365,2.99,0.69,9.4,6,white
5.7,0.2,0.24,13.8,0.047,44.0,112.0,0.9983700000000001,2.97,0.66,8.8,6,white
6.0,0.27,0.26,1.3,0.038,32.0,138.0,0.99125,3.46,0.43,11.1,6,white
6.3,0.37,0.51,6.3,0.048,35.0,146.0,0.9943,3.1,1.01,10.5,6,white
6.4,0.23,0.37,7.9,0.05,60.0,150.0,0.9948799999999999,2.86,0.49,9.3,6,white
5.9,0.34,0.25,2.0,0.042,12.0,110.0,0.99034,3.02,0.54,11.4,6,white
5.0,0.33,0.23,11.8,0.03,23.0,158.0,0.9932200000000001,3.41,0.64,11.8,6,white
5.4,0.29,0.38,1.2,0.028999999999999998,31.0,132.0,0.98895,3.28,0.36,12.4,6,white
8.0,0.33,0.35,10.0,0.035,22.0,108.0,0.9945700000000001,3.12,0.36,11.6,6,white
6.4,0.3,0.33,5.2,0.05,30.0,137.0,0.9930399999999999,3.26,0.58,11.1,5,white
5.4,0.29,0.38,1.2,0.028999999999999998,31.0,132.0,0.98895,3.28,0.36,12.4,6,white
6.4,0.33,0.3,7.2,0.040999999999999995,42.0,168.0,0.99331,3.22,0.49,11.1,6,white
7.0,0.33,0.78,9.9,0.042,21.0,251.0,0.99435,3.01,0.55,11.0,6,white
6.7,0.45,0.3,5.3,0.036000000000000004,27.0,165.0,0.9912200000000001,3.12,0.46,12.2,6,white
6.5,0.36,0.31,13.55,0.053,20.0,113.0,0.99544,3.2,0.56,11.0,6,white
5.8,0.42,0.3,2.2,0.035,26.0,129.0,0.9890000000000001,3.32,0.47,12.9,6,white
7.1,0.39,0.3,9.9,0.037000000000000005,29.0,124.0,0.9941399999999999,3.07,0.42,10.9,6,white
6.7,0.53,0.29,4.3,0.069,20.0,114.0,0.9901399999999999,3.22,0.59,13.4,6,white
6.7,0.66,0.0,13.0,0.033,32.0,75.0,0.99551,3.15,0.5,10.7,6,white
6.5,0.36,0.31,13.55,0.053,20.0,113.0,0.99544,3.2,0.56,11.0,6,white
6.5,0.16,0.33,1.0,0.027000000000000003,23.0,75.0,0.9908,3.3,0.39,11.4,7,white
8.3,0.22,0.34,1.1,0.043,20.0,116.0,0.9927,3.0,0.47,10.2,6,white
6.9,0.23,0.35,6.9,0.03,45.0,116.0,0.99244,2.8,0.54,11.0,6,white
6.4,0.17,0.34,13.4,0.044000000000000004,45.0,139.0,0.9975200000000001,3.06,0.43,9.1,6,white
5.0,0.33,0.18,4.6,0.032,40.0,124.0,0.9911399999999999,3.18,0.4,11.0,6,white
6.8,0.38,0.29,9.9,0.037000000000000005,40.0,146.0,0.99326,3.11,0.37,11.5,6,white
6.5,0.29,0.32,3.0,0.036000000000000004,38.0,93.0,0.9906,3.16,0.59,12.0,6,white
6.9,0.29,0.32,5.8,0.04,16.0,112.0,0.993,3.04,0.58,11.2,5,white
6.6,0.28,0.3,12.9,0.033,31.0,177.0,0.99479,3.12,0.39,11.2,6,white
6.2,0.36,0.27,3.2,0.032,13.0,73.0,0.9894200000000001,2.9,0.69,12.6,7,white
6.0,0.615,0.04,0.8,0.032,8.0,50.0,0.99036,3.14,0.4,11.0,4,white
5.9,0.44,0.36,2.5,0.03,12.0,73.0,0.9920100000000001,3.22,0.48,10.8,6,white
5.9,0.42,0.36,2.4,0.034,19.0,77.0,0.9918399999999999,3.25,0.48,10.9,5,white
5.8,0.34,0.21,7.2,0.040999999999999995,48.0,146.0,0.99441,3.16,0.49,9.8,5,white
5.8,0.27,0.2,7.3,0.04,42.0,145.0,0.9944200000000001,3.15,0.48,9.8,5,white
7.1,0.33,0.18,6.3,0.094,27.0,166.0,0.99474,2.9,0.49,9.5,5,white
6.1,0.44,0.28,4.25,0.032,43.0,132.0,0.9916,3.26,0.47,11.266666666666698,7,white
7.3,0.28,0.37,1.2,0.039,26.0,99.0,0.99198,3.01,0.62,10.8,5,white
5.2,0.5,0.18,2.0,0.036000000000000004,23.0,129.0,0.98949,3.36,0.77,13.4,7,white
6.1,0.44,0.28,4.25,0.032,43.0,132.0,0.9916,3.26,0.47,11.3,7,white
6.4,0.62,0.12,4.7,0.06,33.0,196.0,0.99556,3.22,0.48,8.9,5,white
6.4,0.38,0.19,4.5,0.038,36.0,119.0,0.99151,3.07,0.42,11.2,6,white
7.5,0.305,0.38,1.4,0.047,30.0,95.0,0.9915799999999999,3.22,0.52,11.5,7,white
6.5,0.5,0.22,4.1,0.036000000000000004,35.0,131.0,0.9902,3.26,0.55,13.0,7,white
6.6,0.4,0.3,5.3,0.038,20.0,125.0,0.9920399999999999,3.36,0.73,12.6,6,white
6.4,0.4,0.25,4.2,0.032,15.0,91.0,0.98988,3.26,0.52,13.1,6,white
8.3,0.49,0.23,6.65,0.034,6.0,158.0,0.99344,3.05,0.48,11.2,5,white
6.3,0.3,0.91,8.2,0.034,50.0,199.0,0.9939399999999999,3.39,0.49,11.7,6,white
6.1,0.19,0.37,2.6,0.040999999999999995,24.0,99.0,0.9915299999999999,3.18,0.5,10.9,6,white
6.1,0.19,0.37,2.6,0.040999999999999995,24.0,99.0,0.9915299999999999,3.18,0.5,10.9,6,white
5.6,0.24,0.34,2.0,0.040999999999999995,14.0,73.0,0.9898100000000001,3.04,0.45,11.6,7,white
5.7,0.25,0.32,12.2,0.040999999999999995,43.0,127.0,0.99524,3.23,0.53,10.4,7,white
6.6,0.21,0.39,2.3,0.040999999999999995,31.0,102.0,0.99221,3.22,0.58,10.9,7,white
6.3,0.3,0.91,8.2,0.034,50.0,199.0,0.9939399999999999,3.39,0.49,11.7,6,white
6.2,0.28,0.41,5.0,0.043,50.0,188.0,0.99318,3.23,0.64,10.8,6,white
5.8,0.29,0.38,10.7,0.038,49.0,136.0,0.99366,3.11,0.59,11.2,6,white
5.8,0.345,0.15,10.8,0.033,26.0,120.0,0.9949399999999999,3.25,0.49,10.0,6,white
6.5,0.51,0.25,1.7,0.048,39.0,177.0,0.9921200000000001,3.28,0.57,10.5666666666667,5,white
6.0,0.24,0.41,1.3,0.036000000000000004,42.0,118.0,0.99018,3.04,0.64,11.733333333333302,6,white
6.5,0.51,0.25,1.7,0.048,39.0,177.0,0.9921200000000001,3.28,0.57,10.6,5,white
6.9,0.54,0.26,12.7,0.049,59.0,195.0,0.9959600000000001,3.26,0.54,10.5,6,white
6.0,0.24,0.41,1.3,0.036000000000000004,42.0,118.0,0.99018,3.04,0.64,11.75,6,white
6.6,0.26,0.36,1.2,0.035,43.0,126.0,0.9909399999999999,3.01,0.63,11.4,6,white
5.7,0.24,0.3,1.3,0.03,25.0,98.0,0.9896799999999999,3.37,0.43,12.4,7,white
6.5,0.21,0.35,5.7,0.043,47.0,197.0,0.99392,3.24,0.5,10.1,6,white
6.8,0.29,0.22,3.4,0.035,40.0,122.0,0.99024,3.09,0.47,12.3,6,white
5.0,0.24,0.34,1.1,0.034,49.0,158.0,0.98774,3.32,0.32,13.1,7,white
5.9,0.18,0.28,1.0,0.037000000000000005,24.0,88.0,0.9909399999999999,3.29,0.55,10.65,7,white
5.8,0.26,0.29,1.0,0.042,35.0,101.0,0.99044,3.36,0.48,11.4,7,white
6.7,0.61,0.21,1.65,0.11699999999999999,40.0,240.0,0.9938,3.11,0.57,9.3,5,white
5.7,0.695,0.06,6.8,0.042,9.0,84.0,0.9943200000000001,3.44,0.44,10.2,5,white
5.6,0.695,0.06,6.8,0.042,9.0,84.0,0.9943200000000001,3.44,0.44,10.2,5,white
5.7,0.39,0.25,4.9,0.033,49.0,113.0,0.98966,3.26,0.58,13.1,7,white
6.1,0.38,0.47,1.4,0.051,59.0,210.0,0.9930899999999999,3.24,0.5,9.6,5,white
6.3,0.36,0.28,2.5,0.035,18.0,73.0,0.9886799999999999,3.1,0.47,12.8,7,white
6.0,0.29,0.41,10.8,0.048,55.0,149.0,0.9937,3.09,0.59,10.966666666666699,7,white
6.0,0.29,0.41,10.8,0.048,55.0,149.0,0.9937,3.09,0.59,10.966666666666699,7,white
6.0,0.29,0.41,10.8,0.048,55.0,149.0,0.9937,3.09,0.59,10.966666666666699,7,white
6.0,0.29,0.41,10.8,0.048,55.0,149.0,0.9937,3.09,0.59,11.0,7,white
7.1,0.43,0.25,2.8,0.036000000000000004,43.0,132.0,0.98975,3.21,0.47,13.4,6,white
6.6,0.25,0.25,1.3,0.04,28.0,85.0,0.9898399999999999,2.87,0.48,11.2,6,white
6.6,0.33,0.41,2.0,0.027000000000000003,14.0,79.0,0.9906299999999999,3.27,0.63,12.4,6,white
8.0,0.23,0.41,1.1,0.048,35.0,150.0,0.9916799999999999,3.09,0.47,11.2,5,white
7.3,0.17,0.36,8.2,0.027999999999999997,44.0,111.0,0.99272,3.14,0.41,12.4,6,white
6.0,0.17,0.33,6.0,0.036000000000000004,30.0,111.0,0.9936200000000001,3.32,0.58,10.1333333333333,7,white
6.1,0.16,0.34,6.1,0.034,31.0,114.0,0.99365,3.32,0.58,10.1333333333333,7,white
7.3,0.17,0.36,8.2,0.027999999999999997,44.0,111.0,0.99272,3.14,0.41,12.4,6,white
6.4,0.31,0.53,8.8,0.057,36.0,221.0,0.9964200000000001,3.17,0.44,9.1,5,white
6.1,0.16,0.34,6.1,0.034,31.0,114.0,0.99365,3.32,0.58,10.15,7,white
6.0,0.17,0.33,6.0,0.036000000000000004,30.0,111.0,0.9936200000000001,3.32,0.58,10.15,7,white
5.9,0.44,0.33,1.2,0.049,12.0,117.0,0.99134,3.46,0.44,11.5,5,white
6.6,0.285,0.49,11.4,0.035,57.0,137.0,0.9973200000000001,3.08,0.54,8.9,6,white
4.9,0.335,0.14,1.3,0.036000000000000004,69.0,168.0,0.9921200000000001,3.47,0.46,10.4666666666667,5,white
4.9,0.335,0.14,1.3,0.036000000000000004,69.0,168.0,0.9921200000000001,3.47,0.46,10.4666666666667,5,white
6.0,0.28,0.52,6.2,0.027999999999999997,37.0,104.0,0.99161,3.28,0.51,11.8,7,white
5.8,0.35,0.29,3.2,0.034,41.0,151.0,0.9912,3.35,0.58,11.6333333333333,7,white
5.7,0.21,0.37,4.5,0.04,58.0,140.0,0.9933200000000001,3.29,0.62,10.6,6,white
6.5,0.25,0.32,9.9,0.045,41.0,128.0,0.99636,3.18,0.52,9.6,6,white
6.0,0.28,0.52,6.2,0.027999999999999997,37.0,104.0,0.99161,3.28,0.51,11.8,7,white
6.6,0.285,0.49,11.4,0.035,57.0,137.0,0.9973200000000001,3.08,0.54,8.9,6,white
4.7,0.335,0.14,1.3,0.036000000000000004,69.0,168.0,0.9921200000000001,3.47,0.46,10.5,5,white
6.8,0.63,0.04,1.3,0.057999999999999996,25.0,133.0,0.99271,3.17,0.39,10.2,4,white
5.6,0.27,0.37,0.9,0.025,11.0,49.0,0.98845,3.29,0.33,13.1,6,white
6.8,0.32,0.33,0.7,0.027000000000000003,15.0,66.0,0.9899,3.11,0.31,11.8,6,white
6.5,0.33,0.32,1.0,0.040999999999999995,39.0,120.0,0.9900399999999999,3.06,0.37,12.2,6,white
6.0,0.24,0.34,1.0,0.036000000000000004,52.0,184.0,0.99097,3.44,0.44,11.45,6,white
7.2,0.26,0.32,10.4,0.062,23.0,114.0,0.9966,3.23,0.49,10.5,5,white
6.8,0.63,0.04,1.3,0.057999999999999996,25.0,133.0,0.99271,3.17,0.39,10.2,4,white
6.7,0.16,0.32,12.5,0.035,18.0,156.0,0.99666,2.88,0.36,9.0,6,white
6.7,0.16,0.32,12.5,0.035,18.0,156.0,0.99666,2.88,0.36,9.0,6,white
6.7,0.16,0.32,12.5,0.035,18.0,156.0,0.99666,2.88,0.36,9.0,6,white
6.7,0.16,0.32,12.5,0.035,18.0,156.0,0.99666,2.88,0.36,9.0,6,white
6.9,0.19,0.31,19.25,0.043,38.0,167.0,0.99954,2.93,0.52,9.1,7,white
6.0,0.36,0.32,1.1,0.053,26.0,173.0,0.9941399999999999,3.38,0.54,8.8,5,white
6.7,0.16,0.32,12.5,0.035,18.0,156.0,0.99666,2.88,0.36,9.0,6,white
6.9,0.19,0.31,19.25,0.043,38.0,167.0,0.99954,2.93,0.52,9.1,7,white
6.7,0.35,0.32,9.0,0.032,29.0,113.0,0.9918799999999999,3.13,0.65,12.9,7,white
6.1,0.15,0.4,1.2,0.03,19.0,84.0,0.98926,3.19,0.96,13.0,6,white
6.7,0.35,0.32,9.0,0.032,29.0,113.0,0.9918799999999999,3.13,0.65,12.9,7,white
7.0,0.27,0.74,1.3,0.17300000000000001,34.0,121.0,0.99334,3.04,0.46,9.2,6,white
6.8,0.3,0.33,12.8,0.040999999999999995,60.0,168.0,0.99659,3.1,0.56,9.8,5,white
6.8,0.3,0.33,12.8,0.040999999999999995,60.0,168.0,0.99659,3.1,0.56,9.8,5,white
6.4,0.69,0.09,7.6,0.044000000000000004,34.0,144.0,0.9948,3.26,0.38,10.1,6,white
6.4,0.69,0.09,7.6,0.044000000000000004,34.0,144.0,0.9948,3.26,0.38,10.1,6,white
5.9,0.12,0.28,1.4,0.037000000000000005,36.0,83.0,0.99074,3.33,0.42,10.9,7,white
6.3,0.36,0.5,8.3,0.053,51.0,202.0,0.9955,3.2,0.51,9.6,6,white
5.7,0.27,0.16,9.0,0.053,32.0,111.0,0.99474,3.36,0.37,10.4,6,white
6.1,0.22,0.4,1.85,0.031,25.0,111.0,0.98966,3.03,0.3,11.8,7,white
5.6,0.205,0.16,12.55,0.051,31.0,115.0,0.99564,3.4,0.38,10.8,6,white
7.2,0.33,0.28,1.4,0.034,26.0,109.0,0.99246,3.28,0.57,10.6,6,white
5.9,0.21,0.31,1.8,0.033,45.0,142.0,0.9898399999999999,3.35,0.5,12.7,6,white
5.4,0.33,0.31,4.0,0.03,27.0,108.0,0.99031,3.3,0.43,12.2,7,white
5.4,0.205,0.16,12.55,0.051,31.0,115.0,0.99564,3.4,0.38,10.8,6,white
5.7,0.27,0.16,9.0,0.053,32.0,111.0,0.99474,3.36,0.37,10.4,6,white
6.4,0.28,0.28,3.0,0.04,19.0,98.0,0.99216,3.25,0.47,11.1,6,white
6.1,0.22,0.4,1.85,0.031,25.0,111.0,0.98966,3.03,0.3,11.8,7,white
6.7,0.15,0.32,7.9,0.034,17.0,81.0,0.9951200000000001,3.29,0.31,10.0,6,white
5.5,0.315,0.38,2.6,0.033,10.0,69.0,0.9909,3.12,0.59,10.8,6,white
4.8,0.225,0.38,1.2,0.07400000000000001,47.0,130.0,0.9913200000000001,3.31,0.4,10.3,6,white
5.2,0.24,0.15,7.1,0.043,32.0,134.0,0.9937799999999999,3.24,0.48,9.9,6,white
6.7,0.15,0.32,7.9,0.034,17.0,81.0,0.9951200000000001,3.29,0.31,10.0,6,white
6.6,0.27,0.32,1.3,0.044000000000000004,18.0,93.0,0.99044,3.11,0.56,12.25,5,white
6.1,0.32,0.33,10.7,0.036000000000000004,27.0,98.0,0.99521,3.34,0.52,10.2,6,white
6.0,0.25,0.28,7.7,0.053,37.0,132.0,0.9948899999999999,3.06,0.5,9.4,6,white
6.4,0.42,0.46,8.4,0.05,58.0,180.0,0.99495,3.18,0.46,9.7,6,white
6.1,0.32,0.33,10.7,0.036000000000000004,27.0,98.0,0.99521,3.34,0.52,10.2,6,white
6.9,0.31,0.33,12.7,0.038,33.0,116.0,0.9954,3.04,0.65,10.4,6,white
6.3,0.48,0.48,1.8,0.035,35.0,96.0,0.99121,3.49,0.74,12.2,6,white
6.0,0.25,0.28,7.7,0.053,37.0,132.0,0.9948899999999999,3.06,0.5,9.4,6,white
7.2,0.21,0.31,10.5,0.035,36.0,122.0,0.9947799999999999,3.12,0.4,10.6,6,white
6.8,0.32,0.43,1.6,0.05,4.0,65.0,0.99346,3.27,0.47,10.7,5,white
7.9,0.3,0.6,1.85,0.048,13.0,106.0,0.99331,3.24,0.49,11.85,5,white
5.3,0.31,0.38,10.5,0.031,53.0,140.0,0.99321,3.34,0.46,11.7,6,white
5.3,0.31,0.38,10.5,0.031,53.0,140.0,0.99321,3.34,0.46,11.7,6,white
5.2,0.185,0.22,1.0,0.03,47.0,123.0,0.99218,3.55,0.44,10.15,6,white
5.5,0.16,0.31,1.2,0.026000000000000002,31.0,68.0,0.9898,3.33,0.44,11.6333333333333,6,white
6.0,0.17,0.36,1.7,0.042,14.0,61.0,0.99144,3.22,0.54,10.8,6,white
6.0,0.16,0.36,1.6,0.042,13.0,61.0,0.9914299999999999,3.22,0.54,10.8,6,white
6.1,0.24,0.32,9.0,0.031,41.0,134.0,0.99234,3.25,0.26,12.3,7,white
5.5,0.3,0.25,1.9,0.028999999999999998,33.0,118.0,0.98972,3.36,0.66,12.5,6,white
5.5,0.16,0.31,1.2,0.026000000000000002,31.0,68.0,0.9898,3.33,0.44,11.65,6,white
6.0,0.32,0.46,1.5,0.05,56.0,189.0,0.99308,3.24,0.49,9.6,5,white
6.1,0.27,0.31,3.9,0.034,42.0,137.0,0.99218,3.24,0.46,10.9,6,white
6.0,0.27,0.32,3.6,0.035,36.0,133.0,0.99215,3.23,0.46,10.8,6,white
6.0,0.14,0.37,1.2,0.032,63.0,148.0,0.99185,3.32,0.44,11.2,5,white
5.0,0.24,0.19,5.0,0.043,17.0,101.0,0.9943799999999999,3.67,0.57,10.0,5,white
6.1,0.26,0.25,2.9,0.047,289.0,440.0,0.9931399999999999,3.44,0.64,10.5,3,white
6.3,0.23,0.5,10.4,0.043,61.0,132.0,0.9954200000000001,2.86,0.46,9.1,6,white
5.6,0.26,0.5,11.4,0.028999999999999998,25.0,93.0,0.9942799999999999,3.23,0.49,10.5,6,white
6.1,0.34,0.24,18.35,0.05,33.0,184.0,0.9994299999999999,3.12,0.61,9.3,5,white
6.2,0.35,0.25,18.4,0.051,28.0,182.0,0.99946,3.13,0.62,9.3,6,white
6.0,0.14,0.37,1.2,0.032,63.0,148.0,0.99185,3.32,0.44,11.2,5,white
7.3,0.36,0.62,7.1,0.033,48.0,185.0,0.99472,3.14,0.62,10.6,6,white
5.1,0.25,0.36,1.3,0.035,40.0,78.0,0.9891,3.23,0.64,12.1,7,white
5.5,0.16,0.26,1.5,0.032,35.0,100.0,0.9907600000000001,3.43,0.77,12.0,6,white
6.4,0.19,0.35,10.2,0.043,40.0,106.0,0.9963200000000001,3.16,0.5,9.7,6,white
6.6,0.29,0.73,2.2,0.027000000000000003,21.0,92.0,0.99,3.12,0.48,12.4,6,white
6.0,0.38,0.26,3.5,0.035,38.0,111.0,0.98872,3.18,0.47,13.6,7,white
6.0,0.38,0.26,3.5,0.035,38.0,111.0,0.98872,3.18,0.47,13.6,7,white
6.5,0.2,0.35,3.9,0.04,27.0,140.0,0.9910200000000001,2.98,0.53,11.8,6,white
6.6,0.17,0.26,7.4,0.052000000000000005,45.0,128.0,0.9938799999999999,3.16,0.37,10.0,6,white
6.6,0.17,0.26,7.4,0.052000000000000005,45.0,128.0,0.9938799999999999,3.16,0.37,10.0,6,white
6.2,0.15,0.27,11.0,0.035,46.0,116.0,0.9960200000000001,3.12,0.38,9.1,6,white
5.9,0.48,0.3,1.5,0.037000000000000005,19.0,78.0,0.9905700000000001,3.47,0.42,11.9,7,white
5.3,0.4,0.25,3.9,0.031,45.0,130.0,0.99072,3.31,0.58,11.75,7,white
5.9,0.26,0.29,5.4,0.046,34.0,116.0,0.99224,3.24,0.41,11.4,6,white
5.2,0.3,0.34,1.5,0.038,18.0,96.0,0.9894200000000001,3.56,0.48,13.0,8,white
6.4,0.32,0.25,5.0,0.055,28.0,138.0,0.9917100000000001,3.27,0.5,12.4,8,white
6.6,0.19,0.25,1.2,0.052000000000000005,34.0,181.0,0.9935200000000001,3.3,0.42,9.4,7,white
6.8,0.27,0.3,13.0,0.047,69.0,160.0,0.99705,3.16,0.5,9.6,6,white
6.8,0.27,0.3,13.0,0.047,69.0,160.0,0.99705,3.16,0.5,9.6,6,white
6.8,0.27,0.3,13.0,0.047,69.0,160.0,0.99705,3.16,0.5,9.6,6,white
6.8,0.27,0.3,13.0,0.047,69.0,160.0,0.99705,3.16,0.5,9.6,6,white
6.4,0.28,0.45,8.6,0.057,47.0,223.0,0.99654,3.16,0.51,9.1,5,white
5.2,0.21,0.31,1.7,0.048,17.0,61.0,0.9895299999999999,3.24,0.37,12.0,7,white
7.1,0.24,0.34,1.2,0.045,6.0,132.0,0.9913200000000001,3.16,0.46,11.2,4,white
5.0,0.27,0.4,1.2,0.076,42.0,124.0,0.9920399999999999,3.32,0.47,10.1,6,white
5.8,0.27,0.4,1.2,0.076,47.0,130.0,0.99185,3.13,0.45,10.3,6,white
5.9,0.27,0.32,2.0,0.034,31.0,102.0,0.9895200000000001,3.16,0.56,12.3,6,white
5.8,0.315,0.19,19.4,0.031,28.0,106.0,0.9970399999999999,2.97,0.4,10.55,6,white
6.0,0.59,0.0,0.8,0.037000000000000005,30.0,95.0,0.9903200000000001,3.1,0.4,10.9,4,white
5.8,0.3,0.09,6.3,0.042,36.0,138.0,0.99382,3.15,0.48,9.7,5,white
5.6,0.3,0.1,6.4,0.043,34.0,142.0,0.99382,3.14,0.48,9.8,5,white
6.7,0.3,0.5,12.1,0.045,38.0,127.0,0.9974,3.04,0.53,8.9,6,white
6.7,0.3,0.5,12.1,0.045,38.0,127.0,0.9974,3.04,0.53,8.9,6,white
6.4,0.31,0.31,12.9,0.045,55.0,161.0,0.99546,3.02,0.59,10.2,5,white
6.9,0.25,0.29,2.4,0.038,28.0,76.0,0.9908799999999999,3.01,0.36,11.7,7,white
4.4,0.32,0.39,4.3,0.03,31.0,127.0,0.9890399999999999,3.46,0.36,12.8,8,white
3.9,0.225,0.4,4.2,0.03,29.0,118.0,0.9890000000000001,3.57,0.36,12.8,8,white
6.4,0.31,0.31,12.9,0.045,55.0,161.0,0.99546,3.02,0.59,10.2,5,white
5.5,0.62,0.33,1.7,0.037000000000000005,24.0,118.0,0.9875799999999999,3.15,0.39,13.55,6,white
6.2,0.3,0.42,2.2,0.036000000000000004,28.0,128.0,0.9901,3.13,0.38,11.6,6,white
6.7,0.3,0.5,12.1,0.045,38.0,127.0,0.9974,3.04,0.53,8.9,6,white
4.7,0.785,0.0,3.4,0.036000000000000004,23.0,134.0,0.9898100000000001,3.53,0.92,13.8,6,white
6.0,0.31,0.32,7.4,0.175,47.0,159.0,0.9952,3.19,0.5,9.4,6,white
6.0,0.32,0.3,7.3,0.174,46.0,159.0,0.99519,3.18,0.49,9.4,5,white
6.4,0.105,0.29,1.1,0.035,44.0,140.0,0.9914200000000001,3.17,0.55,10.7,7,white
6.4,0.105,0.29,1.1,0.035,44.0,140.0,0.9914200000000001,3.17,0.55,10.7,7,white
5.7,0.33,0.32,1.4,0.043,28.0,93.0,0.9897,3.31,0.5,12.3,6,white
5.9,0.32,0.19,14.5,0.042,37.0,115.0,0.99684,3.16,0.43,10.3,5,white
6.2,0.26,0.2,8.0,0.047,35.0,111.0,0.99445,3.11,0.42,10.4,6,white
6.0,0.2,0.33,1.1,0.039,45.0,126.0,0.99051,3.31,0.45,11.6,7,white
6.4,0.105,0.29,1.1,0.035,44.0,140.0,0.9914200000000001,3.17,0.55,10.7,7,white
5.8,0.28,0.34,2.2,0.037000000000000005,24.0,125.0,0.9898600000000001,3.36,0.33,12.8,8,white
6.4,0.31,0.5,5.8,0.038,42.0,111.0,0.9918899999999999,3.18,0.53,11.9,7,white
6.0,0.35,0.46,0.9,0.033,9.0,65.0,0.98934,3.24,0.35,12.1,4,white
5.1,0.26,0.34,6.4,0.034,26.0,99.0,0.99449,3.23,0.41,9.2,6,white
6.6,0.28,0.09,10.9,0.051,37.0,131.0,0.99566,2.93,0.62,9.5,6,white
6.0,0.17,0.3,7.3,0.039,39.0,104.0,0.9925200000000001,2.91,0.57,11.0,6,white
7.3,0.35,0.67,8.3,0.053,10.0,100.0,0.9959,3.19,0.5,10.9,5,white
6.0,0.26,0.24,1.3,0.053,66.0,150.0,0.9924,3.21,0.62,10.4,6,white
5.4,0.375,0.4,3.3,0.054000000000000006,29.0,147.0,0.99482,3.42,0.52,9.1,5,white
7.0,0.17,0.42,1.0,0.075,19.0,71.0,0.99103,3.32,0.62,11.4,6,white
5.1,0.26,0.33,1.1,0.027000000000000003,46.0,113.0,0.98946,3.35,0.43,11.4,7,white
5.8,0.36,0.5,1.0,0.127,63.0,178.0,0.9921200000000001,3.1,0.45,9.7,5,white
5.7,0.4,0.35,5.1,0.026000000000000002,17.0,113.0,0.9905200000000001,3.18,0.67,12.4,6,white
6.2,0.76,0.01,3.2,0.040999999999999995,18.0,120.0,0.99026,3.2,0.94,13.7,7,white
6.1,0.41,0.2,12.6,0.032,54.0,136.0,0.99516,2.91,0.43,10.6,6,white
5.8,0.385,0.25,3.7,0.031,38.0,122.0,0.9912799999999999,3.2,0.63,11.2,6,white
6.0,0.27,0.4,1.7,0.021,18.0,82.0,0.9891,3.24,0.95,13.1333333333333,6,white
5.7,0.4,0.35,5.1,0.026000000000000002,17.0,113.0,0.9905200000000001,3.18,0.67,12.4,6,white
5.8,0.36,0.5,1.0,0.127,63.0,178.0,0.9921200000000001,3.1,0.45,9.7,5,white
7.0,0.24,0.47,1.3,0.043,18.0,131.0,0.9917600000000001,3.19,0.45,11.0,6,white
6.8,0.23,0.48,1.5,0.036000000000000004,35.0,165.0,0.9916200000000001,3.18,0.45,11.3,6,white
6.5,0.28,0.34,4.6,0.054000000000000006,22.0,130.0,0.99193,3.2,0.46,12.0,7,white
6.4,0.23,0.35,10.3,0.042,54.0,140.0,0.9967,3.23,0.47,9.2,5,white
6.0,0.34,0.29,6.1,0.046,29.0,134.0,0.9946200000000001,3.48,0.57,10.7,6,white
6.0,0.34,0.29,6.1,0.046,29.0,134.0,0.9946200000000001,3.48,0.57,10.7,6,white
6.7,0.22,0.33,1.2,0.036000000000000004,36.0,86.0,0.9905799999999999,3.1,0.76,11.4,6,white
6.4,0.23,0.35,10.3,0.042,54.0,140.0,0.9967,3.23,0.47,9.2,5,white
6.0,0.32,0.33,9.9,0.032,22.0,90.0,0.9925799999999999,3.1,0.43,12.1,7,white
5.8,0.29,0.27,1.6,0.062,17.0,140.0,0.9913799999999999,3.23,0.35,11.1,6,white
5.8,0.38,0.26,1.1,0.057999999999999996,20.0,140.0,0.99271,3.27,0.43,9.7,6,white
5.9,0.32,0.26,1.5,0.057,17.0,141.0,0.9917,3.24,0.36,10.7,5,white
5.6,0.33,0.28,1.2,0.031,33.0,97.0,0.99126,3.49,0.58,10.9,6,white
5.9,0.37,0.3,1.5,0.033,35.0,95.0,0.9898600000000001,3.36,0.56,12.0,7,white
5.6,0.295,0.26,1.1,0.035,40.0,102.0,0.99154,3.47,0.56,10.6,6,white
6.7,0.5,0.36,11.5,0.096,18.0,92.0,0.9964200000000001,3.11,0.49,9.6,5,white
6.5,0.28,0.38,7.8,0.031,54.0,216.0,0.99154,3.03,0.42,13.1,6,white
5.3,0.275,0.24,7.4,0.038,28.0,114.0,0.99313,3.38,0.51,11.0,6,white
5.2,0.405,0.15,1.45,0.038,10.0,44.0,0.99125,3.52,0.4,11.6,4,white
6.8,0.34,0.36,8.9,0.028999999999999998,44.0,128.0,0.99318,3.28,0.35,11.95,7,white
5.7,0.22,0.25,1.1,0.05,97.0,175.0,0.9909899999999999,3.44,0.62,11.1,6,white
6.2,0.28,0.57,1.0,0.043,50.0,92.0,0.9900399999999999,3.17,0.36,11.5,6,white
5.6,0.34,0.25,2.5,0.046,47.0,182.0,0.99093,3.21,0.4,11.3,5,white
4.8,0.29,0.23,1.1,0.044000000000000004,38.0,180.0,0.98924,3.28,0.34,11.9,6,white
6.6,0.38,0.29,2.4,0.136,15.0,93.0,0.99336,3.18,0.6,9.5,5,white
5.1,0.3,0.3,2.3,0.048,40.0,150.0,0.98944,3.29,0.46,12.2,6,white
4.4,0.54,0.09,5.1,0.038,52.0,97.0,0.9902200000000001,3.41,0.4,12.2,7,white
7.0,0.36,0.35,2.5,0.048,67.0,161.0,0.99146,3.05,0.56,11.1,6,white
6.4,0.33,0.44,8.9,0.055,52.0,164.0,0.9948799999999999,3.1,0.48,9.6,5,white
7.0,0.36,0.35,2.5,0.048,67.0,161.0,0.99146,3.05,0.56,11.1,6,white
6.4,0.33,0.44,8.9,0.055,52.0,164.0,0.9948799999999999,3.1,0.48,9.6,5,white
6.2,0.23,0.38,1.6,0.044000000000000004,12.0,113.0,0.9917600000000001,3.3,0.73,11.4,5,white
5.2,0.25,0.23,1.4,0.047,20.0,77.0,0.9900100000000001,3.32,0.62,11.4,5,white
6.2,0.35,0.29,3.9,0.040999999999999995,22.0,79.0,0.99005,3.1,0.59,12.066666666666698,6,white
7.1,0.23,0.39,13.7,0.057999999999999996,26.0,172.0,0.99755,2.9,0.46,9.0,6,white
7.1,0.23,0.39,13.7,0.057999999999999996,26.0,172.0,0.99755,2.9,0.46,9.0,6,white
7.5,0.38,0.33,9.2,0.043,19.0,116.0,0.99444,3.08,0.42,11.4,6,white
6.4,0.35,0.51,7.8,0.055,53.0,177.0,0.9950200000000001,3.12,0.45,9.6,5,white
6.0,0.43,0.34,7.6,0.045,25.0,118.0,0.9922200000000001,3.03,0.37,11.0,6,white
6.0,0.52,0.33,7.7,0.046,24.0,119.0,0.99224,3.04,0.38,11.0,6,white
5.5,0.31,0.29,3.0,0.027000000000000003,16.0,102.0,0.99067,3.23,0.56,11.2,6,white
5.9,0.22,0.3,1.3,0.052000000000000005,42.0,86.0,0.99069,3.31,0.47,11.55,6,white
6.2,0.36,0.32,4.0,0.036000000000000004,44.0,92.0,0.98936,3.2,0.5,13.3,7,white
6.0,0.41,0.23,1.1,0.066,22.0,148.0,0.99266,3.3,0.47,9.63333333333333,5,white
6.2,0.355,0.35,2.0,0.046,31.0,95.0,0.9882200000000001,3.06,0.46,13.6,6,white
5.7,0.41,0.21,1.9,0.048,30.0,112.0,0.9913799999999999,3.29,0.55,11.2,6,white
5.3,0.6,0.34,1.4,0.031,3.0,60.0,0.98854,3.27,0.38,13.0,6,white
5.8,0.23,0.31,4.5,0.046,42.0,124.0,0.99324,3.31,0.64,10.8,6,white
6.6,0.24,0.33,10.1,0.032,8.0,81.0,0.99626,3.19,0.51,9.8,6,white
6.1,0.32,0.28,6.6,0.021,29.0,132.0,0.9918799999999999,3.15,0.36,11.45,7,white
5.0,0.2,0.4,1.9,0.015,20.0,98.0,0.9897,3.37,0.55,12.05,6,white
6.0,0.42,0.41,12.4,0.032,50.0,179.0,0.9962200000000001,3.14,0.6,9.7,5,white
5.7,0.21,0.32,1.6,0.03,33.0,122.0,0.99044,3.33,0.52,11.9,6,white
5.6,0.2,0.36,2.5,0.048,16.0,125.0,0.99282,3.49,0.49,10.0,6,white
7.4,0.22,0.26,1.2,0.035,18.0,97.0,0.99245,3.12,0.41,9.7,6,white
6.2,0.38,0.42,2.5,0.038,34.0,117.0,0.9913200000000001,3.36,0.59,11.6,7,white
5.9,0.54,0.0,0.8,0.032,12.0,82.0,0.9928600000000001,3.25,0.36,8.8,5,white
6.2,0.53,0.02,0.9,0.035,6.0,81.0,0.99234,3.24,0.35,9.5,4,white
6.6,0.34,0.4,8.1,0.046,68.0,170.0,0.9949399999999999,3.15,0.5,9.53333333333333,6,white
6.6,0.34,0.4,8.1,0.046,68.0,170.0,0.9949399999999999,3.15,0.5,9.53333333333333,6,white
5.0,0.235,0.27,11.75,0.03,34.0,118.0,0.9954,3.07,0.5,9.4,6,white
5.5,0.32,0.13,1.3,0.037000000000000005,45.0,156.0,0.9918399999999999,3.26,0.38,10.7,5,white
4.9,0.47,0.17,1.9,0.035,60.0,148.0,0.98964,3.27,0.35,11.5,6,white
6.5,0.33,0.38,8.3,0.048,68.0,174.0,0.99492,3.14,0.5,9.6,5,white
6.6,0.34,0.4,8.1,0.046,68.0,170.0,0.9949399999999999,3.15,0.5,9.55,6,white
6.2,0.21,0.28,5.7,0.027999999999999997,45.0,121.0,0.9916799999999999,3.21,1.08,12.15,7,white
6.2,0.41,0.22,1.9,0.023,5.0,56.0,0.9892799999999999,3.04,0.79,13.0,7,white
6.8,0.22,0.36,1.2,0.052000000000000005,38.0,127.0,0.9933,3.04,0.54,9.2,5,white
4.9,0.235,0.27,11.75,0.03,34.0,118.0,0.9954,3.07,0.5,9.4,6,white
6.1,0.34,0.29,2.2,0.036000000000000004,25.0,100.0,0.9893799999999999,3.06,0.44,11.8,6,white
5.7,0.21,0.32,0.9,0.038,38.0,121.0,0.99074,3.24,0.46,10.6,6,white
6.5,0.23,0.38,1.3,0.032,29.0,112.0,0.99298,3.29,0.54,9.7,5,white
6.2,0.21,0.29,1.6,0.039,24.0,92.0,0.9911399999999999,3.27,0.5,11.2,6,white
6.6,0.32,0.36,8.0,0.047,57.0,168.0,0.9949,3.15,0.46,9.6,5,white
6.5,0.24,0.19,1.2,0.040999999999999995,30.0,111.0,0.99254,2.99,0.46,9.4,6,white
5.5,0.29,0.3,1.1,0.022000000000000002,20.0,110.0,0.98869,3.34,0.38,12.8,7,white
6.0,0.21,0.38,0.8,0.02,22.0,98.0,0.98941,3.26,0.32,11.8,6,white
6.8,0.144,0.32,3.91,0.020682,33.4,93.2,0.99339,3.13,0.44,10.0,6,rose
6.1,0.3,0.26,2.39,0.045674,19.1,119.5,0.989648,3.3,0.41,12.7,7,rose
5.8,0.268,0.26,4.37,0.200924,73.9,187.2,0.994231,3.27,0.38,9.4,7,rose
7.0,0.302,0.15,1.66,0.051572,14.9,97.8,0.994012,3.23,0.38,9.6,5,rose
7.0,0.305,0.48,0.65,0.034585,32.9,95.7,0.989262,3.06,0.33,12.3,5,rose
7.1,0.523,0.22,10.01,0.09371,34.6,200.3,0.998239,3.44,0.48,8.9,6,rose
7.4,0.177,0.49,15.71,0.05789,48.2,133.9,0.999546,3.41,0.35,9.2,6,rose
6.7,0.456,0.3,4.83,0.032434,26.5,165.8,0.990632,3.15,0.43,12.2,7,rose
5.0,1.014,0.05,0.98,0.045298,39.7,84.3,0.993936,3.77,0.48,10.5,6,rose
5.4,0.278,0.64,1.04,0.082816,16.4,135.4,0.993093,3.18,0.42,9.3,3,rose
7.4,0.21,0.32,2.04,0.060724,25.0,111.3,0.99341,3.53,0.48,10.8,6,rose
6.8,0.6,0.01,1.82,0.090323,10.0,10.6,0.994951,3.44,0.55,11.4,5,rose
5.7,0.259,0.25,3.48,0.071403,27.3,66.2,0.989849,3.1,0.38,11.5,7,rose
7.1,0.379,0.15,1.87,0.027301,29.2,94.8,0.990055,3.29,0.59,12.4,5,rose
10.0,0.26,0.52,2.7,0.068846,7.7,25.0,0.995243,3.17,0.51,12.5,6,rose
7.8,0.381,0.42,2.0,0.09235,6.4,24.1,0.995187,3.39,0.68,11.6,7,rose
6.2,0.194,0.25,9.72,0.029208,39.3,92.5,0.99128,3.08,0.58,12.8,7,rose
6.0,0.25,0.39,1.88,0.022943,19.8,80.8,0.988716,3.23,0.96,13.2,6,rose
6.9,0.198,0.37,1.52,0.032524,36.8,108.2,0.990181,3.2,0.65,11.9,6,rose
5.4,0.109,0.33,0.96,0.042162,22.6,134.3,0.991875,3.26,0.42,9.9,7,rose
8.4,0.422,0.64,2.2,0.093505,10.1,50.5,0.998399,3.55,0.65,10.6,6,rose
6.2,0.164,0.17,5.04,0.035248,33.9,123.5,0.994122,3.07,0.57,10.0,6,rose
7.5,0.598,0.2,1.75,0.071541,33.2,34.2,0.994977,3.1,0.43,9.2,3,rose
5.2,0.265,0.17,7.32,0.045571,31.5,128.4,0.994221,3.26,0.48,9.8,4,rose
6.7,0.216,0.5,1.13,0.056024,24.5,134.2,0.990606,3.25,0.36,11.5,7,rose
9.3,0.252,0.3,1.35,0.030074,41.3,105.9,0.993009,2.95,0.31,10.6,6,rose
7.9,0.365,0.26,9.62,0.059312,32.3,187.2,0.995159,3.04,0.44,10.8,6,rose
6.9,0.293,0.42,19.2,0.044349,38.2,159.3,0.99943,2.94,0.46,8.7,5,rose
9.1,0.613,0.51,2.88,0.33687,27.7,74.3,0.996555,3.03,1.62,9.4,6,rose
6.6,0.354,0.28,0.62,0.034366,30.7,80.1,0.991587,3.09,0.39,10.8,7,rose
5.9,0.224,0.32,2.68,0.029955,27.4,114.9,0.991456,3.39,0.69,11.3,7,rose
5.9,0.148,0.22,1.76,0.039937,36.6,113.7,0.990334,3.23,0.3,11.5,6,rose
6.1,0.315,0.32,2.75,0.03936,61.8,162.0,0.991431,3.27,0.48,10.9,6,rose
6.1,0.162,0.41,1.03,0.028658,18.5,79.0,0.989273,3.21,0.98,13.0,6,rose
9.1,0.201,0.38,1.05,0.06351,6.4,12.0,0.99546,3.24,0.59,11.0,5,rose
6.4,0.314,0.32,5.11,0.046739,30.9,132.0,0.993356,3.25,0.57,11.1,5,rose
6.6,0.383,0.27,6.13,0.024881,12.8,93.4,0.990756,3.19,0.27,12.9,5,rose
7.3,0.192,0.41,0.82,0.047231,41.4,101.5,0.992163,3.13,0.44,10.2,6,rose
8.0,0.245,0.49,9.66,0.042139,50.3,155.8,0.995107,3.03,0.31,10.5,6,rose
9.3,0.3,0.51,1.11,0.042952,33.3,147.5,0.99476,3.11,0.45,9.9,4,rose
6.6,0.221,0.26,11.97,0.036558,62.4,147.1,0.995651,3.01,0.59,10.3,6,rose
8.4,0.125,0.36,0.88,0.052287,6.4,87.6,0.993716,3.15,0.52,10.1,5,rose
8.8,0.746,0.19,2.36,0.076895,16.4,38.8,0.997009,3.2,0.45,9.7,6,rose
7.6,0.294,0.25,1.16,0.046712,13.6,138.7,0.993887,3.06,0.38,9.4,6,rose
7.1,0.324,0.29,2.12,0.081441,30.5,67.6,0.996909,3.44,0.49,9.3,7,rose
7.4,0.186,0.29,12.7,0.045766,48.2,237.2,0.998332,3.14,0.47,9.2,5,rose
7.2,0.185,0.4,1.01,0.032247,32.4,84.2,0.99184,3.16,0.49,10.5,5,rose
8.2,0.337,0.24,7.32,0.035434,39.9,106.7,0.991077,2.91,0.22,12.1,6,rose
5.6,0.291,0.29,1.26,0.020616,18.8,106.1,0.988617,3.36,0.38,12.7,5,rose
7.3,0.236,0.4,14.54,0.06037,49.1,189.1,0.997958,2.99,0.47,8.7,6,rose
7.6,0.287,0.5,2.15,0.040582,37.1,128.0,0.993752,3.46,0.5,10.3,6,rose
11.0,0.432,0.46,2.25,0.085577,9.2,35.3,0.997615,3.23,0.78,12.0,5,rose
8.1,0.193,0.29,0.6,0.024821,49.5,82.6,0.990531,2.91,0.35,11.1,7,rose
7.2,0.276,0.33,1.92,0.03767,28.2,172.3,0.991005,3.25,0.4,12.0,5,rose
6.3,0.528,0.08,4.22,0.122291,14.1,30.1,0.99699,3.5,0.67,11.0,6,rose
6.8,0.294,0.3,14.07,0.039593,4.1,71.1,0.994163,3.14,0.35,12.6,6,rose
6.3,0.243,0.53,7.06,0.044172,58.7,171.3,0.994476,3.17,0.69,10.4,4,rose
6.6,0.224,0.4,8.27,0.04087,52.1,166.0,0.995392,3.14,0.58,9.7,6,rose
5.8,0.336,0.37,4.42,0.035177,23.7,90.6,0.991309,3.43,0.41,11.8,7,rose
6.5,0.196,0.39,2.17,0.043276,32.4,101.1,0.991499,3.22,0.57,10.8,6,rose
6.0,0.528,0.07,1.9,0.079094,24.4,47.5,0.995425,3.61,0.67,10.4,6,rose
7.0,0.449,0.25,11.94,0.0556,71.1,209.5,0.997064,3.05,0.51,9.4,6,rose
6.6,0.227,0.23,8.65,0.032491,25.2,137.2,0.996122,3.33,0.58,10.4,7,rose
6.6,0.424,0.63,11.93,0.062936,64.4,230.7,0.998078,3.12,0.52,9.0,5,rose
6.5,0.427,0.49,5.14,0.016055,43.9,130.4,0.990157,3.12,0.33,12.8,6,rose
8.0,0.275,0.31,1.77,0.055922,43.6,111.4,0.989966,3.01,0.45,12.4,7,rose
9.0,0.607,0.04,1.72,0.138742,27.7,86.3,0.998713,3.15,0.68,9.5,6,rose
7.6,0.251,0.32,1.13,0.046265,26.2,151.8,0.992621,3.04,0.45,10.5,8,rose
5.5,0.22,0.32,2.2,0.041706,13.8,74.1,0.989618,3.03,0.45,11.5,6,rose
7.1,0.628,0.07,0.87,0.072859,3.1,12.1,0.994238,3.19,0.46,9.8,7,rose
7.1,0.308,0.36,1.84,0.036893,25.6,121.9,0.991607,3.17,0.66,12.2,6,rose
5.5,0.281,0.48,2.83,0.056165,49.6,146.2,0.992976,3.29,0.76,9.9,8,rose
6.6,0.155,0.3,1.32,0.041628,55.5,161.6,0.992223,3.13,0.47,10.2,5,rose
10.6,0.906,0.29,2.45,0.134817,5.0,56.5,0.998029,3.0,1.18,10.1,5,rose
6.1,0.201,0.33,2.0,0.045176,65.7,134.1,0.990304,3.43,0.44,11.4,5,rose
5.9,0.226,0.26,14.53,0.037267,55.5,123.3,0.998083,3.01,0.7,9.4,6,rose
6.5,0.32,0.29,4.17,0.033096,35.5,81.8,0.990339,3.26,0.63,12.4,6,rose
7.5,0.279,0.32,1.82,0.059838,20.1,173.7,0.994292,3.22,0.56,9.9,6,rose
7.2,0.334,0.09,3.37,0.043145,14.1,58.2,0.993324,2.99,0.37,9.2,5,rose
7.6,0.205,0.33,3.17,0.032492,26.2,103.6,0.991847,2.98,0.53,11.0,7,rose
6.6,0.435,0.26,11.22,0.058398,23.4,181.9,0.99857,3.32,0.57,9.2,7,rose
6.2,0.306,0.27,4.82,0.036876,36.5,146.0,0.992925,3.22,0.42,10.5,4,rose
8.7,0.568,0.04,2.16,0.118859,14.7,54.0,0.996256,3.22,0.61,10.8,6,rose
5.9,0.264,0.24,9.36,0.038493,53.4,151.3,0.996183,3.31,0.37,9.4,6,rose
7.3,0.801,0.1,11.2,0.044868,45.6,199.7,0.996906,3.15,0.45,8.9,6,rose
6.3,0.217,0.59,1.73,0.200753,15.3,89.8,0.993157,3.17,0.43,10.1,6,rose
7.5,0.319,0.39,12.67,0.06909,28.4,117.0,0.997417,3.17,0.4,9.4,5,rose
9.1,0.396,0.49,2.41,0.056256,10.7,30.3,0.995201,3.31,0.78,13.1,6,rose
7.8,0.279,0.35,2.16,0.029493,24.9,165.9,0.991059,2.99,0.49,12.0,6,rose
6.8,0.226,0.35,9.26,0.043059,42.5,119.9,0.994888,3.36,0.52,11.0,4,rose
7.5,0.355,0.32,2.12,0.083555,26.5,66.0,0.997404,3.45,0.63,9.5,6,rose
4.9,0.476,0.02,1.3,0.033105,19.3,46.4,0.991809,3.91,0.61,12.8,6,rose
9.3,0.265,0.52,0.8,0.046575,24.6,104.2,0.992298,3.24,0.28,12.5,5,rose
7.5,0.211,0.38,16.77,0.048622,42.0,189.3,0.999168,3.02,0.41,9.3,6,rose
7.7,0.263,0.27,17.97,0.080054,32.0,137.1,1.001159,3.18,0.39,8.8,7,rose
6.6,0.152,0.29,1.22,0.049733,33.6,139.3,0.992619,3.34,0.33,10.2,6,rose
6.5,0.608,0.01,1.55,0.083897,7.5,26.3,0.997549,3.69,0.74,10.6,5,rose
5.4,0.3,0.37,10.04,0.029562,51.8,131.5,0.992771,3.31,0.45,11.9,5,rose
7.5,0.306,0.22,5.54,0.056129,33.6,178.2,0.992844,3.15,0.46,11.8,7,rose
6.8,0.389,0.21,7.97,0.048634,24.0,111.7,0.996023,3.21,0.46,9.5,6,rose
10.2,0.247,0.48,0.88,0.078486,7.0,27.9,0.997692,3.27,1.02,10.7,7,rose
8.4,0.16,0.5,8.25,0.045147,22.7,106.7,0.994999,2.89,0.34,10.6,6,rose
7.3,0.262,0.27,15.1,0.041691,9.0,39.6,0.996423,3.14,0.37,10.9,6,rose
7.7,0.768,0.0,1.66,0.071748,31.0,43.9,0.995918,3.32,0.62,10.7,5,rose
5.9,0.281,0.52,6.32,0.028724,36.5,105.1,0.991158,3.28,0.51,11.7,5,rose
6.9,0.255,0.75,19.21,0.050327,45.9,164.9,1.00062,3.51,0.44,9.6,6,rose
7.0,0.216,0.34,1.33,0.037135,29.5,115.2,0.991002,3.2,0.47,10.7,6,rose
8.2,0.363,0.64,14.06,0.046629,22.3,169.9,0.998501,2.99,0.82,9.2,6,rose
11.3,0.382,0.66,3.22,0.124807,4.2,11.0,0.996364,3.19,0.53,11.9,6,rose
6.3,0.226,0.3,1.85,0.035424,17.8,95.2,0.990531,3.29,0.43,11.9,6,rose
10.4,0.505,0.43,1.45,0.081939,6.1,19.3,0.9982,3.21,0.75,11.4,5,rose
5.7,0.38,0.43,4.22,0.047362,40.1,241.6,0.993987,3.25,0.57,9.7,6,rose
6.6,0.414,0.23,9.32,0.049378,23.8,118.4,0.995673,3.22,0.44,9.6,5,rose
6.6,0.31,0.74,5.27,0.041503,34.7,165.1,0.994315,3.19,0.45,9.8,5,rose
5.7,0.226,0.33,1.09,0.048175,37.8,96.0,0.989578,3.22,0.91,12.5,6,rose
10.9,0.385,0.48,1.24,0.121074,5.6,14.2,0.998081,3.29,0.75,9.8,6,rose
5.9,0.344,0.15,5.4,0.048186,48.1,202.2,0.993654,3.27,0.71,10.1,6,rose
7.3,0.631,0.07,3.73,0.109118,7.0,22.4,0.997126,3.41,0.63,10.0,6,rose
7.8,0.187,0.34,3.48,0.047795,41.9,124.7,0.99597,3.59,0.45,10.3,7,rose
7.5,0.512,0.28,2.12,0.086551,5.2,20.5,0.99464,3.34,0.63,11.5,6,rose
6.0,0.266,0.48,7.39,0.048746,68.2,226.0,0.995718,3.16,0.46,8.8,5,rose
7.5,0.247,0.35,12.75,0.064212,53.9,178.0,0.997662,3.01,0.49,9.1,8,rose
7.6,0.222,0.4,14.08,0.045792,72.6,222.2,0.998764,3.15,0.69,9.4,5,rose
6.3,0.463,0.24,4.04,0.0661,60.6,204.8,0.994026,3.25,0.52,9.8,6,rose
5.7,0.204,0.2,15.3,0.050717,42.7,109.9,0.998415,3.21,0.45,9.0,6,rose
7.0,0.221,0.48,1.03,0.038898,8.8,13.2,0.993392,3.4,0.57,12.4,7,rose
6.6,0.664,0.26,3.94,0.067624,24.8,144.2,0.99375,3.17,0.4,9.4,6,rose
6.1,0.25,0.24,1.7,0.043626,24.4,113.6,0.992491,3.38,0.59,11.0,6,rose
6.8,0.278,0.4,7.57,0.0491,51.6,173.3,0.995027,3.12,0.51,9.7,6,rose
6.0,0.266,0.29,5.02,0.061121,32.3,200.7,0.996074,3.7,0.7,10.0,5,rose
6.8,0.37,0.33,1.98,0.064108,5.3,8.1,0.99328,3.37,0.56,12.7,6,rose
6.2,0.275,0.37,7.42,0.044736,55.2,203.4,0.995058,3.19,0.48,9.5,5,rose
6.7,0.267,0.4,7.09,0.047706,57.8,199.4,0.99532,3.14,0.47,9.3,5,rose
7.0,0.217,0.32,5.84,0.030087,41.9,125.4,0.993164,3.08,0.5,10.9,8,rose
8.6,0.302,0.31,1.38,0.020147,52.0,150.7,0.990544,2.92,0.32,11.4,5,rose
7.0,0.175,0.4,13.96,0.047398,46.6,153.0,0.999192,3.35,0.77,9.1,4,rose
6.4,0.487,0.15,1.06,0.046339,2.9,31.1,0.993245,3.28,0.32,10.0,6,rose
8.2,0.144,0.37,7.78,0.020241,36.1,112.7,0.993075,2.95,0.37,11.8,6,rose
7.5,0.506,0.22,15.45,0.034996,32.6,152.9,0.995214,3.14,0.52,11.9,6,rose
6.1,0.284,0.19,1.23,0.019272,22.7,101.9,0.989618,3.3,0.47,12.7,7,rose
6.7,0.217,0.36,5.45,0.042537,21.9,112.9,0.993599,3.28,0.55,10.7,5,rose
6.3,0.173,0.14,6.32,0.047586,26.1,110.5,0.994657,3.0,0.6,10.0,6,rose
6.6,0.181,0.22,14.09,0.047495,78.3,144.5,0.997288,3.12,0.39,9.6,5,rose
7.4,0.323,0.27,2.51,0.038616,32.8,112.2,0.991491,3.09,0.53,11.7,6,rose
6.6,0.357,0.29,12.89,0.056098,21.0,105.9,0.995356,3.23,0.55,11.1,5,rose
7.3,0.643,0.06,1.11,0.083191,11.1,26.6,0.998573,3.67,0.72,9.6,8,rose
8.7,0.285,0.43,5.88,0.024208,15.3,47.8,0.993832,3.0,0.35,11.0,4,rose
6.5,0.254,0.4,7.41,0.041261,30.9,143.4,0.994734,3.14,0.62,10.3,5,rose
5.9,0.584,0.24,2.52,0.041914,16.4,67.1,0.993798,3.45,0.65,12.5,6,rose
7.5,0.165,0.3,0.6,0.046906,22.6,103.3,0.994295,3.54,0.65,10.5,5,rose
6.5,0.727,0.1,5.47,0.115159,6.0,17.4,0.996119,3.36,0.47,10.7,6,rose
6.6,0.241,0.4,6.83,0.172702,65.7,202.2,0.995307,3.19,0.39,9.5,6,rose
8.1,0.291,0.38,2.26,0.057107,6.2,13.2,0.995543,3.29,0.67,11.2,4,rose
6.1,0.189,0.36,1.4,0.027597,35.7,118.4,0.99356,3.47,0.57,9.8,4,rose
7.4,0.186,0.29,9.92,0.047645,43.7,177.8,0.996435,3.12,0.56,9.9,7,rose
11.7,0.403,0.53,1.71,0.098134,19.7,39.7,0.997353,3.02,0.77,9.9,6,rose
6.3,0.216,0.28,6.32,0.048017,29.8,106.5,0.992492,3.17,0.4,10.8,7,rose
6.4,0.907,0.2,1.3,0.048792,16.9,202.6,0.993386,3.33,0.56,10.1,7,rose
11.2,0.292,0.68,3.39,0.081734,9.1,26.2,0.996561,3.18,0.63,11.9,6,rose
7.7,0.3,0.36,5.91,0.025766,28.9,113.6,0.991358,3.11,0.44,12.1,6,rose
8.3,0.147,0.48,1.93,0.054978,30.8,99.4,0.994768,3.16,0.42,10.4,6,rose
8.0,0.237,0.29,2.86,0.05187,51.4,160.9,0.995522,3.27,0.72,9.6,6,rose
6.2,0.301,0.32,0.72,0.047071,18.1,127.5,0.990496,3.31,0.56,12.6,6,rose
5.9,0.145,0.22,12.72,0.061812,24.9,192.6,0.995207,3.31,0.41,11.8,5,rose
6.6,0.261,0.39,8.85,0.035182,26.6,146.7,0.995346,3.22,0.62,10.0,4,rose
6.8,0.236,0.3,6.11,0.029798,40.3,134.9,0.993401,3.07,0.48,10.7,5,rose
8.9,0.326,0.35,2.11,0.034476,18.2,124.0,0.991387,2.97,0.97,12.7,4,rose
10.1,0.668,0.36,5.14,0.107122,11.6,62.3,1.002591,3.32,0.63,10.4,6,rose
6.7,0.258,0.19,6.54,0.042174,97.7,182.2,0.99368,3.15,0.34,10.0,6,rose
7.3,0.485,0.32,2.25,0.063473,28.4,52.6,0.997254,3.31,0.64,10.1,6,rose
6.0,0.22,0.26,1.55,0.043975,28.1,98.7,0.99091,3.27,0.56,11.2,6,rose
6.4,0.283,0.27,12.12,0.061926,68.5,162.8,0.997365,2.92,0.56,8.9,5,rose
6.3,0.35,0.17,3.05,0.077346,17.5,42.1,0.995616,3.57,0.54,12.8,5,rose
8.2,0.321,0.37,11.08,0.032829,1.8,52.6,0.994847,3.05,0.34,11.7,8,rose
7.1,0.626,0.19,1.74,0.059154,5.7,53.9,0.995059,3.07,0.58,9.2,6,rose
7.1,0.832,0.5,8.61,0.026996,38.1,178.5,0.996177,3.21,0.37,10.8,6,rose
6.5,0.188,0.28,17.8,0.046539,17.8,150.5,0.998461,2.99,0.44,9.4,5,rose
7.2,0.315,0.31,8.53,0.024468,13.6,115.3,0.996205,3.12,0.64,10.5,6,rose
6.7,0.473,0.02,2.5,0.081031,36.7,110.4,0.99544,3.1,0.52,9.8,6,rose
7.9,0.242,0.49,6.49,0.053434,12.0,139.5,0.996231,3.22,0.69,10.2,7,rose
6.5,0.159,0.3,1.72,0.041157,24.4,118.7,0.991621,3.09,0.37,10.1,6,rose
5.3,0.27,0.24,6.93,0.036534,25.9,112.1,0.992566,3.37,0.49,11.0,6,rose
7.7,0.336,0.29,10.45,0.039286,30.3,115.9,0.998323,3.28,0.3,9.1,6,rose
7.7,0.157,0.47,1.41,0.033938,60.6,144.8,0.990936,3.04,0.39,10.7,5,rose
6.8,0.319,0.34,13.25,0.037281,59.2,160.9,0.996091,3.09,0.58,9.8,5,rose
5.8,0.113,0.22,12.33,0.056614,22.1,187.9,0.99536,3.31,0.42,11.7,5,rose
7.5,0.327,0.4,11.86,0.063512,30.1,120.2,0.997116,3.16,0.39,9.4,5,rose
12.7,0.617,0.65,6.12,0.079712,6.6,39.6,1.002378,3.07,0.73,10.1,6,rose
6.5,0.403,0.82,1.7,0.216379,14.1,71.7,0.993495,3.07,0.52,9.5,6,rose
10.6,0.379,0.47,1.75,0.124386,15.2,51.1,0.997867,3.02,0.82,9.7,6,rose
6.8,0.334,0.5,6.86,0.04671,59.0,204.2,0.996017,3.1,0.4,9.1,5,rose
5.8,0.258,0.27,12.09,0.046913,51.0,108.4,0.996387,3.07,0.46,9.4,5,rose
6.9,0.209,0.36,1.64,0.027754,7.2,51.4,0.992083,3.22,0.6,10.8,6,rose
7.6,0.285,0.26,7.13,0.042914,31.7,163.5,0.994258,3.14,0.45,10.7,6,rose
6.3,0.249,0.32,1.37,0.037497,39.9,114.3,0.990735,3.3,0.58,10.7,6,rose
7.9,0.195,0.31,0.87,0.051806,20.6,84.6,0.994014,3.06,0.46,9.3,6,rose
8.2,0.486,0.46,1.33,0.038116,20.5,128.0,0.993507,3.19,0.42,11.0,5,rose
7.9,0.267,0.54,3.77,0.042615,31.0,158.5,0.99141,2.99,0.55,11.4,5,rose
7.9,0.211,0.43,1.03,0.055547,16.5,26.8,0.993911,3.28,0.7,11.1,5,rose
6.0,0.21,0.35,3.5,0.01885,18.1,80.4,0.991076,3.37,0.5,12.1,6,rose
6.1,0.174,0.28,1.04,0.039252,32.4,91.0,0.990807,3.25,0.58,11.1,5,rose
6.7,0.19,0.32,3.19,0.0372,29.3,77.1,0.991875,2.91,0.58,10.5,8,rose
10.4,0.262,0.58,0.85,0.049207,3.7,13.8,0.994885,3.16,0.51,11.7,6,rose
7.0,0.169,0.24,1.73,0.041022,20.7,73.4,0.992586,3.04,0.73,9.7,8,rose
6.7,0.166,0.19,4.86,0.04645,56.4,158.4,0.99475,3.3,0.67,10.6,6,rose
12.6,0.598,0.49,2.56,0.072558,4.7,12.7,0.999544,3.15,0.56,11.2,5,rose
6.7,0.545,0.13,1.65,0.071521,16.1,36.1,0.997645,3.61,0.66,9.8,7,rose
7.7,0.541,0.32,2.25,0.083208,21.6,143.6,0.996527,3.3,0.62,9.4,6,rose
6.8,0.429,0.33,9.14,0.086645,26.1,43.2,0.998457,3.39,0.63,10.0,6,rose
5.4,0.221,0.17,12.81,0.051169,34.1,109.8,0.995482,3.41,0.38,10.6,6,rose
8.6,0.328,0.35,14.7,0.039767,48.6,192.4,0.998617,3.07,0.31,9.9,6,rose
9.4,0.455,0.5,6.57,0.063403,5.1,27.3,0.999046,3.22,0.75,11.0,6,rose
7.1,0.604,0.0,1.48,0.055262,2.5,9.5,0.995625,3.41,0.48,10.3,7,rose
6.5,0.28,0.31,0.88,0.045467,17.7,105.2,0.990245,3.1,0.56,12.2,7,rose
6.8,0.547,0.31,2.5,0.087656,8.0,103.6,0.997246,3.26,1.17,10.4,5,rose
11.6,0.392,0.52,3.28,0.102083,32.4,102.2,1.000965,3.19,0.96,9.2,6,rose
7.9,0.571,0.38,2.09,0.076846,21.7,64.2,0.997854,3.24,0.57,9.3,6,rose
5.0,0.309,0.0,5.71,0.051514,45.5,165.9,0.993967,3.28,0.63,9.8,7,rose
7.8,0.602,0.34,1.34,0.074144,24.0,115.2,0.99641,3.25,0.53,9.3,6,rose
9.3,0.782,0.27,2.78,0.078825,24.3,64.7,0.997964,3.32,0.65,10.6,6,rose
9.1,0.278,0.35,6.92,0.022362,22.5,162.3,0.995156,3.07,0.52,10.6,5,rose
6.8,0.323,0.27,6.63,0.051627,31.5,229.4,0.995502,3.23,0.63,9.5,6,rose
6.0,0.28,0.15,1.65,0.053949,32.6,127.6,0.993535,3.13,0.44,8.9,5,rose
8.9,0.271,0.33,8.2,0.022433,49.7,199.4,0.995295,3.12,0.46,10.8,6,rose
10.2,0.352,0.46,2.48,0.093208,18.8,83.6,0.998928,3.14,0.43,9.4,5,rose
7.1,0.194,0.27,10.19,0.03404,18.8,106.2,0.994299,3.04,0.35,10.4,6,rose
11.9,0.389,0.54,2.76,0.092524,7.5,27.7,0.999516,3.13,0.7,10.7,6,rose
8.4,0.559,0.05,2.25,0.087533,8.0,21.0,0.997737,3.2,0.46,9.6,5,rose
6.4,0.198,0.27,5.77,0.046918,29.3,100.1,0.992746,3.15,0.39,11.0,5,rose
6.4,0.246,0.4,7.75,0.043412,48.7,123.3,0.992751,3.21,0.44,11.0,7,rose
8.3,0.26,0.49,7.2,0.034757,44.6,104.8,0.992897,3.05,0.33,12.0,6,rose
6.7,0.867,0.0,2.37,0.063352,29.2,39.1,0.995025,3.31,0.57,10.8,5,rose
7.1,0.187,0.38,14.42,0.048384,44.0,164.0,0.999504,3.36,0.76,9.2,7,rose
6.2,0.14,0.47,5.1,0.046694,52.3,175.1,0.994572,3.55,0.43,10.7,5,rose
6.9,0.196,0.26,6.21,0.044625,29.9,101.7,0.993663,3.12,0.32,10.2,7,rose
6.6,0.283,0.47,23.28,0.056269,57.9,242.5,1.002138,2.97,0.48,8.7,5,rose
9.5,0.922,0.28,2.99,0.087737,32.2,138.9,0.997416,3.23,0.53,9.4,5,rose
8.9,0.749,0.14,2.13,0.087107,9.7,34.0,0.998404,3.33,0.62,10.6,6,rose
5.5,0.174,0.27,1.03,0.041326,51.0,98.3,0.990796,3.51,0.39,11.1,6,rose
8.9,0.68,0.03,2.17,0.06628,6.1,21.8,0.99681,3.3,0.54,10.0,8,rose
7.3,0.21,0.25,1.1,0.048594,44.0,146.6,0.993496,3.42,0.53,10.1,5,rose
7.4,0.229,0.29,2.71,0.043092,28.5,94.5,0.990983,3.05,0.56,11.2,7,rose
6.6,0.289,0.3,3.43,0.035924,27.1,106.6,0.991467,3.32,0.42,11.7,6,rose
7.1,0.628,0.0,1.55,0.069423,9.1,24.6,0.996779,3.48,0.69,9.4,7,rose
7.7,0.26,0.54,3.59,0.042264,26.4,158.6,0.991038,3.01,0.52,11.5,5,rose
6.7,0.634,0.0,1.88,0.071095,5.5,7.6,0.994297,3.33,0.37,10.3,7,rose
12.5,0.359,0.47,2.36,0.072793,26.6,76.0,0.999429,3.1,0.74,10.4,6,rose
6.9,0.362,0.32,9.04,0.036362,37.9,127.2,0.991385,3.0,0.31,12.4,6,rose
6.5,0.241,0.29,11.6,0.024804,9.7,69.6,0.99411,3.13,0.55,12.7,6,rose
7.2,0.205,0.37,0.92,0.040201,20.8,72.1,0.991888,3.2,0.38,11.0,7,rose
6.1,0.262,0.26,17.97,0.046452,47.2,155.6,0.999328,3.34,0.48,9.5,6,rose
6.6,0.267,0.33,1.57,0.034533,32.9,135.0,0.992194,3.4,0.44,11.4,6,rose
6.2,0.271,0.23,8.32,0.057126,43.0,161.1,0.996118,3.25,0.41,8.9,7,rose
7.2,0.34,0.32,12.52,0.050704,8.0,46.0,0.994662,3.18,0.39,11.6,5,rose
6.1,0.248,0.25,14.78,0.037527,47.1,145.8,0.997432,3.14,0.37,9.8,6,rose
8.9,0.259,0.36,4.73,0.029738,24.9,96.4,0.993309,3.03,0.41,11.4,6,rose
6.8,0.183,0.49,7.17,0.033479,49.1,171.3,0.99341,3.2,0.29,11.6,5,rose
7.5,0.133,0.36,1.33,0.018256,40.3,100.1,0.990958,3.26,0.51,11.5,5,rose
7.6,0.452,0.21,10.59,0.032035,39.8,165.4,0.994444,3.11,0.42,11.4,5,rose
7.1,0.635,0.04,1.37,0.071153,5.8,14.5,0.994346,3.15,0.49,9.9,5,rose
8.9,0.884,0.14,3.16,0.090047,3.1,9.7,0.999263,3.44,0.52,11.4,6,rose
8.4,0.202,0.55,17.55,0.052968,46.9,170.4,1.000549,3.06,0.67,9.4,6,rose
6.9,0.261,0.34,5.24,0.033915,34.6,98.4,0.992176,3.23,0.46,11.8,5,rose
5.5,0.33,0.28,0.79,0.028384,30.0,103.7,0.991211,3.49,0.58,11.0,4,rose
8.2,0.664,0.3,2.1,0.046794,16.0,140.8,0.994855,3.23,0.72,10.8,5,rose
8.1,0.155,0.44,13.7,0.052549,42.7,142.8,1.000878,3.28,0.75,8.7,7,rose
6.7,0.251,0.32,1.48,0.03829,32.2,132.1,0.992364,3.41,0.46,11.2,6,rose
8.0,0.259,0.32,10.46,0.02954,33.5,100.6,0.99385,3.12,0.41,11.8,6,rose
6.7,0.641,0.29,4.67,0.02888,17.5,69.6,0.990611,3.09,0.62,12.9,6,rose
6.8,0.243,0.31,11.05,0.025727,10.7,73.4,0.994082,3.13,0.56,13.0,5,rose
7.9,0.43,0.22,1.92,0.099158,10.1,37.3,0.996507,3.17,0.88,9.4,8,rose
6.7,0.504,0.3,4.25,0.066708,37.4,172.9,0.994349,3.22,0.44,9.2,5,rose
7.2,0.473,0.06,5.82,0.084851,8.0,24.9,0.997083,3.38,0.69,11.3,6,rose
7.5,0.266,0.57,11.85,0.044686,57.8,162.5,0.998272,3.17,0.45,9.0,6,rose
5.5,0.192,0.19,6.59,0.05175,33.8,108.6,0.993879,3.25,0.41,9.6,5,rose
6.8,0.392,0.19,12.62,0.028695,57.4,183.3,0.997894,3.08,0.48,9.5,6,rose
6.8,0.579,0.0,2.06,0.188997,11.4,49.4,0.996311,3.31,0.6,9.5,6,rose
8.3,0.254,0.33,2.22,0.053109,12.4,71.7,0.994099,2.91,0.47,9.5,6,rose
9.5,0.248,0.48,4.96,0.027921,3.0,21.7,0.993829,2.85,0.54,10.1,6,rose
6.9,0.193,0.27,8.46,0.044446,50.6,249.1,0.995388,3.2,0.52,10.6,6,rose
6.8,0.403,0.21,15.82,0.043452,58.3,206.6,0.997937,3.08,0.55,9.4,5,rose
8.2,0.339,0.3,2.55,0.068159,4.2,14.2,0.99483,3.29,0.76,12.7,5,rose
4.8,0.345,0.19,4.17,0.032425,38.5,117.8,0.990637,3.19,0.41,11.0,7,rose
5.7,0.144,0.32,1.41,0.035168,5.0,85.5,0.991274,3.27,0.46,10.9,6,rose
7.2,0.219,0.49,1.53,0.035943,44.8,149.8,0.991617,3.33,0.45,12.7,7,rose
8.4,0.233,0.33,1.19,0.038437,5.6,31.0,0.991744,3.05,0.35,10.3,6,rose
5.8,0.54,0.06,1.97,0.048079,39.3,82.9,0.992207,3.28,0.51,10.6,7,rose
7.1,0.487,0.24,2.55,0.073304,5.7,43.2,0.996105,3.34,0.48,9.6,6,rose
6.2,0.316,0.16,3.12,0.036865,22.6,122.0,0.993835,3.0,0.45,8.8,6,rose
5.7,0.235,0.19,0.77,0.048559,22.2,107.4,0.991383,3.3,0.59,11.1,6,rose
9.6,0.395,0.41,1.77,0.034113,20.2,138.8,0.994849,3.07,0.52,11.1,5,rose
6.5,0.529,0.08,4.2,0.123573,13.9,33.7,0.996814,3.5,0.64,11.0,5,rose
7.4,0.317,0.46,18.93,0.046436,57.4,241.3,1.000971,2.95,0.39,8.9,6,rose
7.5,0.596,0.27,2.13,0.074082,24.3,92.0,0.996012,3.31,0.53,9.7,8,rose
5.6,0.18,0.29,9.84,0.03119,26.9,122.7,0.994982,3.49,0.41,11.0,6,rose
6.4,0.22,0.45,7.35,0.052491,50.3,195.5,0.9957,3.23,0.47,9.0,5,rose
10.0,0.379,0.41,2.29,0.086827,11.8,62.3,0.997725,3.2,0.5,9.4,8,rose
7.3,0.338,0.63,7.62,0.034868,50.2,186.1,0.994811,3.14,0.62,10.7,5,rose
7.0,0.283,0.39,19.57,0.041872,37.3,156.4,0.999618,2.93,0.47,8.9,7,rose
6.8,0.156,0.32,8.87,0.05569,26.1,114.0,0.996978,3.4,0.39,8.7,6,rose
7.0,0.666,0.08,2.24,0.08943,14.1,29.9,0.995314,3.39,0.59,11.3,7,rose
6.7,0.411,0.43,2.41,0.074015,23.1,52.7,0.995714,3.39,1.15,10.7,6,rose
6.9,0.327,0.26,15.81,0.037141,59.4,183.6,0.999347,3.34,0.56,8.9,5,rose
5.8,0.275,0.26,3.43,0.067799,25.6,71.1,0.989878,3.1,0.36,11.4,5,rose
5.2,0.777,0.03,2.49,0.038354,25.9,95.7,0.993163,3.33,0.4,9.2,5,rose
7.2,0.404,0.38,1.41,0.040831,35.2,116.0,0.990859,3.39,0.46,12.6,7,rose
7.9,0.495,0.12,1.27,0.177164,3.0,24.7,0.995725,3.29,0.86,9.8,4,rose
7.8,0.299,0.5,14.65,0.047844,53.3,173.4,0.998754,3.07,0.51,9.2,6,rose
6.4,0.421,0.74,13.78,0.080227,47.8,209.1,0.997668,3.13,0.59,8.8,5,rose
7.3,0.258,0.26,11.89,0.056179,56.3,174.7,0.997147,3.11,0.61,9.8,6,rose
6.0,0.277,0.22,12.01,0.051893,41.6,161.9,0.996091,3.19,0.45,10.0,6,rose
9.6,0.872,0.27,2.68,0.082141,29.3,152.3,0.997526,3.24,0.52,9.3,5,rose
6.1,0.356,0.25,2.01,0.086091,5.6,30.7,0.994318,3.35,0.45,10.2,6,rose
6.5,0.173,0.44,1.11,0.036117,28.2,111.8,0.990753,3.18,0.52,11.0,5,rose
9.8,0.499,0.52,13.7,0.208267,46.4,86.8,1.001896,3.16,0.77,8.7,5,rose
6.6,0.301,0.25,7.8,0.052395,55.4,206.0,0.996065,3.16,0.43,8.8,5,rose
6.2,0.432,0.46,6.28,0.042898,9.6,112.8,0.996208,3.28,0.56,9.1,6,rose
9.2,0.648,0.26,1.43,0.09282,7.0,30.3,0.997208,3.24,0.42,9.6,6,rose
7.1,0.234,0.36,2.45,0.036059,19.1,115.1,0.989732,3.18,0.38,12.6,5,rose
6.4,0.25,0.27,6.92,0.036085,26.5,85.2,0.991741,3.13,0.31,12.2,5,rose
7.4,0.229,0.4,15.25,0.046478,54.6,180.3,0.999519,3.31,0.59,8.8,5,rose
8.5,0.221,0.28,10.98,0.035414,29.4,89.9,0.995286,3.02,0.39,10.4,6,rose
6.8,0.469,0.24,1.03,0.073789,16.6,38.3,0.994877,3.37,0.58,10.6,6,rose
7.5,0.429,0.08,2.79,0.084375,11.9,56.7,0.99658,3.2,0.59,9.9,7,rose
10.1,0.529,0.38,15.93,0.214764,53.9,101.0,1.003758,3.17,0.77,9.0,5,rose
7.8,0.766,0.04,2.24,0.094793,14.3,50.0,0.997013,3.26,0.64,9.6,6,rose
7.3,0.314,0.26,11.2,0.107366,44.9,190.6,0.9979,2.95,0.57,9.4,5,rose
6.0,0.406,0.05,1.21,0.06282,14.5,118.1,0.9932,3.22,0.55,9.3,5,rose
6.5,0.256,0.29,2.32,0.026373,33.1,139.8,0.99214,3.23,0.47,10.6,7,rose
6.9,0.42,0.2,15.97,0.067298,59.1,190.5,0.998673,3.14,0.45,8.7,5,rose
6.7,0.172,0.5,3.54,0.02613,57.0,123.2,0.991275,2.91,0.55,10.7,5,rose
9.2,0.214,0.37,2.03,0.066105,8.8,10.4,0.995969,3.22,0.57,11.2,7,rose
7.8,0.239,0.52,2.42,0.046625,32.0,167.7,0.992483,3.07,0.56,10.5,6,rose
7.6,0.192,0.36,13.43,0.035324,51.9,151.5,0.997152,3.17,0.8,10.5,7,rose
7.9,0.387,0.28,1.99,0.071807,33.2,85.7,0.997531,3.37,0.63,9.0,5,rose
6.0,0.271,0.37,1.27,0.026025,44.4,144.0,0.988503,3.1,0.64,12.8,4,rose
6.5,0.24,0.36,6.03,0.047096,41.6,170.2,0.994693,3.28,0.55,10.5,7,rose
7.5,0.423,0.2,1.39,0.057828,13.8,172.4,0.994481,3.05,0.39,9.4,6,rose
6.4,0.186,0.27,9.71,0.047497,24.7,98.6,0.995714,3.34,0.48,9.8,6,rose
6.7,0.813,0.02,8.16,0.077727,4.9,9.0,0.996381,3.52,0.49,12.3,6,rose
6.0,0.209,0.29,1.61,0.047733,28.0,82.0,0.990007,3.21,0.53,11.5,6,rose
7.5,0.238,0.29,1.19,0.047133,36.7,87.6,0.990147,3.04,0.37,11.5,5,rose
9.2,0.246,0.35,1.04,0.026593,33.3,90.8,0.991644,2.92,0.37,11.4,7,rose
6.6,0.194,0.28,12.49,0.056593,27.3,133.3,0.998249,3.45,0.43,9.4,7,rose
6.7,0.307,0.42,7.23,0.041091,49.4,169.0,0.995882,3.19,0.47,9.2,7,rose
7.2,0.256,0.45,6.93,0.023985,25.0,122.2,0.993043,3.0,0.32,11.0,6,rose
8.3,0.379,0.42,2.44,0.062775,10.6,16.5,0.99563,3.16,0.81,11.2,7,rose
6.6,0.217,0.34,5.6,0.053558,40.2,153.6,0.993876,3.2,0.56,10.8,6,rose
6.3,0.292,0.15,7.19,0.04551,50.6,176.1,0.996017,3.23,0.41,9.1,5,rose
8.3,0.233,0.36,0.89,0.045131,39.6,117.4,0.9928,2.98,0.36,10.1,6,rose
6.1,0.664,0.06,1.25,0.069452,10.7,17.1,0.995372,3.5,0.79,10.7,6,rose
5.9,0.335,0.3,1.26,0.034584,38.8,141.0,0.988866,3.38,0.4,12.9,6,rose
8.8,0.256,0.33,13.2,0.04701,36.3,167.8,0.99988,3.12,0.48,8.8,5,rose
5.7,0.393,0.33,5.47,0.029978,17.0,118.3,0.990435,3.17,0.69,12.4,5,rose
9.1,0.304,0.42,1.11,0.046861,18.0,187.8,0.994508,3.08,0.47,9.7,5,rose
7.5,0.49,0.27,1.97,0.067546,12.4,23.6,0.993606,3.34,0.62,12.1,7,rose
6.4,0.181,0.3,2.09,0.02138,34.1,95.9,0.989027,3.03,0.53,12.8,7,rose
6.5,0.192,0.34,4.82,0.042839,27.4,137.3,0.990854,2.96,0.54,11.9,6,rose
7.6,0.18,0.36,1.69,0.038907,15.1,103.5,0.992064,3.06,0.75,11.1,6,rose
7.0,0.126,0.29,15.61,0.068383,59.2,116.3,0.997063,3.14,0.42,9.6,6,rose
6.1,0.279,0.39,6.68,0.037652,40.4,166.9,0.995369,3.16,0.44,9.5,5,rose
7.3,0.272,0.53,15.89,0.05784,32.9,134.3,0.997594,3.03,0.62,9.9,6,rose
6.8,0.145,0.3,9.75,0.057203,31.3,89.6,0.99524,3.2,0.33,9.9,8,rose
8.1,0.268,0.35,1.52,0.050106,29.5,124.0,0.991777,3.09,0.7,11.6,5,rose
8.0,0.244,0.33,9.13,0.04521,45.0,144.8,0.997192,3.16,0.49,10.3,7,rose
6.8,0.313,0.25,11.11,0.027742,21.4,96.1,0.993005,2.96,0.38,11.9,5,rose
7.2,0.275,0.52,17.2,0.044556,51.7,200.7,0.998858,3.09,0.47,9.3,6,rose
7.2,0.273,0.42,13.71,0.044304,58.1,180.1,0.999786,3.28,0.76,9.1,6,rose
5.7,0.115,0.24,12.75,0.056233,24.8,188.4,0.995676,3.33,0.43,11.7,6,rose
6.2,0.242,0.49,5.85,0.028445,28.7,131.3,0.99293,3.42,0.34,11.3,6,rose
9.3,0.258,0.34,1.0,0.028375,32.4,86.4,0.991627,2.94,0.39,11.3,5,rose
5.8,0.242,0.3,5.23,0.045371,32.8,118.2,0.992321,3.25,0.4,11.3,5,rose
6.7,0.283,0.33,7.48,0.06397,36.7,175.4,0.996521,3.46,0.6,11.1,7,rose
6.2,0.407,0.41,2.58,0.071372,15.2,27.2,0.994443,3.45,0.86,11.2,6,rose
7.1,0.334,0.36,12.57,0.046661,5.8,45.6,0.994037,3.19,0.4,11.7,5,rose
7.2,0.319,0.35,1.27,0.040436,25.2,119.7,0.991831,3.17,0.65,12.1,5,rose
8.1,0.199,0.5,1.45,0.039014,33.7,172.7,0.994394,3.03,0.36,10.3,5,rose
6.3,0.374,0.18,7.2,0.097142,27.3,192.6,0.99801,3.53,0.72,9.1,7,rose
12.2,0.369,0.56,2.44,0.091809,6.5,23.3,0.998961,3.13,0.69,10.9,6,rose
6.7,0.378,0.44,6.27,0.059078,31.2,163.4,0.994784,3.13,0.45,9.4,6,rose
7.0,0.302,0.34,0.85,0.021991,18.5,166.9,0.992155,3.03,0.54,9.9,5,rose
12.2,0.383,0.54,1.76,0.094483,2.9,27.7,0.999689,3.12,0.71,11.1,5,rose
6.7,0.566,0.14,1.45,0.075127,15.8,65.1,0.992995,3.35,0.61,10.6,6,rose
7.8,0.292,0.25,1.79,0.069082,29.1,135.1,0.993824,3.11,0.62,9.9,6,rose
7.0,0.465,0.1,0.61,0.037183,15.8,148.7,0.991236,3.02,0.35,10.7,6,rose
5.9,0.235,0.23,12.08,0.032483,34.6,146.5,0.997312,3.28,0.41,9.6,7,rose
7.1,0.188,0.39,0.72,0.032065,31.8,88.6,0.991861,3.15,0.51,10.5,6,rose
7.0,0.198,0.38,14.85,0.04922,47.6,154.4,0.999319,3.35,0.76,9.0,6,rose
8.8,0.327,0.5,2.06,0.049562,16.1,127.7,0.995651,3.12,0.32,9.4,5,rose
8.6,0.295,0.36,2.81,0.062243,18.4,59.8,0.995322,3.39,0.72,11.8,5,rose
9.0,0.262,0.33,1.72,0.032911,17.0,147.6,0.9937,3.03,0.4,10.6,5,rose
7.0,0.492,0.07,1.55,0.035252,14.4,151.1,0.990782,3.01,0.34,10.6,6,rose
7.8,0.269,0.34,6.88,0.047388,34.8,163.7,0.993632,3.2,0.71,11.7,6,rose
6.9,0.351,0.3,13.93,0.048883,51.9,195.1,0.997538,2.99,0.58,9.4,5,rose
7.1,0.208,0.34,17.05,0.053357,51.7,161.3,0.999434,3.37,0.38,9.6,7,rose
6.3,0.214,0.21,4.93,0.031365,30.8,146.6,0.993712,3.33,0.31,10.1,7,rose
7.8,0.288,0.34,1.62,0.052618,36.0,144.0,0.991605,3.07,0.45,11.1,6,rose
6.7,0.408,0.28,2.91,0.035119,25.7,77.9,0.990948,3.07,0.34,11.7,5,rose
6.8,0.468,0.28,25.78,0.033156,27.5,114.7,1.002823,3.07,0.43,10.5,7,rose
7.1,0.599,0.02,2.08,0.050498,2.6,8.2,0.996092,3.42,0.45,10.3,7,rose
7.1,0.167,0.32,11.48,0.046626,38.2,122.8,0.996972,2.93,0.56,9.5,5,rose
10.3,0.359,0.47,2.73,0.073596,10.0,18.1,0.996132,3.24,0.77,11.9,6,rose
6.5,0.13,0.35,8.0,0.046354,54.9,187.2,0.996877,3.26,0.5,8.7,5,rose
6.7,0.515,0.38,7.25,0.045999,28.0,171.6,0.99621,3.32,0.55,9.8,7,rose
5.8,0.594,0.0,0.88,0.043229,70.3,207.5,0.992034,3.55,0.42,11.0,5,rose
8.4,0.402,0.39,8.84,0.050665,14.4,119.6,0.99796,3.4,0.47,9.3,6,rose
6.1,0.178,0.3,4.55,0.031101,45.9,147.7,0.99347,3.44,0.5,10.9,5,rose
6.5,0.333,0.26,4.99,0.034213,18.4,121.2,0.991524,3.36,0.7,12.6,7,rose
8.2,0.183,0.27,0.68,0.02482,47.0,84.3,0.99036,2.94,0.36,11.1,7,rose
6.6,0.426,0.32,2.76,0.090958,12.0,75.7,0.989618,3.13,0.61,12.7,6,rose
7.5,0.304,0.27,8.34,0.046973,47.0,209.9,0.996578,3.27,0.35,9.0,6,rose
7.1,0.14,0.28,4.75,0.059605,31.5,116.6,0.994299,3.48,0.41,10.4,8,rose
8.0,0.124,0.49,4.82,0.052599,32.8,148.2,0.995509,3.19,0.49,10.6,7,rose
8.6,0.288,0.37,1.63,0.058233,20.6,82.1,0.995534,3.39,0.73,11.6,6,rose
6.6,0.556,0.15,10.2,0.032892,36.8,159.8,0.996045,3.27,0.51,9.4,6,rose
7.2,0.435,0.61,11.04,0.041352,50.9,162.2,0.996874,3.13,0.46,8.7,4,rose
6.8,0.184,0.3,13.15,0.061117,18.9,168.6,0.997654,2.98,0.54,9.0,6,rose
6.8,0.235,0.23,1.46,0.054668,6.2,123.7,0.993196,3.24,0.71,11.3,6,rose
6.5,0.3,0.28,5.11,0.046458,36.2,163.2,0.995071,3.23,0.69,9.4,6,rose
6.1,0.35,0.29,3.7,0.033843,41.7,95.8,0.989231,3.21,0.5,13.3,6,rose
6.7,0.275,0.28,7.35,0.030801,30.9,93.6,0.995184,3.09,0.37,9.3,6,rose
6.8,0.283,0.36,9.8,0.039779,17.4,78.7,0.994768,3.02,0.55,11.2,6,rose
7.1,0.221,0.34,15.39,0.044157,38.9,170.4,0.998204,3.01,0.45,9.0,6,rose
6.7,0.28,0.4,8.08,0.043611,59.1,196.5,0.996313,3.15,0.49,9.3,5,rose
9.3,0.414,0.39,1.92,0.062321,11.2,30.7,0.998794,3.24,0.63,10.2,6,rose
9.8,0.379,0.4,0.92,0.169475,27.8,86.8,0.999256,3.15,0.66,8.5,6,rose
8.7,0.44,0.38,1.7,0.068111,19.2,96.4,0.995984,3.27,0.56,10.1,5,rose
6.9,0.428,0.28,2.86,0.048229,26.1,99.2,0.990148,3.12,0.41,11.4,6,rose
7.6,0.295,0.33,5.42,0.048445,42.3,153.8,0.994323,3.13,0.44,10.3,6,rose
7.1,0.241,0.49,2.23,0.036178,31.2,107.6,0.989967,3.33,0.42,12.9,4,rose
10.9,0.53,0.5,4.85,0.118437,11.1,17.3,1.000249,3.1,0.58,11.6,7,rose
6.2,0.404,0.22,5.74,0.118972,55.3,186.4,0.994331,3.22,0.43,9.5,5,rose
7.7,0.356,0.22,14.94,0.071512,45.5,235.4,0.997615,3.03,0.6,10.6,6,rose
6.6,0.125,0.29,2.04,0.036381,76.6,171.3,0.989073,3.13,0.25,12.9,6,rose
7.2,0.489,0.67,7.99,0.083869,27.3,178.9,0.996321,2.97,0.36,9.3,7,rose
6.5,0.314,0.23,16.02,0.057449,38.2,176.2,0.998636,3.25,0.52,9.2,7,rose
10.6,0.34,0.51,3.0,0.074396,20.2,81.9,0.99911,3.18,0.69,9.8,5,rose
6.0,0.242,0.33,2.25,0.032019,3.8,120.0,0.989728,3.39,0.43,12.1,6,rose
10.3,0.371,0.47,2.37,0.103858,5.2,12.5,0.996998,3.11,0.64,11.9,5,rose
7.0,0.383,0.32,10.12,0.044894,36.3,134.5,0.993476,3.08,0.33,11.8,6,rose
7.1,0.148,0.3,2.32,0.04711,35.0,89.1,0.990473,2.89,0.46,11.2,4,rose
7.8,0.251,0.3,1.51,0.038023,15.9,107.3,0.992947,3.25,0.51,10.4,5,rose
5.8,0.201,0.28,12.34,0.044561,53.5,144.8,0.99714,3.31,0.34,8.9,5,rose
9.6,0.292,0.42,1.68,0.075344,14.5,23.9,0.995448,3.14,0.51,10.8,6,rose
6.0,0.396,0.14,2.41,0.059449,15.1,31.6,0.993458,3.63,0.65,12.4,6,rose
7.9,0.161,0.29,2.67,0.032825,50.1,114.9,0.989362,3.03,0.33,12.8,6,rose
6.7,0.207,0.29,1.37,0.021934,18.8,72.9,0.990998,3.11,0.42,11.0,6,rose
6.6,0.196,0.46,17.78,0.054026,56.4,182.3,1.000272,2.99,0.61,8.6,7,rose
5.9,0.336,0.16,1.79,0.050714,18.4,100.2,0.993739,3.38,0.6,9.9,6,rose
7.0,0.201,0.37,1.54,0.033042,37.2,148.6,0.993173,3.35,0.56,11.0,6,rose
8.0,0.184,0.45,1.63,0.044253,15.0,99.0,0.991675,3.14,0.4,11.0,7,rose
8.5,0.231,0.28,4.76,0.033302,32.4,98.7,0.992698,3.0,0.32,11.9,5,rose
7.9,0.378,0.28,9.89,0.060179,32.0,180.1,0.995111,3.04,0.43,10.7,6,rose
10.8,0.344,0.51,1.7,0.132416,19.3,43.6,0.997087,3.28,0.75,11.6,6,rose
5.0,0.588,0.0,1.68,0.043217,10.5,88.5,0.992789,3.56,0.94,12.8,6,rose
6.7,0.24,0.41,2.27,0.040349,49.0,118.7,0.990577,3.24,0.41,12.0,7,rose
10.5,0.323,0.48,2.14,0.063079,15.8,35.5,0.997396,3.15,0.53,9.7,7,rose
6.4,0.199,0.4,14.34,0.03812,45.7,133.7,0.996681,3.29,0.72,10.3,6,rose
7.5,0.189,0.28,8.66,0.063629,23.6,107.9,0.995829,2.94,0.54,9.2,6,rose
7.8,0.359,0.44,8.05,0.257672,27.3,141.6,0.99571,3.1,0.42,10.2,6,rose
7.3,0.362,0.3,6.15,0.042413,48.0,147.5,0.990457,3.16,0.3,13.7,6,rose
7.6,0.275,0.8,12.03,0.039822,49.1,162.4,0.998637,2.97,0.42,8.8,4,rose
11.4,0.41,0.5,2.92,0.097226,17.8,46.4,0.998119,3.09,0.59,10.3,6,rose
5.7,0.234,0.29,0.77,0.040637,38.2,118.3,0.99269,3.6,0.49,9.5,7,rose
6.7,0.15,0.35,2.1,0.033292,25.2,91.7,0.98872,3.23,0.34,13.2,5,rose
7.1,0.696,0.06,1.57,0.061321,19.9,31.0,0.997413,3.44,0.67,9.8,7,rose
6.2,0.162,0.4,1.23,0.029448,15.1,80.5,0.989587,3.18,0.96,13.3,6,rose
7.1,0.367,0.44,2.41,0.072804,25.2,47.3,0.99569,3.4,0.85,11.0,6,rose
7.0,0.162,0.34,8.48,0.04328,37.5,129.4,0.995724,3.23,0.34,9.1,5,rose
6.4,0.198,0.3,11.34,0.045974,51.0,149.3,0.994516,3.23,0.37,10.8,4,rose
7.0,0.259,0.39,2.18,0.032579,27.5,110.1,0.99078,3.25,0.56,12.4,7,rose
7.0,0.229,0.29,2.0,0.06687,17.7,19.6,0.996435,3.64,0.81,10.0,4,rose
7.7,0.303,0.25,8.59,0.02105,56.2,157.7,0.994636,3.08,0.38,11.1,5,rose
6.8,0.199,0.3,8.06,0.048433,28.4,219.1,0.995879,3.27,0.57,10.3,5,rose
6.4,0.198,0.22,6.96,0.035724,52.6,168.7,0.99425,3.23,0.58,10.9,7,rose
6.8,0.203,0.74,2.83,0.04262,43.2,145.4,0.991093,3.31,0.41,12.3,6,rose
7.1,0.153,0.34,1.28,0.040363,22.9,177.6,0.992377,3.33,0.63,10.7,6,rose
6.2,0.352,0.04,1.81,0.068091,27.1,127.3,0.99317,3.26,0.54,9.3,7,rose
6.0,0.515,0.05,1.61,0.088001,12.2,34.4,0.996334,3.46,0.45,10.0,7,rose
7.5,0.443,0.38,2.37,0.082311,4.3,17.3,0.995629,3.43,0.54,12.1,6,rose
7.2,0.623,0.01,2.32,0.096088,12.9,41.2,0.997404,3.35,0.59,9.0,6,rose
7.2,0.476,0.65,8.42,0.079758,27.7,182.8,0.996398,3.0,0.34,9.1,6,rose
6.8,0.257,0.33,8.42,0.052562,46.5,186.3,0.994511,3.11,0.53,9.9,5,rose
7.5,0.272,0.48,4.14,0.037574,94.2,151.6,0.99203,2.94,0.61,11.3,7,rose
6.8,0.528,0.27,6.87,0.048383,7.4,184.5,0.994437,3.15,0.39,9.3,5,rose
8.2,0.255,0.38,3.85,0.046636,17.6,128.5,0.992744,3.22,0.38,11.6,5,rose
7.6,0.303,0.27,6.46,0.045697,29.6,163.5,0.993863,3.14,0.47,10.6,6,rose
7.5,0.317,0.25,9.74,0.032223,14.4,134.9,0.994261,3.08,0.47,12.2,5,rose
6.2,0.209,0.31,1.8,0.034232,40.0,129.6,0.99161,3.45,0.57,11.0,6,rose
6.8,0.316,0.24,6.85,0.125466,36.2,119.6,0.995369,3.1,0.5,9.4,7,rose
6.3,0.338,0.36,5.24,0.043243,41.1,218.0,0.994374,3.1,0.48,9.8,6,rose
7.2,0.799,0.09,11.57,0.040746,47.4,204.9,0.997623,3.15,0.47,9.1,7,rose
6.4,0.261,0.38,1.44,0.177565,7.1,57.6,0.992507,3.09,0.53,10.2,6,rose
6.3,0.306,0.12,4.59,0.053377,7.0,98.2,0.994044,3.15,0.49,9.2,5,rose
10.5,0.261,0.48,1.6,0.077967,5.7,27.2,0.997462,3.19,1.05,10.8,6,rose
7.2,0.311,0.48,14.1,0.058176,54.5,195.4,0.997944,3.11,0.51,9.3,6,rose
6.6,0.174,0.4,13.72,0.041719,46.9,124.5,0.996979,3.28,0.71,10.3,6,rose
6.0,0.156,0.33,5.79,0.041046,31.6,120.1,0.993744,3.32,0.58,10.1,5,rose
7.4,0.25,0.36,2.72,0.038527,31.5,180.4,0.990972,3.27,0.41,11.8,6,rose
5.6,0.267,0.17,1.23,0.037934,17.4,139.3,0.991738,3.34,0.34,10.1,7,rose
5.9,0.305,0.19,1.68,0.035484,48.4,148.6,0.992015,3.39,0.53,11.0,6,rose
6.3,0.288,0.44,6.83,0.048485,48.9,171.3,0.995417,3.14,0.5,9.0,6,rose
6.4,0.161,0.37,2.29,0.03418,44.0,150.6,0.992246,3.42,0.68,10.7,6,rose
7.4,0.673,0.13,2.26,0.186901,4.7,26.6,0.995957,3.39,0.54,9.3,5,rose
9.1,0.65,0.26,3.47,0.098333,11.7,41.4,0.999641,3.29,0.57,9.7,6,rose
7.8,0.365,0.12,2.54,0.094982,19.0,36.4,0.995969,3.17,0.49,9.3,6,rose
6.5,0.25,0.5,7.19,0.047523,53.6,205.3,0.995843,3.24,0.43,9.1,5,rose
6.7,0.132,0.39,2.46,0.035683,21.2,82.3,0.990365,3.07,0.56,11.4,6,rose
6.5,0.323,0.25,2.07,0.04523,20.8,124.9,0.990084,3.22,0.5,13.1,7,rose
6.5,0.213,0.74,12.66,0.043243,53.0,178.1,0.997808,3.57,0.68,10.1,6,rose
7.7,0.195,0.6,2.16,0.049485,45.0,169.8,0.993501,3.03,0.55,10.1,7,rose
6.8,0.355,0.2,1.99,0.089052,20.9,58.2,0.995526,3.4,0.56,10.1,6,rose
5.0,0.234,0.27,12.06,0.028793,33.7,118.0,0.995779,3.07,0.48,9.5,6,rose
7.7,0.134,0.45,1.56,0.044287,23.9,106.8,0.99318,3.12,0.74,10.4,6,rose
6.7,0.272,0.42,2.64,0.034727,45.8,125.0,0.990494,3.25,0.42,11.9,5,rose
6.5,0.873,0.03,3.14,0.070806,24.6,56.7,0.995405,3.6,0.48,12.7,5,rose
7.3,0.372,0.66,8.57,0.053526,11.0,103.3,0.995555,3.19,0.51,10.9,8,rose
6.4,0.299,0.33,4.41,0.033109,33.8,101.2,0.991342,3.37,0.59,12.4,6,rose
6.8,0.268,0.39,10.72,0.050137,34.1,134.8,0.995211,3.04,0.49,10.3,7,rose
7.9,0.66,0.24,2.08,0.071657,6.4,31.6,0.996506,3.29,1.2,10.4,7,rose
7.0,0.448,0.41,8.46,0.048625,10.3,153.4,0.99775,3.33,0.44,9.6,7,rose
6.2,0.294,0.26,3.9,0.025681,23.2,111.4,0.988414,2.98,0.61,13.0,6,rose
7.1,0.282,0.33,14.7,0.042719,49.2,154.4,0.999705,3.34,0.67,8.7,6,rose
7.4,0.286,0.38,9.91,0.044084,36.3,133.5,0.998103,3.46,0.76,9.8,6,rose
6.1,0.292,0.33,2.12,0.04403,20.3,77.8,0.992342,3.3,0.43,10.1,6,rose
6.3,0.236,0.35,4.56,0.039607,40.8,148.8,0.991825,3.18,0.4,11.1,5,rose
12.5,0.353,0.65,3.15,0.087307,6.5,38.2,1.00093,3.19,0.69,9.8,5,rose
6.6,0.415,0.26,2.78,0.040528,23.4,85.5,0.990906,3.04,0.41,11.3,6,rose
7.8,0.199,0.33,6.81,0.020344,45.5,120.6,0.992643,3.0,0.4,11.0,6,rose
6.8,0.287,0.35,1.43,0.174889,34.9,156.8,0.993638,3.11,0.53,9.5,5,rose
7.1,0.37,0.22,8.41,0.057721,45.8,158.1,0.996466,3.19,0.55,9.2,5,rose
7.8,0.259,0.33,10.4,0.039394,74.2,215.0,0.997192,2.94,0.48,9.5,5,rose
11.3,0.338,0.45,1.58,0.083215,3.3,19.5,0.99887,2.94,0.65,9.2,6,rose
6.5,0.324,0.56,16.4,0.045206,47.6,187.1,0.998679,3.06,0.56,8.8,6,rose
8.1,0.343,0.52,1.78,0.094716,17.6,73.7,0.997628,3.38,0.8,9.5,6,rose
7.0,0.216,0.32,2.45,0.041804,27.7,138.2,0.993271,3.2,0.58,10.1,7,rose
6.0,0.419,0.41,12.19,0.03077,50.3,185.1,0.995994,3.13,0.6,9.8,5,rose
8.4,0.157,0.41,5.15,0.036111,5.5,71.8,0.994362,3.16,0.52,11.6,6,rose
8.2,0.173,0.42,14.05,0.058586,41.8,147.2,1.000471,3.28,0.75,8.7,5,rose
7.4,0.227,0.32,12.2,0.050217,24.7,185.7,0.999036,3.05,0.53,9.2,5,rose
6.7,0.26,0.28,15.75,0.048317,53.4,201.4,0.998143,3.14,0.51,9.4,5,rose
7.2,0.198,0.23,1.18,0.049418,41.0,100.3,0.99393,3.54,0.66,10.5,6,rose
6.6,0.349,0.34,2.62,0.05293,39.6,214.6,0.993518,3.15,0.61,10.1,6,rose
7.7,0.376,0.11,2.37,0.096804,19.3,19.3,0.995482,3.15,0.5,9.2,6,rose
9.2,0.331,0.38,1.66,0.08074,40.4,59.9,0.996723,3.48,0.7,10.9,5,rose
7.0,0.487,0.13,4.1,0.053456,22.4,78.6,0.993495,2.86,0.36,9.1,7,rose
9.2,0.288,0.32,2.33,0.06415,14.6,22.1,0.995399,3.27,0.85,11.7,6,rose
9.7,0.37,0.38,2.55,0.077514,25.1,69.4,0.997764,3.14,0.57,9.8,7,rose
6.4,0.261,0.41,0.84,0.181099,5.6,62.7,0.992484,3.11,0.55,10.0,7,rose
9.8,0.386,0.55,2.34,0.056546,6.5,13.2,0.997381,3.25,0.8,10.5,5,rose
6.5,0.231,0.3,1.0,0.043064,14.0,219.1,0.992289,3.33,0.42,10.9,6,rose
6.6,0.304,0.22,7.01,0.124758,33.3,120.6,0.995512,3.06,0.47,9.4,6,rose
6.4,0.197,0.32,1.18,0.040084,23.2,78.4,0.993013,3.38,0.51,10.2,6,rose
6.2,0.263,0.47,1.24,0.139331,26.2,106.9,0.992458,3.23,0.51,10.3,6,rose
6.1,0.319,0.24,4.99,0.049648,16.9,120.6,0.993789,3.14,0.39,9.1,5,rose
7.3,0.208,0.41,2.09,0.048447,22.7,89.1,0.990651,2.95,0.36,12.0,5,rose
6.1,0.267,0.31,6.25,0.047717,48.7,154.7,0.99294,3.22,0.59,11.2,5,rose
6.9,0.475,0.19,2.15,0.078329,10.9,24.7,0.995411,3.38,0.65,9.9,7,rose
10.0,0.372,0.51,2.74,0.105565,6.2,6.0,0.996962,3.22,0.66,11.6,6,rose
11.4,0.6,0.59,2.55,0.088743,13.0,48.7,0.998714,3.18,0.66,11.0,5,rose
8.6,0.227,0.45,15.29,0.053261,38.5,229.0,1.000492,3.01,0.66,9.1,6,rose
6.6,0.361,0.24,2.78,0.026504,26.0,85.9,0.990719,3.14,0.37,11.7,4,rose
7.6,0.35,0.33,3.13,0.026294,41.7,157.6,0.990087,3.03,0.34,12.4,7,rose
7.5,0.571,0.0,2.3,0.063474,7.7,19.2,0.995787,3.44,0.59,11.4,5,rose
6.8,0.337,0.41,2.71,0.036221,36.4,84.6,0.989329,3.11,0.39,13.3,5,rose
7.8,0.578,0.22,1.94,0.07412,9.9,38.3,0.998654,3.47,0.63,9.3,7,rose
7.3,0.377,0.34,1.58,0.02505,25.1,47.5,0.991518,3.21,0.33,11.3,6,rose
7.2,0.318,0.3,8.16,0.04972,38.2,186.0,0.996847,3.16,0.49,9.1,6,rose
8.7,0.494,0.3,5.06,0.020304,21.9,102.1,0.991508,2.98,0.39,12.4,6,rose
6.9,0.271,0.36,2.09,0.039022,14.1,98.7,0.990525,3.06,0.38,11.8,6,rose
6.8,0.188,0.3,12.77,0.065668,20.2,174.5,0.997743,3.03,0.52,9.0,6,rose
6.2,0.218,0.16,2.19,0.047439,45.7,135.6,0.990928,3.31,0.44,11.4,7,rose
9.4,0.399,0.45,2.62,0.085649,4.7,25.6,0.997491,3.15,0.49,10.5,5,rose
7.6,0.794,0.41,1.72,0.092486,9.4,85.2,0.995709,3.22,0.6,9.4,8,rose
6.8,0.517,0.08,2.19,0.064259,4.1,12.7,0.995733,3.36,0.55,10.5,5,rose
6.8,0.324,0.33,1.91,0.052197,39.9,209.7,0.9935,3.15,0.61,10.0,6,rose
8.6,0.669,0.08,1.37,0.089055,3.8,12.1,0.997513,3.31,0.67,9.6,6,rose
6.5,0.382,0.14,2.76,0.037205,13.4,20.5,0.995151,3.44,0.63,11.2,6,rose
6.7,0.328,0.52,2.27,0.026404,5.3,61.5,0.991303,3.07,0.44,10.3,4,rose
6.3,0.586,0.1,2.41,0.082024,32.3,50.8,0.995416,3.44,0.58,10.6,5,rose
6.1,0.239,0.16,9.22,0.046227,100.1,207.0,0.995825,3.05,0.31,9.2,6,rose
11.9,0.583,0.56,1.95,0.067088,4.5,17.1,0.998058,3.09,0.62,10.2,5,rose
6.6,0.399,0.35,3.48,0.044818,12.3,54.4,0.992967,3.37,0.61,12.1,7,rose
6.3,0.329,0.44,8.39,0.058326,53.4,159.7,0.994578,3.13,0.48,9.5,5,rose
8.0,0.301,0.63,1.1,0.084279,13.4,32.8,0.996084,3.29,0.79,10.8,5,rose
8.6,0.461,0.31,1.71,0.088786,21.0,46.1,0.998511,3.36,0.92,10.0,5,rose
5.4,0.162,0.24,0.92,0.05141,27.6,103.6,0.992471,3.3,0.5,9.1,5,rose
7.0,0.66,0.0,2.81,0.08257,17.1,32.2,0.998003,3.44,0.53,9.4,6,rose
5.8,0.402,0.22,1.64,0.046903,28.5,113.2,0.991647,3.29,0.53,11.2,6,rose
7.6,0.617,0.04,3.98,0.08426,24.8,47.9,0.997449,3.33,0.53,9.5,5,rose
7.7,0.24,0.38,2.46,0.046047,23.9,61.6,0.997267,3.43,0.72,12.2,7,rose
7.5,0.23,0.33,2.04,0.050094,29.2,91.9,0.993927,3.41,0.57,11.3,5,rose
6.8,0.655,0.08,2.04,0.06916,14.8,55.2,0.995866,3.31,0.59,9.1,5,rose
8.1,0.338,0.37,2.12,0.05154,45.2,64.5,0.994204,3.22,0.82,12.1,6,rose
12.0,0.391,0.5,2.27,0.095614,13.2,45.1,1.000742,3.15,0.61,10.4,6,rose
6.4,0.395,0.19,5.56,0.11745,57.8,189.6,0.994427,3.25,0.44,9.4,7,rose
7.0,0.206,0.74,0.6,0.041987,18.9,168.2,0.993173,3.45,0.54,10.1,6,rose
7.4,0.274,0.25,11.96,0.057014,24.6,149.5,0.997758,3.09,0.61,9.1,7,rose
8.5,0.258,0.38,1.9,0.040036,3.0,9.8,0.99345,3.27,0.7,12.5,7,rose
6.0,0.288,0.24,2.62,0.044127,21.1,109.9,0.989299,3.32,0.39,12.6,6,rose
7.1,0.108,0.43,0.9,0.041679,50.0,132.6,0.990907,3.17,0.74,11.3,5,rose
6.1,0.612,0.1,2.14,0.082489,15.2,25.1,0.995694,3.59,0.62,12.1,6,rose
7.9,0.2,0.37,2.28,0.053003,22.4,134.1,0.99171,3.07,0.52,10.9,7,rose
5.2,0.219,0.44,4.23,0.025112,19.9,130.8,0.992083,3.55,0.48,11.3,5,rose
5.9,0.151,0.31,7.2,0.045303,45.4,152.2,0.995066,3.64,0.48,10.6,5,rose
6.5,0.224,0.5,16.17,0.0478,36.9,178.4,0.999104,3.03,0.48,8.8,5,rose
6.9,0.247,0.31,1.95,0.031235,47.3,141.6,0.989881,3.24,0.4,12.6,5,rose
9.2,0.438,0.48,2.41,0.088502,21.5,113.8,0.997534,3.23,0.65,9.6,7,rose
7.3,0.16,0.42,2.6,0.03664,32.2,187.1,0.994315,3.4,0.4,10.7,6,rose
9.0,0.169,0.49,1.17,0.037918,47.3,127.2,0.992955,3.09,0.51,10.3,7,rose
7.9,0.389,0.26,9.9,0.062773,34.5,178.7,0.995733,3.04,0.43,10.9,6,rose
6.9,0.268,0.37,8.9,0.038089,17.0,76.8,0.994767,3.04,0.53,11.0,6,rose
10.7,0.397,0.42,2.14,0.086304,4.5,17.4,0.99844,3.09,0.68,9.2,5,rose
6.0,0.3,0.41,10.58,0.048639,54.3,139.7,0.993446,3.09,0.61,11.0,6,rose
6.3,0.373,0.23,5.31,0.036256,43.0,132.1,0.991455,3.25,0.44,11.3,6,rose
7.0,0.686,0.09,1.67,0.095273,23.9,83.6,0.99597,3.33,0.55,9.3,5,rose
6.7,0.167,0.31,4.07,0.056659,31.9,118.2,0.995713,3.43,0.39,9.0,5,rose
5.8,0.302,0.36,2.09,0.050825,36.9,115.3,0.992297,3.3,0.51,10.2,6,rose
6.3,0.279,0.51,6.37,0.044604,56.0,182.9,0.994476,3.18,0.71,10.5,7,rose
7.8,0.312,0.22,13.65,0.046395,43.7,211.5,0.999045,3.47,0.59,10.0,6,rose
8.8,0.4,0.4,1.67,0.070525,12.5,27.3,0.994992,3.27,0.75,12.7,7,rose
5.9,0.285,0.29,19.02,0.055491,38.4,176.0,0.998732,3.15,0.5,8.9,6,rose
6.3,0.226,0.41,1.39,0.031045,50.2,132.8,0.991378,3.41,0.5,11.5,7,rose
10.5,0.594,0.49,3.0,0.069668,14.6,49.0,0.998693,3.29,0.56,9.7,6,rose
7.6,0.29,0.61,12.24,0.046015,65.2,172.9,0.998309,3.07,0.48,9.1,6,rose
6.9,0.801,0.0,0.89,0.265105,18.0,38.3,0.994306,3.32,0.51,9.8,7,rose
8.1,0.266,0.35,1.41,0.026999,38.4,98.6,0.992781,3.23,0.63,10.3,5,rose
8.1,0.589,0.21,1.83,0.079027,10.8,67.3,0.996688,3.28,0.5,9.5,5,rose
9.9,0.66,0.4,3.11,0.083572,17.4,60.0,0.998503,3.36,0.73,11.4,5,rose
7.8,0.199,0.48,5.2,0.051742,36.8,151.1,0.995135,3.16,0.47,10.5,6,rose
6.1,0.228,0.23,11.83,0.035738,54.6,141.0,0.995017,3.19,0.41,10.7,7,rose
7.6,0.367,0.45,8.14,0.251915,25.1,140.0,0.995465,3.11,0.43,10.0,7,rose
7.0,0.573,0.01,2.48,0.079948,23.7,39.9,0.995623,3.44,0.58,10.7,6,rose
6.5,0.221,0.36,16.08,0.038734,43.3,135.2,0.998958,3.26,0.42,8.9,5,rose
6.3,0.463,0.25,4.11,0.068348,61.2,202.6,0.99366,3.26,0.51,9.8,5,rose
5.1,0.339,0.16,0.86,0.04944,11.1,97.2,0.992041,3.47,0.44,10.7,5,rose
6.3,0.411,0.24,1.85,0.025889,4.3,53.5,0.989497,3.02,0.81,13.2,7,rose
8.2,0.295,0.44,7.76,0.04612,18.0,86.7,0.996447,3.22,0.65,10.4,4,rose
9.2,0.282,0.32,1.39,0.060365,14.4,24.2,0.994931,3.25,0.84,11.9,7,rose
8.3,0.697,0.13,2.41,0.088132,9.5,49.0,0.996409,3.23,0.77,9.4,7,rose
6.8,0.218,0.3,11.7,0.057498,25.9,128.4,0.998788,3.43,0.44,9.4,6,rose
7.3,0.262,0.26,1.63,0.036748,39.8,90.2,0.992303,3.19,0.7,10.2,7,rose
6.9,0.277,0.28,7.58,0.043456,24.7,89.3,0.991332,3.24,0.35,12.5,5,rose
6.7,0.19,0.36,1.75,0.022581,42.3,108.8,0.990298,3.11,0.44,11.6,6,rose
7.2,0.203,0.25,13.62,0.057716,44.1,156.4,0.998138,2.96,0.42,8.9,5,rose
8.0,0.298,0.5,6.65,0.045131,21.3,129.6,0.994488,3.15,0.39,10.9,6,rose
8.8,0.743,0.18,2.88,0.073976,14.6,54.6,0.997843,3.21,0.46,9.6,5,rose
5.9,0.184,0.27,3.43,0.030527,29.8,122.9,0.989062,3.43,0.31,13.6,5,rose
5.8,0.328,0.17,6.96,0.037906,25.1,115.1,0.994465,3.46,0.45,10.0,6,rose
7.5,0.313,0.51,1.89,0.030137,45.4,109.6,0.99036,3.08,0.45,12.6,5,rose
6.4,0.33,0.28,8.11,0.047834,48.5,169.1,0.992914,3.28,0.43,11.1,5,rose
5.7,0.276,0.26,1.91,0.061843,3.3,8.2,0.991368,3.38,0.54,13.5,6,rose
6.0,0.416,0.43,1.79,0.073464,14.5,13.3,0.994374,3.46,0.88,11.1,5,rose
6.5,0.257,0.35,7.73,0.05924,43.7,180.6,0.995137,3.15,0.49,9.3,6,rose
6.2,0.286,0.44,8.96,0.056597,47.1,224.7,0.996622,3.14,0.49,9.1,8,rose
7.7,0.297,0.42,2.27,0.052297,27.0,175.6,0.994164,3.2,0.53,9.8,7,rose
6.5,0.242,0.33,7.26,0.023008,14.4,77.5,0.993021,3.11,0.54,10.9,6,rose
6.5,0.137,0.29,13.71,0.05497,30.6,92.3,0.99711,3.17,0.39,9.5,6,rose
6.1,0.298,0.14,1.09,0.026175,11.6,83.1,0.989799,3.29,0.43,11.2,6,rose
8.7,0.25,0.36,0.6,0.047686,12.9,70.9,0.992235,3.08,0.38,10.6,4,rose
10.5,0.384,0.59,2.16,0.08756,7.3,24.4,0.997002,3.15,0.72,10.9,6,rose
8.7,0.479,0.3,2.45,0.077428,32.6,64.1,0.997959,3.35,0.53,9.7,6,rose
6.8,0.324,0.42,1.71,0.043985,28.9,120.1,0.990193,3.24,0.44,12.7,5,rose
6.0,0.204,0.29,5.14,0.037448,50.3,135.5,0.992196,3.18,0.45,11.5,6,rose
9.0,0.339,0.3,2.66,0.084569,12.1,16.2,0.995243,3.15,0.54,10.4,7,rose
6.8,0.22,0.76,0.91,0.042558,22.2,108.0,0.991337,3.14,0.41,10.8,6,rose
6.5,0.349,0.44,8.08,0.041832,50.2,200.1,0.995335,3.16,0.47,9.6,6,rose
7.4,0.113,0.33,2.5,0.017424,15.9,35.5,0.989973,3.02,0.51,12.1,7,rose
6.9,0.13,0.31,12.82,0.053325,32.8,83.0,0.996447,3.22,0.33,9.8,6,rose
7.6,0.36,0.29,12.49,0.046904,25.2,209.5,0.998766,3.27,0.6,9.3,6,rose
6.9,0.202,0.4,6.28,0.041509,18.8,105.2,0.994092,3.12,0.42,10.6,5,rose
9.5,0.595,0.5,2.23,0.079722,27.1,71.1,0.999914,3.5,0.56,9.5,7,rose
8.3,0.355,0.4,2.43,0.063096,23.0,57.2,0.995283,3.35,0.86,11.2,7,rose
9.0,0.191,0.42,1.69,0.047582,17.0,106.6,0.995128,3.08,0.67,10.0,5,rose
6.4,0.349,0.29,12.71,0.05329,87.7,213.7,0.996438,3.16,0.52,10.0,5,rose
7.6,0.292,0.21,5.65,0.056578,35.9,180.3,0.992571,3.12,0.45,11.6,6,rose
6.5,0.515,0.17,1.81,0.045881,4.0,21.0,0.993344,3.27,0.3,9.9,7,rose
5.8,0.172,0.27,0.89,0.041677,22.4,64.9,0.991275,3.29,0.5,9.9,5,rose
4.9,0.338,0.17,1.52,0.048766,10.6,91.3,0.991844,3.48,0.43,10.7,5,rose
6.2,0.25,0.3,10.19,0.059159,56.8,124.5,0.993848,3.22,0.37,10.9,6,rose
7.1,0.249,0.36,3.05,0.034321,22.2,114.8,0.990456,3.18,0.39,12.5,5,rose
7.3,0.314,0.41,13.5,0.043124,43.9,200.6,0.998752,3.19,0.64,9.1,5,rose
9.5,0.77,0.22,2.2,0.074666,5.1,31.9,0.999079,3.26,0.56,10.5,6,rose
11.0,0.299,0.55,1.77,0.063724,1.7,9.2,0.995623,3.01,0.81,11.0,5,rose
5.8,0.553,0.28,4.34,0.053754,16.2,124.1,0.994337,3.26,0.45,9.1,6,rose
6.4,0.199,0.24,1.87,0.055309,36.0,144.3,0.994056,3.78,0.68,10.8,6,rose
7.3,0.229,0.34,5.55,0.058738,36.3,184.8,0.994906,3.09,0.5,10.3,8,rose
6.9,0.629,0.32,6.39,0.229806,66.8,114.5,0.997871,3.21,0.56,9.4,5,rose
7.6,0.38,0.57,2.27,0.109028,4.3,6.0,0.996041,3.36,0.57,11.4,5,rose
7.3,0.239,0.38,14.51,0.058386,57.4,187.1,0.997846,3.11,0.43,8.9,7,rose
6.3,0.248,0.32,1.15,0.032938,7.1,119.6,0.990195,3.42,0.46,12.1,6,rose
7.2,0.554,0.14,2.43,0.075621,20.7,39.0,0.996513,3.41,0.59,10.1,6,rose
7.3,0.267,0.73,12.13,0.037824,48.5,154.6,0.998245,3.02,0.42,8.6,6,rose
6.5,0.271,0.3,11.3,0.063985,67.1,177.3,0.997404,2.9,0.57,8.9,4,rose
7.3,0.819,0.0,1.77,0.167833,5.2,6.0,0.996176,3.37,0.53,10.1,4,rose
9.9,0.508,0.19,3.5,0.076782,7.7,28.9,0.998401,3.24,0.59,10.6,4,rose
8.8,0.408,0.64,1.86,0.092502,8.1,36.2,0.998638,3.53,0.66,10.5,5,rose
6.2,0.278,0.28,8.11,0.048112,40.4,161.4,0.995168,3.2,0.52,9.9,5,rose
6.3,0.445,0.49,7.17,0.040641,14.0,116.0,0.996195,3.27,0.58,9.2,5,rose
6.9,0.294,0.45,18.89,0.056462,65.8,224.7,0.999365,3.12,0.54,9.2,7,rose
6.8,0.213,0.38,1.3,0.026568,28.9,112.5,0.990291,3.11,0.38,11.6,5,rose
5.0,0.615,0.13,0.66,0.010645,67.6,98.8,0.987592,3.27,0.37,13.4,5,rose
6.4,0.402,0.32,3.66,0.044992,10.6,54.1,0.992732,3.37,0.6,12.2,6,rose
7.7,0.374,0.32,3.62,0.036162,21.6,87.6,0.991513,3.06,0.6,12.5,5,rose
6.4,0.26,0.21,6.06,0.040863,26.8,118.9,0.990678,3.24,0.47,12.6,7,rose
7.2,0.251,0.27,1.79,0.046525,52.2,179.3,0.99246,3.2,0.43,11.0,6,rose
4.7,0.253,0.22,10.48,0.034933,23.6,111.0,0.992778,3.47,0.27,11.5,5,rose
8.1,0.366,0.63,13.61,0.044342,22.4,164.2,0.998698,3.0,0.8,9.3,6,rose
8.3,0.211,0.35,3.93,0.048763,41.6,173.7,0.993372,3.22,0.42,11.7,5,rose
8.0,0.347,0.49,9.13,0.036782,39.2,182.8,0.993592,3.11,0.39,12.2,6,rose
6.4,0.329,0.28,1.89,0.038964,44.1,187.7,0.992912,3.12,0.39,9.6,5,rose
7.4,0.366,0.25,2.01,0.064592,26.1,45.9,0.995946,3.43,0.56,10.0,6,rose
5.6,0.2,0.37,2.68,0.052643,15.7,130.1,0.992748,3.48,0.5,10.0,6,rose
7.0,0.132,0.39,2.76,0.050016,34.1,100.9,0.992565,3.14,0.4,10.3,5,rose
6.5,0.189,0.33,9.52,0.052908,26.1,94.6,0.996596,3.37,0.49,9.5,6,rose
6.7,0.337,0.34,8.81,0.034245,29.9,109.2,0.9922,3.12,0.64,12.9,6,rose
9.3,0.751,0.19,2.19,0.152758,10.2,99.7,0.997349,2.88,1.34,10.1,5,rose
6.8,0.186,0.22,5.29,0.053917,35.1,111.0,0.994436,3.31,0.43,9.6,6,rose
8.5,0.317,0.31,2.83,0.066344,5.4,7.0,0.994482,3.29,0.77,12.7,5,rose
8.4,0.2,0.26,9.66,0.031008,71.5,137.5,0.99449,3.04,0.37,11.4,7,rose
6.8,0.232,0.38,14.79,0.055932,57.5,175.0,0.999419,3.35,0.82,9.5,5,rose
8.2,0.291,0.48,0.84,0.046155,30.6,117.9,0.992719,3.23,0.36,10.9,5,rose
9.2,0.347,0.51,16.83,0.060152,45.5,237.9,1.001425,3.09,0.61,8.8,6,rose
7.6,0.358,0.46,8.42,0.255532,27.0,144.1,0.995686,3.09,0.41,10.2,5,rose
12.8,0.326,0.71,2.73,0.073329,7.1,24.5,0.998833,2.88,0.81,9.8,6,rose
7.2,0.307,0.73,13.7,0.037846,45.7,159.1,0.998418,3.03,0.41,8.6,7,rose
6.3,0.297,0.28,3.36,0.037906,31.5,144.5,0.989454,3.17,0.36,12.6,5,rose
7.6,0.409,0.13,11.31,0.047054,18.8,101.5,0.99595,3.2,0.33,10.8,5,rose
6.5,0.289,0.52,7.84,0.051636,34.0,196.7,0.995235,3.15,0.5,9.4,6,rose
8.1,0.182,0.29,2.78,0.027614,50.7,123.1,0.989574,3.04,0.33,13.0,6,rose
7.2,0.178,0.31,0.66,0.036073,39.9,128.2,0.989791,3.11,0.39,11.9,7,rose
9.8,0.5,0.18,3.39,0.077094,8.6,27.5,0.998451,3.21,0.6,10.6,7,rose
8.3,0.494,0.45,1.47,0.035682,20.8,130.4,0.993811,3.21,0.43,11.0,7,rose
6.7,0.229,0.29,15.48,0.072609,58.5,174.3,0.998557,3.05,0.41,8.6,5,rose
6.4,0.37,0.38,1.46,0.020759,9.9,77.9,0.988461,2.95,0.4,12.4,7,rose
7.5,0.135,0.39,1.05,0.021589,43.4,108.0,0.990804,3.29,0.55,11.7,5,rose
7.3,0.496,0.3,5.41,0.042445,17.8,101.3,0.994679,3.25,0.46,10.7,6,rose
8.0,0.171,0.2,1.45,0.034376,24.9,127.1,0.993895,3.16,0.51,10.2,5,rose
10.9,0.253,0.44,2.92,0.062474,21.0,47.2,0.997135,3.12,0.56,9.7,5,rose
7.5,0.238,0.38,13.65,0.060151,52.5,191.5,0.997411,2.99,0.43,9.3,7,rose
7.5,0.377,0.59,2.15,0.073856,22.4,41.7,0.996745,3.4,0.79,11.2,5,rose
5.6,0.661,0.0,2.65,0.087484,4.6,18.4,0.993906,3.72,0.63,12.9,6,rose
7.6,0.325,0.35,2.4,0.079781,25.6,34.8,0.993279,3.21,0.59,12.5,6,rose
7.3,0.217,0.36,4.94,0.051602,36.0,190.4,0.995006,3.08,0.51,10.2,6,rose
8.2,0.147,0.47,1.91,0.054214,32.4,100.5,0.994357,3.17,0.41,10.2,7,rose
6.8,0.165,0.41,12.75,0.044825,80.0,178.5,0.997491,3.25,0.78,10.3,5,rose
6.7,0.138,0.31,4.92,0.053127,47.5,135.7,0.994417,3.5,0.46,10.3,5,rose
6.5,0.303,0.33,3.36,0.036777,27.7,115.6,0.990706,3.29,0.48,12.1,6,rose
8.4,0.259,0.43,2.16,0.078721,12.2,23.7,0.997309,3.19,0.78,9.6,5,rose
6.7,0.276,0.3,1.46,0.042563,26.6,121.5,0.994519,3.43,0.61,10.3,5,rose
9.3,0.326,0.58,2.55,0.077981,7.5,36.9,0.99709,3.13,0.55,12.0,5,rose
6.9,0.577,0.18,2.59,0.072559,19.1,41.9,0.996029,3.39,0.6,10.0,4,rose
6.2,1.092,0.16,4.22,0.034046,7.8,106.0,0.99087,3.35,0.46,12.4,6,rose
8.9,0.742,0.19,1.86,0.074246,16.6,44.1,0.997247,3.19,0.47,9.8,6,rose
7.3,0.329,0.48,14.49,0.041666,62.6,195.4,0.998125,3.05,0.57,9.4,8,rose
8.7,0.695,0.33,2.63,0.086549,21.7,81.3,1.000359,3.46,0.73,11.6,7,rose
6.6,0.412,0.24,2.58,0.033519,26.3,94.0,0.990785,3.03,0.34,11.7,5,rose
7.8,0.316,0.32,1.94,0.038864,23.5,125.4,0.992165,2.93,0.33,11.1,6,rose
7.7,0.3,0.35,2.0,0.029935,27.4,166.5,0.991096,2.99,0.49,12.0,6,rose
6.1,0.303,0.27,13.32,0.049782,56.3,205.7,0.997923,3.17,0.43,9.5,7,rose
6.5,0.245,0.4,17.46,0.048764,20.5,124.4,0.99895,3.11,0.45,9.2,6,rose
7.3,0.167,0.3,1.09,0.045215,21.2,82.1,0.992217,3.31,0.41,10.7,5,rose
5.7,0.234,0.26,7.88,0.046169,31.1,99.6,0.99442,3.19,0.42,10.3,6,rose
7.2,0.317,0.25,15.6,0.050349,67.8,204.7,0.999525,3.06,0.67,9.5,5,rose
8.1,0.734,0.0,2.28,0.073917,8.4,30.2,0.996523,3.37,0.55,9.6,6,rose
6.3,0.328,0.21,3.15,0.051224,33.1,106.3,0.99495,3.16,0.49,8.3,5,rose
6.7,0.243,0.3,12.62,0.052329,18.6,146.9,0.998138,3.38,0.5,9.3,7,rose
6.7,0.173,0.31,10.2,0.048044,56.1,137.2,0.995154,3.21,0.38,10.7,7,rose
9.0,0.306,0.36,1.87,0.062231,15.6,18.1,0.995162,3.25,0.84,11.8,6,rose
7.3,0.255,0.31,1.48,0.042961,39.5,181.3,0.991998,3.2,0.52,11.4,7,rose
10.4,0.352,0.58,4.44,0.171567,3.9,17.1,0.997084,3.18,0.74,11.3,5,rose
6.7,0.18,0.35,5.1,0.059222,32.9,128.0,0.994618,3.34,0.43,9.5,5,rose
6.3,0.4,0.28,2.93,0.030472,49.7,160.4,0.992632,3.54,0.8,11.6,6,rose
7.5,0.213,0.31,14.05,0.052884,52.5,208.6,0.998836,3.15,0.47,8.9,7,rose
8.8,0.621,0.16,1.47,0.100325,14.0,46.6,0.99619,3.12,0.57,11.0,6,rose
8.1,0.283,0.35,11.14,0.029625,43.3,206.4,0.996811,3.18,0.47,10.4,7,rose
6.7,0.241,0.4,8.53,0.042898,47.9,187.9,0.995833,3.16,0.52,9.4,6,rose
10.4,0.426,0.51,2.34,0.067978,10.8,19.7,0.996002,3.1,0.87,11.4,5,rose
6.7,0.232,0.3,2.09,0.048116,29.5,93.1,0.992616,3.33,0.66,10.7,6,rose
6.9,0.24,0.29,11.64,0.041647,53.9,127.0,0.995428,3.05,0.57,10.4,5,rose
6.3,0.23,0.29,12.63,0.050212,109.7,143.9,0.997379,3.11,0.48,9.6,6,rose
9.0,0.383,0.3,5.52,0.086434,13.0,40.6,0.998723,3.38,0.76,10.8,5,rose
8.3,0.228,0.37,3.43,0.053734,41.7,170.8,0.992804,3.2,0.42,11.7,6,rose
8.3,0.223,0.5,2.53,0.057732,13.3,106.2,0.992726,3.18,0.35,11.4,6,rose
5.8,0.147,0.27,3.44,0.050262,57.8,152.1,0.991391,3.24,0.29,11.0,8,rose
6.8,0.432,0.25,5.65,0.039919,37.1,184.1,0.991236,3.17,0.41,12.3,6,rose
7.0,0.182,0.35,1.37,0.047123,14.0,126.3,0.9927,3.24,0.46,11.6,5,rose
7.0,0.189,0.34,4.34,0.066117,32.3,150.5,0.995104,3.36,0.49,9.8,4,rose
4.9,0.249,0.2,5.11,0.042227,13.9,97.7,0.994161,3.68,0.56,9.9,6,rose
6.6,0.244,0.18,10.91,0.045472,46.3,126.8,0.996242,2.97,0.52,9.8,5,rose
7.1,0.268,0.34,15.89,0.043962,33.2,178.3,0.996641,3.17,0.37,11.0,7,rose
6.7,0.203,0.37,17.33,0.044318,29.1,127.7,1.000348,3.27,0.49,8.8,5,rose
7.4,0.173,0.36,7.89,0.028285,40.9,115.9,0.992827,3.15,0.4,12.3,7,rose
7.6,0.292,0.31,0.87,0.040768,48.6,157.8,0.99388,3.42,0.5,10.1,6,rose
6.1,0.212,0.33,4.64,0.028903,24.3,82.8,0.990189,3.37,0.43,13.4,4,rose
8.0,0.331,0.23,13.16,0.045203,45.3,213.1,0.998947,3.48,0.6,10.0,5,rose
8.5,0.195,0.27,6.33,0.043998,31.2,145.0,0.996322,3.27,0.51,9.2,5,rose
11.4,0.321,0.55,2.44,0.084705,4.4,12.2,0.998614,3.0,0.69,9.2,5,rose
7.3,0.597,0.19,9.23,0.074437,19.3,170.4,0.997171,3.02,0.55,9.1,7,rose
6.1,0.245,0.46,12.37,0.050003,61.5,203.9,0.99677,3.2,0.52,9.7,5,rose
6.3,0.318,0.26,7.24,0.052,53.2,172.8,0.995289,3.14,0.5,9.6,6,rose
7.2,0.253,0.42,14.11,0.04478,54.2,182.3,0.999546,3.29,0.75,9.2,6,rose
9.1,0.517,0.33,0.6,0.073966,7.7,25.6,0.998186,3.24,0.62,9.3,6,rose
6.0,0.267,0.27,15.42,0.031469,31.6,134.8,0.993787,3.2,0.43,12.8,7,rose
7.0,0.27,0.19,7.91,0.054048,52.6,190.3,0.995992,3.17,0.51,9.7,8,rose
6.6,0.138,0.32,7.48,0.036383,15.7,86.1,0.995208,3.27,0.31,10.0,6,rose
7.2,0.178,0.41,2.12,0.054768,24.0,161.9,0.995065,3.47,0.62,10.5,7,rose
5.7,0.278,0.28,2.48,0.023319,14.5,74.0,0.990436,3.07,0.53,11.3,5,rose
12.0,0.623,0.49,1.38,0.069539,7.6,27.5,0.998495,3.1,0.6,10.6,7,rose
6.4,0.136,0.29,1.11,0.034912,51.4,139.9,0.990857,3.39,0.33,11.6,6,rose
5.3,0.535,0.18,2.78,0.031135,37.0,131.5,0.98842,3.21,0.53,13.3,5,rose
7.6,0.433,0.29,1.56,0.071778,16.5,65.5,0.996864,3.4,0.64,9.6,7,rose
7.9,0.344,0.46,3.05,0.084795,14.0,42.8,0.997285,3.37,0.86,12.8,5,rose
7.4,0.185,0.29,6.25,0.026141,52.6,162.7,0.99229,3.02,0.37,11.1,8,rose
7.2,0.286,0.43,19.99,0.065377,50.1,192.3,1.00017,2.93,0.44,9.0,6,rose
7.6,0.443,0.26,12.06,0.030468,41.1,176.9,0.994637,3.1,0.41,11.2,5,rose
9.1,0.387,0.43,2.35,0.099757,4.2,17.5,0.995751,3.14,0.58,11.9,7,rose
6.5,0.171,0.26,7.84,0.049467,13.3,69.5,0.993647,3.16,0.39,10.0,5,rose
7.4,0.393,0.29,1.75,0.056011,21.9,182.2,0.991126,3.24,0.39,11.5,6,rose
8.0,0.169,0.31,1.63,0.048656,46.8,142.8,0.994424,3.28,0.75,9.6,4,rose
7.3,0.204,0.3,14.78,0.041273,38.9,194.9,0.998563,3.1,0.51,9.0,6,rose
7.4,0.287,0.68,8.14,0.030065,56.3,168.8,0.996887,2.89,0.4,8.9,7,rose
6.7,0.136,0.31,5.11,0.052592,48.1,128.6,0.99512,3.53,0.45,10.4,5,rose
7.0,0.245,0.29,12.65,0.047304,64.9,242.4,0.996746,3.04,0.4,9.2,6,rose
6.3,0.464,0.21,0.6,0.045142,12.0,103.5,0.993689,3.15,0.45,9.1,7,rose
5.9,0.249,0.24,11.21,0.052904,30.6,158.0,0.996867,3.25,0.44,9.6,6,rose
6.5,0.329,0.25,4.93,0.058536,29.3,135.1,0.991689,3.25,0.49,12.2,6,rose
7.1,0.288,0.37,13.23,0.038534,37.9,142.6,0.998152,3.28,0.79,9.7,7,rose
6.0,0.428,0.26,1.4,0.025208,22.7,111.1,0.991705,3.3,0.37,10.4,6,rose
7.5,0.296,0.29,9.62,0.013188,22.2,91.4,0.993578,3.07,0.28,11.0,5,rose
5.0,0.316,0.22,11.89,0.028446,23.4,164.4,0.993124,3.4,0.65,11.9,7,rose
7.7,0.689,0.09,13.3,0.044401,44.6,222.6,0.997151,3.11,0.49,9.2,6,rose
6.2,0.215,0.29,1.65,0.051773,48.0,146.7,0.992874,3.23,0.44,9.9,5,rose
7.1,0.165,0.4,13.65,0.045302,48.4,156.6,0.999491,3.33,0.77,9.2,5,rose
11.3,0.599,0.49,2.91,0.079585,9.4,42.1,0.999828,3.16,0.62,10.5,7,rose
11.0,0.512,0.44,2.06,0.072451,5.1,25.7,1.000089,3.05,0.63,9.4,4,rose
5.9,0.296,0.3,3.73,0.025868,34.9,106.5,0.989678,3.26,0.56,12.7,7,rose
6.8,0.205,0.28,12.28,0.046531,55.4,128.2,0.995615,3.18,0.37,10.6,6,rose
9.8,0.529,0.18,3.26,0.087101,10.0,25.2,0.998297,3.24,0.57,10.5,6,rose
6.4,0.281,0.48,6.31,0.034001,36.7,160.5,0.995435,3.37,0.52,9.7,5,rose
7.2,0.627,0.01,2.53,0.054147,4.8,11.0,0.993312,3.34,0.65,12.7,5,rose
6.6,0.146,0.32,12.46,0.029695,20.1,157.6,0.996265,2.86,0.36,9.1,6,rose
9.7,0.157,0.45,1.53,0.045139,21.3,139.0,0.995286,3.05,0.67,9.6,6,rose
6.6,0.453,0.24,1.95,0.082352,20.2,40.2,0.994464,3.39,0.59,10.6,7,rose
6.4,0.327,0.11,11.63,0.036715,34.0,158.8,0.997353,3.21,0.33,9.1,5,rose
7.2,0.182,0.4,14.21,0.045066,47.3,159.9,0.999434,3.3,0.79,9.1,6,rose
7.5,0.331,0.26,15.71,0.051398,66.8,212.7,0.999411,3.05,0.68,9.6,5,rose
8.1,0.482,0.45,1.06,0.037391,23.4,129.5,0.994015,3.2,0.42,10.8,6,rose
6.5,0.333,0.28,1.79,0.036562,32.6,92.5,0.991878,3.11,0.43,10.6,6,rose
7.0,0.233,0.35,5.46,0.021136,31.8,103.3,0.990994,3.06,0.34,12.8,6,rose
7.7,0.383,0.3,2.43,0.082177,26.5,58.8,0.997291,3.45,0.63,9.6,6,rose
8.9,0.347,0.48,1.18,0.033923,15.7,58.9,0.992033,2.97,0.32,10.4,5,rose
7.5,0.194,0.3,13.64,0.0532,52.5,211.9,0.999044,3.13,0.47,8.8,5,rose
6.6,0.201,0.26,10.33,0.041529,33.3,108.9,0.994766,3.12,0.46,11.0,5,rose
5.4,0.157,0.25,1.12,0.048584,23.4,93.0,0.992973,3.32,0.46,9.2,4,rose
6.0,0.241,0.24,6.5,0.046597,19.1,94.5,0.992802,3.13,0.42,11.0,7,rose
7.8,0.692,0.06,1.77,0.079712,19.4,28.3,0.996412,3.39,0.71,10.9,6,rose
6.9,0.365,0.31,16.59,0.049006,19.2,136.5,0.997847,3.04,0.51,9.1,6,rose
6.1,0.226,0.28,9.4,0.054845,73.4,130.6,0.995407,3.16,0.41,10.3,7,rose
7.8,0.404,0.25,2.12,0.082117,4.3,9.4,0.996293,3.28,0.6,9.5,5,rose
6.2,0.261,0.41,6.13,0.04555,62.3,222.3,0.995388,3.09,0.48,9.3,5,rose
6.5,0.449,0.29,5.07,0.037585,26.7,170.7,0.990829,3.13,0.46,12.3,8,rose
5.9,0.31,0.37,3.33,0.111663,25.7,133.9,0.993505,3.09,0.45,9.2,6,rose
7.3,0.404,0.23,6.65,0.029632,28.7,130.0,0.994298,3.14,0.42,10.4,6,rose
6.5,0.255,0.33,7.64,0.03702,47.2,206.8,0.996046,3.44,0.55,9.7,6,rose
8.1,0.182,0.3,1.13,0.025675,47.4,95.4,0.990707,2.93,0.37,11.2,6,rose
8.4,0.186,0.37,11.61,0.050716,52.6,169.9,1.000632,3.33,0.84,8.8,7,rose
6.4,0.408,0.46,1.71,0.052851,58.8,215.9,0.99297,3.24,0.51,9.7,6,rose
7.4,0.257,0.34,1.09,0.042728,29.9,105.6,0.989621,3.06,0.47,12.0,5,rose
7.8,0.595,0.05,1.75,0.07112,16.1,67.2,0.996045,3.31,0.47,9.5,6,rose
7.2,0.452,0.34,6.01,0.072042,9.0,82.8,0.997406,3.32,0.81,10.5,6,rose
9.2,0.301,0.37,2.08,0.083109,12.3,26.6,0.995934,3.33,0.84,11.8,4,rose
6.1,0.289,0.26,5.04,0.033789,56.0,138.5,0.990477,3.16,0.43,12.6,5,rose
6.7,0.292,0.48,4.72,0.036705,36.2,156.9,0.994743,3.12,0.46,10.0,7,rose
7.0,0.309,0.35,0.95,0.034806,25.5,126.3,0.991907,3.15,0.64,12.3,6,rose
7.8,0.201,0.27,10.17,0.057968,76.0,181.1,0.99678,3.14,0.45,10.0,6,rose
8.1,0.195,0.38,1.2,0.037785,72.6,191.0,0.992626,3.06,0.33,9.9,7,rose
7.4,0.33,0.55,16.92,0.058248,51.0,245.0,1.001629,2.95,0.57,8.8,7,rose
5.8,0.211,0.33,1.21,0.034777,40.4,91.6,0.990181,3.49,0.42,11.8,5,rose
6.8,0.631,0.22,1.94,0.087399,10.6,115.9,0.995588,3.34,0.7,10.8,6,rose
8.8,0.603,0.28,1.81,0.098495,4.4,7.8,0.998769,3.35,0.5,9.1,5,rose
9.1,0.199,0.35,4.04,0.045419,9.4,40.9,0.994467,3.15,0.36,9.9,7,rose
6.3,0.196,0.39,1.38,0.039064,34.6,105.9,0.991557,3.46,0.5,11.4,5,rose
8.8,0.608,0.3,2.63,0.088758,16.8,52.1,0.997808,3.26,0.51,9.3,5,rose
8.1,0.376,0.48,2.03,0.095688,47.9,128.0,0.99783,3.37,0.99,9.7,5,rose
6.0,0.539,0.26,4.68,0.055442,15.3,129.8,0.994213,3.24,0.43,9.1,5,rose
6.5,0.369,0.19,3.82,0.067686,17.7,99.1,0.993298,3.02,0.39,9.0,8,rose
7.3,0.399,0.22,5.12,0.018457,23.5,97.6,0.989682,2.85,0.54,13.2,5,rose
8.0,0.242,0.45,1.74,0.079825,28.8,71.0,0.994896,3.36,0.64,11.1,6,rose
6.7,0.153,0.19,1.21,0.049478,29.4,114.2,0.992381,3.26,0.56,10.8,5,rose
8.0,0.14,0.29,6.92,0.05301,59.1,147.9,0.996243,3.12,0.37,9.5,6,rose
7.2,0.823,0.01,4.72,0.095165,5.0,18.9,0.996897,3.41,0.56,11.1,7,rose
7.7,0.2,0.33,8.19,0.010666,47.6,124.3,0.993051,2.99,0.38,11.0,4,rose
6.3,0.16,0.32,3.28,0.034877,38.1,105.4,0.991704,3.24,0.42,11.2,7,rose
7.6,0.811,0.23,2.57,0.085814,19.7,62.9,0.995467,3.1,0.45,9.4,6,rose
5.7,0.203,0.14,1.32,0.041869,41.7,99.9,0.989056,3.24,0.38,12.1,5,rose
7.0,0.412,0.18,15.65,0.04732,58.7,201.3,0.998165,3.09,0.52,9.3,5,rose
6.2,0.553,0.14,10.25,0.033302,21.7,129.3,0.995521,3.36,0.47,10.3,6,rose
6.3,0.333,0.44,9.0,0.057169,53.3,173.2,0.99496,3.08,0.47,9.5,6,rose
7.2,0.276,0.26,1.43,0.048442,11.7,84.6,0.992238,3.09,0.46,10.5,5,rose
7.4,0.262,0.42,6.34,0.024317,20.8,115.4,0.992874,3.15,0.55,11.4,6,rose
6.7,0.28,0.48,1.43,0.046988,36.4,134.6,0.990579,3.13,0.47,12.2,5,rose
6.6,0.267,0.15,1.57,0.039362,64.0,158.5,0.991971,3.17,0.37,10.0,6,rose
6.7,0.453,0.19,1.18,0.055458,6.6,128.4,0.991615,3.1,0.44,10.2,5,rose
7.1,0.209,1.0,0.87,0.159096,44.9,115.0,0.993478,2.97,0.46,9.2,6,rose
5.8,0.292,0.16,8.28,0.042052,48.9,198.2,0.994848,3.2,0.35,9.4,6,rose
6.2,0.245,0.46,11.66,0.046729,62.1,204.8,0.996627,3.19,0.5,9.3,6,rose
7.0,0.321,0.14,8.28,0.042366,51.0,180.0,0.995809,3.11,0.44,8.9,6,rose
6.6,0.379,0.52,10.57,0.047714,30.8,133.7,0.996274,3.09,0.41,9.4,7,rose
6.7,0.162,0.42,10.77,0.039193,83.9,191.7,0.99596,3.05,0.43,8.9,6,rose
5.6,0.706,0.05,7.41,0.037808,9.4,86.8,0.994248,3.43,0.43,10.2,5,rose
7.6,0.749,0.0,2.93,0.081878,4.6,6.0,0.996755,3.33,0.5,9.7,7,rose
7.2,0.268,0.31,0.89,0.03904,40.1,165.9,0.991642,3.22,0.51,11.5,6,rose
7.8,0.522,0.12,2.39,0.178534,6.6,27.9,0.995936,3.29,0.86,10.0,5,rose
7.2,0.167,0.3,6.02,0.033835,17.6,106.9,0.993375,3.17,0.51,11.6,6,rose
6.5,0.539,0.0,2.39,0.034185,54.9,119.3,0.990875,3.16,0.3,12.0,7,rose
7.1,0.31,0.42,1.67,0.058425,4.4,15.2,0.993082,3.28,0.51,11.4,6,rose
7.0,0.299,0.29,2.18,0.042569,21.1,175.3,0.991745,3.18,0.56,11.6,7,rose
8.6,0.476,0.29,4.35,0.02479,19.7,104.4,0.991767,2.99,0.36,12.5,6,rose
7.7,0.207,0.66,13.97,0.045133,54.7,164.2,0.999018,3.05,0.42,8.6,6,rose
7.6,0.412,0.31,8.71,0.052817,21.6,213.1,0.996815,3.06,0.61,9.3,8,rose
5.3,0.288,0.23,4.78,0.019142,32.5,97.7,0.989014,3.34,0.55,13.9,6,rose
6.1,0.237,0.2,8.03,0.046718,34.9,111.4,0.994409,3.11,0.43,10.4,6,rose
7.6,0.261,0.33,7.92,0.052951,44.7,175.7,0.997331,3.35,0.59,10.2,5,rose
7.6,0.273,0.35,1.75,0.043249,3.1,6.2,0.995285,3.4,0.65,11.0,5,rose
6.5,0.33,0.31,6.16,0.043316,44.5,180.7,0.995576,3.19,0.66,9.2,5,rose
7.3,0.305,0.2,5.73,0.054451,33.5,186.2,0.9924,3.15,0.46,11.7,6,rose
7.0,0.294,0.37,9.14,0.038185,14.4,75.8,0.994223,3.05,0.55,11.1,6,rose
8.9,0.685,0.16,2.85,0.098367,8.0,60.9,0.99976,3.27,0.53,9.4,5,rose
7.5,0.243,0.31,13.24,0.048567,27.7,180.3,0.999012,3.06,0.55,9.1,5,rose
7.6,0.269,0.23,2.51,0.04708,31.9,164.3,0.993035,3.27,0.55,10.6,5,rose
6.8,0.294,0.5,0.89,0.145846,51.8,147.2,0.993757,3.08,0.47,9.0,5,rose
6.7,0.374,0.46,6.23,0.061265,23.2,151.6,0.995337,3.15,0.45,9.3,7,rose
6.8,0.326,0.54,10.11,0.052901,34.0,152.4,0.996291,3.08,0.37,9.3,6,rose
8.4,0.633,0.17,2.7,0.099283,21.7,122.0,0.997939,3.09,0.52,9.1,5,rose
5.9,0.24,0.41,1.31,0.058187,35.2,159.4,0.992493,3.21,0.52,9.5,5,rose
7.7,0.415,0.49,12.96,0.035295,36.2,160.9,0.995547,3.14,0.36,11.5,5,rose
7.5,0.345,0.48,19.6,0.046591,57.6,234.2,1.000376,2.97,0.39,8.8,6,rose
5.8,0.632,0.02,8.24,0.042679,30.3,105.8,0.99064,3.24,0.71,14.0,6,rose
10.3,0.613,0.48,2.57,0.200558,8.2,22.9,0.999459,3.15,0.63,8.4,5,rose
7.1,0.195,0.38,13.48,0.05318,72.0,178.2,0.999687,3.43,0.37,9.1,6,rose
9.0,0.222,0.38,5.47,0.043673,53.7,160.6,0.994642,2.93,0.36,10.2,5,rose
6.6,0.306,0.5,7.4,0.049011,34.2,197.8,0.995393,3.17,0.5,9.7,5,rose
7.1,0.347,0.24,5.4,0.033303,23.0,120.0,0.993337,2.94,0.65,10.5,6,rose
10.7,0.315,0.5,3.06,0.067465,3.4,24.2,0.998646,3.26,0.84,10.7,7,rose
8.8,0.445,0.52,3.04,0.085193,17.7,105.1,0.998124,3.29,0.61,9.6,5,rose
7.1,0.298,0.34,1.22,0.036949,20.4,116.3,0.990598,3.21,0.49,11.6,7,rose
7.4,0.243,0.38,15.45,0.043361,44.4,135.8,0.99967,3.36,0.4,8.9,6,rose
7.6,0.306,0.29,10.59,0.036839,30.2,123.6,0.99789,3.29,0.27,9.2,7,rose
6.8,0.202,0.32,1.45,0.019742,21.0,99.9,0.991198,3.24,0.59,11.1,6,rose
6.7,0.211,0.4,6.15,0.03285,37.8,113.0,0.99197,3.17,0.54,12.1,6,rose
6.4,0.24,0.34,4.74,0.039727,44.0,146.3,0.99183,3.17,0.38,10.9,6,rose
11.5,0.549,0.67,3.25,0.114416,5.5,16.5,0.997489,3.05,0.72,11.6,4,rose
5.3,0.264,0.35,1.5,0.02871,25.6,94.2,0.990692,3.58,0.39,11.0,6,rose
13.6,0.433,0.67,2.41,0.086909,18.5,47.3,1.001138,3.06,0.78,10.0,6,rose
6.3,0.561,0.03,1.75,0.06168,4.4,19.4,0.997309,3.47,0.67,9.4,6,rose
6.7,0.471,0.09,1.75,0.062437,19.3,32.3,0.995628,3.33,0.64,9.7,6,rose
6.2,0.579,0.11,1.43,0.049328,10.7,73.2,0.992953,3.43,0.49,10.3,5,rose
6.1,0.37,0.23,5.53,0.040572,42.1,150.8,0.991539,3.19,0.38,11.2,7,rose
7.4,0.261,0.35,12.63,0.043237,40.0,128.8,0.998005,3.31,0.79,9.5,4,rose
6.5,0.194,0.39,1.54,0.02758,33.2,108.0,0.991844,3.45,0.5,11.2,6,rose
6.6,0.23,0.38,8.8,0.03393,26.9,155.1,0.995394,3.22,0.6,10.1,5,rose
6.1,0.316,0.49,2.18,0.049712,48.3,183.1,0.992732,3.2,0.43,9.5,6,rose
6.8,0.124,0.28,10.21,0.044296,39.5,99.2,0.995566,3.19,0.38,9.8,6,rose
6.3,0.204,0.33,5.24,0.027573,20.5,73.9,0.989814,3.38,0.4,13.5,6,rose
6.9,0.549,0.09,1.55,0.082033,9.4,12.4,0.994346,3.42,0.6,11.5,6,rose
5.9,0.226,0.26,1.68,0.033105,59.1,134.3,0.990209,3.2,0.81,11.9,8,rose
5.6,0.16,0.3,1.43,0.029685,30.3,68.1,0.990291,3.35,0.41,11.5,6,rose
8.3,0.3,0.29,0.85,0.031343,4.8,51.9,0.990877,2.92,0.32,11.4,6,rose
10.1,0.718,0.45,2.22,0.058915,11.8,23.1,0.996816,3.15,0.59,11.2,6,rose
5.7,1.14,0.09,1.03,0.171249,7.4,22.0,0.994301,3.48,0.48,9.8,6,rose
10.4,0.416,0.49,2.76,0.065234,13.6,17.1,0.996263,3.12,0.87,11.4,6,rose
7.4,0.569,0.0,2.34,0.065435,8.6,15.3,0.995455,3.41,0.56,11.5,7,rose
5.1,0.296,0.27,5.68,0.033565,65.0,139.4,0.989884,3.22,0.32,12.4,5,rose
10.8,0.265,0.4,14.73,0.067591,3.4,27.5,1.002769,3.11,0.65,9.1,6,rose
6.9,0.251,0.22,1.76,0.054481,6.1,117.2,0.992829,3.22,0.69,11.5,6,rose
7.8,0.633,0.45,11.71,0.244625,30.6,225.3,0.998021,2.9,0.75,9.1,7,rose
5.9,0.205,0.35,1.09,0.035198,41.4,85.1,0.989752,3.51,0.43,11.6,6,rose
7.2,0.369,0.15,15.33,0.049081,58.7,249.1,0.998863,3.13,0.45,8.9,6,rose
8.2,1.342,0.0,1.95,0.081183,2.2,21.5,0.996113,3.52,0.48,11.0,6,rose
5.1,0.618,0.08,7.06,0.0441,35.1,150.5,0.99423,3.31,0.57,9.7,7,rose
6.4,0.302,0.29,9.86,0.051335,23.0,172.1,0.993545,3.26,0.56,11.3,6,rose
10.9,0.376,0.47,1.57,0.1171,5.5,18.3,0.99804,3.3,0.76,9.9,6,rose
6.4,0.237,0.29,4.79,0.033555,29.6,99.4,0.99046,3.07,0.59,12.8,6,rose
6.9,0.49,0.18,1.72,0.081699,13.3,32.0,0.995655,3.39,0.65,9.7,6,rose
6.5,0.72,0.1,7.63,0.042196,34.3,147.8,0.994269,3.25,0.36,10.3,7,rose
8.2,0.357,0.57,13.93,0.051142,54.4,191.0,0.999633,3.06,0.6,9.5,7,rose
6.7,0.193,0.34,2.01,0.054668,38.0,114.4,0.99066,3.03,0.49,11.0,7,rose
7.1,0.237,0.24,14.16,0.053972,19.0,89.6,0.998402,3.18,0.48,9.7,4,rose
6.9,0.457,0.17,11.69,0.054797,23.8,128.3,0.997365,3.21,0.46,9.3,6,rose
7.6,0.708,0.06,2.21,0.078142,16.4,32.3,0.996399,3.41,0.71,10.8,5,rose
6.4,0.166,0.26,1.56,0.039813,20.7,94.4,0.991834,3.46,0.4,11.1,6,rose
6.3,0.183,0.74,11.72,0.043931,53.8,166.6,0.997498,3.6,0.67,10.1,6,rose
6.5,0.253,0.24,1.17,0.042623,26.3,86.1,0.989343,2.88,0.5,11.1,6,rose
5.8,0.286,0.21,15.26,0.042243,21.9,172.5,0.996329,3.36,0.38,10.2,6,rose
8.7,0.389,0.39,6.37,0.048479,2.6,13.1,0.995631,3.26,0.54,12.0,6,rose
7.3,0.233,0.32,11.2,0.057317,48.1,128.0,0.99687,3.11,0.54,10.1,5,rose
6.3,0.253,0.37,0.86,0.038294,38.3,111.2,0.990421,3.01,0.38,11.1,5,rose
7.4,0.556,0.2,1.59,0.078348,14.2,32.9,0.996365,3.5,0.67,10.7,7,rose
11.0,0.89,0.29,2.33,0.133862,7.1,60.8,0.997692,2.97,1.19,10.1,5,rose
8.0,0.524,0.02,1.38,0.081829,16.8,33.2,0.996454,3.33,0.57,10.2,6,rose
6.3,0.286,0.26,17.62,0.051797,42.3,106.9,0.999239,3.1,0.44,8.8,8,rose
6.6,0.413,0.33,3.25,0.036807,14.2,86.2,0.989956,3.28,0.52,13.3,5,rose
5.8,0.299,0.3,3.72,0.023876,38.8,106.8,0.989661,3.26,0.57,12.7,5,rose
7.2,0.292,0.19,7.18,0.043411,53.2,178.8,0.995486,3.15,0.53,9.6,6,rose
6.5,0.229,0.18,7.96,0.045296,60.1,178.6,0.995909,3.14,0.5,9.5,6,rose
6.6,0.366,0.33,1.66,0.03201,10.2,66.7,0.991602,3.11,0.44,10.6,6,rose
7.4,0.182,0.29,12.53,0.049679,49.2,212.9,0.999077,3.13,0.5,9.2,5,rose
5.7,0.441,0.42,1.15,0.049527,62.6,194.0,0.993224,3.04,0.4,9.0,6,rose
10.5,0.425,0.73,7.45,0.077633,37.8,85.2,0.998862,3.17,0.86,12.1,5,rose
7.1,0.291,0.34,7.24,0.054164,45.9,232.0,0.99707,3.49,0.65,10.2,7,rose
6.4,0.24,0.51,5.93,0.053399,23.7,126.1,0.993877,2.99,1.0,10.6,6,rose
7.8,0.897,0.05,3.09,0.082726,3.9,6.0,0.996326,3.37,0.55,9.8,7,rose
7.0,0.208,0.24,13.65,0.06267,19.7,99.6,0.998416,3.17,0.49,9.6,7,rose
6.5,0.316,0.41,6.46,0.05701,23.5,150.4,0.99552,3.14,0.48,9.5,4,rose
4.8,0.482,0.15,2.44,0.040505,60.1,148.8,0.989452,3.27,0.35,11.6,5,rose
6.5,0.228,0.31,1.92,0.022975,37.1,85.3,0.990788,3.27,0.59,12.0,6,rose
6.7,0.413,0.46,2.93,0.073255,23.2,54.3,0.995904,3.44,1.15,10.5,5,rose
11.5,0.228,0.56,2.22,0.076507,4.3,7.2,0.998108,3.13,0.71,10.0,7,rose
7.9,0.401,0.34,4.69,0.037339,32.6,107.8,0.991835,3.1,0.59,12.3,6,rose
6.7,0.183,0.41,8.83,0.038565,48.8,162.4,0.995856,3.13,0.58,9.7,6,rose
7.2,0.309,0.26,11.32,0.043113,31.9,138.5,0.996678,3.14,0.4,9.6,5,rose
7.4,0.211,0.32,5.13,0.059802,38.8,104.8,0.993829,3.09,0.5,10.2,6,rose
6.2,0.222,0.51,6.21,0.046945,26.4,127.9,0.994301,3.21,0.49,10.0,4,rose
5.3,0.295,0.28,1.38,0.031357,26.6,87.3,0.98731,3.31,0.39,13.6,6,rose
7.8,0.226,0.33,10.67,0.038465,60.2,187.3,0.996769,3.12,0.56,9.4,4,rose
7.3,0.309,0.54,17.24,0.058232,53.2,232.6,1.001575,2.96,0.58,8.7,5,rose
10.8,0.534,0.49,4.91,0.121793,11.1,19.3,1.000138,3.07,0.56,11.7,6,rose
13.2,0.287,0.74,2.93,0.086273,20.7,40.9,0.998638,3.05,0.68,11.4,6,rose
12.9,0.827,0.62,2.29,0.08811,13.2,23.9,0.999825,3.1,0.6,10.5,6,rose
8.3,0.303,0.47,12.33,0.047845,48.3,149.8,0.99718,3.09,0.59,10.3,6,rose
6.6,0.205,0.26,1.13,0.04597,18.0,128.3,0.993265,3.35,0.59,10.1,7,rose
5.9,0.193,0.26,14.96,0.046683,53.8,131.0,0.998424,2.98,0.68,9.3,5,rose
10.4,0.379,0.44,2.25,0.107465,6.0,6.0,0.996411,3.1,0.65,11.7,5,rose
7.2,0.337,0.35,6.98,0.046437,45.0,182.3,0.995082,3.15,0.56,9.6,8,rose
6.9,0.231,0.29,8.09,0.046469,47.6,152.6,0.994609,3.08,0.52,10.5,4,rose
12.7,0.435,0.5,4.36,0.067331,27.2,49.8,0.998167,3.05,0.58,9.4,5,rose
7.5,0.284,0.3,1.89,0.035309,24.0,113.9,0.993225,3.05,0.39,10.9,6,rose
6.9,0.084,0.28,8.5,0.047422,46.5,94.9,0.994679,3.2,0.36,10.0,5,rose
7.1,0.443,0.27,8.36,0.056379,57.3,160.1,0.992021,3.18,0.36,11.8,5,rose
5.8,0.255,0.16,8.75,0.052547,34.1,113.8,0.994705,3.35,0.35,10.4,6,rose
8.0,0.211,0.34,9.36,0.03971,52.9,182.3,0.997195,3.1,0.57,9.4,6,rose
8.0,0.234,0.48,1.69,0.05792,28.0,108.0,0.994295,3.08,0.33,9.3,6,rose
7.5,0.371,0.41,1.37,0.034512,27.3,155.7,0.990207,3.18,0.32,12.9,5,rose
7.8,0.182,0.48,17.18,0.048887,49.3,191.5,0.999188,3.11,0.62,9.3,7,rose
5.2,0.731,0.19,1.01,0.16055,6.9,67.7,0.994318,3.61,0.6,10.8,6,rose
7.5,0.167,0.33,2.49,0.035454,31.8,118.3,0.992114,3.09,0.46,11.1,5,rose
7.5,0.267,0.29,4.38,0.048019,13.3,72.9,0.991557,3.06,0.46,11.4,6,rose
5.5,0.483,0.0,1.42,0.066397,8.1,106.1,0.994382,3.64,0.4,9.8,5,rose
6.5,0.288,0.19,4.0,0.048264,5.3,119.9,0.995798,3.24,0.34,8.5,8,rose
8.6,0.233,0.24,10.58,0.028402,14.2,101.6,0.996662,3.1,0.39,10.9,4,rose
9.6,0.582,0.23,3.65,0.103109,37.9,93.9,0.999764,3.28,0.66,10.2,5,rose
6.8,0.18,0.23,10.41,0.059197,63.2,187.4,0.995218,3.15,0.53,10.6,6,rose
6.7,0.344,0.37,0.77,0.029998,10.8,143.4,0.992138,3.08,0.51,9.8,6,rose
9.2,0.779,0.2,2.46,0.080099,11.9,44.6,0.99762,3.16,0.52,9.6,6,rose
5.9,0.285,0.35,1.3,0.114056,33.2,108.9,0.991939,3.16,0.39,10.2,6,rose
6.6,0.355,0.27,8.74,0.037392,29.2,78.8,0.991191,2.97,0.4,12.5,6,rose
10.4,0.293,0.25,1.88,0.069266,13.9,32.8,0.995717,3.22,0.67,12.8,5,rose
7.8,0.285,0.4,1.66,0.037521,12.0,64.8,0.991028,2.98,0.56,12.0,6,rose
8.6,0.479,0.29,2.36,0.110261,19.8,141.5,0.997056,2.95,1.95,10.0,6,rose
7.9,0.234,0.37,8.02,0.039975,47.3,144.1,0.993289,3.12,0.32,11.3,5,rose
7.2,0.205,0.36,2.77,0.031384,20.3,160.3,0.994216,3.47,0.47,10.7,5,rose
6.6,0.137,0.43,0.82,0.039039,48.2,145.0,0.992704,3.33,0.52,10.3,6,rose
5.2,0.284,0.37,0.76,0.028562,32.7,134.8,0.988683,3.29,0.35,12.2,6,rose
10.2,0.45,0.48,4.65,0.109068,4.4,9.1,0.997953,3.27,0.86,11.4,7,rose
6.3,0.226,0.28,1.39,0.048549,48.2,182.6,0.993209,3.23,0.51,9.4,6,rose
8.5,0.665,0.49,6.41,0.11958,33.9,159.2,1.000708,3.3,1.14,9.2,6,rose
8.0,0.397,0.28,9.38,0.057415,30.1,172.8,0.995618,3.02,0.44,11.0,6,rose
5.5,0.231,0.39,1.18,0.040089,78.1,145.0,0.989975,3.23,0.93,11.7,6,rose
7.3,0.174,0.4,1.58,0.034721,31.4,87.9,0.991911,3.16,0.49,10.6,6,rose
9.2,0.498,0.5,2.42,0.097703,37.9,105.0,0.998506,3.08,0.59,8.9,6,rose
7.0,0.429,0.18,11.92,0.052104,26.3,111.5,0.997589,3.23,0.49,9.2,5,rose
10.0,0.341,0.42,3.07,0.08264,10.9,57.7,0.998486,3.21,0.51,9.5,6,rose
7.5,0.271,0.3,7.91,0.049602,35.9,153.1,0.996595,3.16,0.47,9.0,4,rose
7.1,0.372,0.22,2.26,0.084748,20.1,66.8,0.99544,3.39,0.54,10.1,5,rose
6.2,0.353,0.32,1.58,0.045817,23.0,170.1,0.992841,3.14,0.77,9.5,7,rose
6.7,0.397,0.22,8.54,0.050609,22.7,115.9,0.995605,3.24,0.45,9.3,5,rose
6.9,0.655,0.05,1.48,0.06741,16.2,58.0,0.995624,3.3,0.6,9.4,5,rose
5.3,0.187,0.27,0.95,0.046374,47.6,147.8,0.991631,3.49,0.49,10.5,6,rose
6.6,0.319,0.38,16.1,0.060654,17.6,164.9,0.99993,3.4,0.59,9.1,7,rose
7.2,0.628,0.06,1.84,0.084065,7.7,28.5,0.998478,3.7,0.74,9.5,7,rose
5.9,0.256,0.24,11.11,0.052911,32.6,168.7,0.996773,3.23,0.44,9.3,7,rose
7.1,0.295,0.3,1.11,0.039439,14.6,85.4,0.992087,3.19,0.65,11.1,5,rose
7.5,0.258,0.42,2.8,0.047122,30.0,117.3,0.991133,3.32,0.51,12.9,6,rose
10.0,0.295,0.38,3.04,0.098195,11.9,20.7,1.000911,3.47,0.91,9.7,5,rose
7.4,0.2,0.26,4.79,0.033066,23.5,78.0,0.990654,2.97,0.48,12.3,6,rose
7.6,0.236,0.3,12.73,0.049981,23.6,175.4,0.998804,3.03,0.53,9.1,6,rose
6.9,0.204,0.34,6.01,0.033441,31.9,83.9,0.992402,3.19,0.46,11.7,6,rose
8.3,0.153,0.32,0.95,0.049327,18.0,104.2,0.994018,3.13,0.59,9.4,7,rose
7.0,0.243,0.28,1.11,0.038571,19.6,69.4,0.990043,3.11,0.4,11.6,7,rose
8.8,0.283,0.34,1.87,0.072168,23.8,52.8,0.997029,3.19,1.39,10.4,5,rose
5.9,0.251,0.57,10.16,0.055764,64.9,174.6,0.994473,3.27,0.6,10.5,6,rose
7.0,0.226,0.27,10.99,0.029864,39.8,166.8,0.997612,3.15,0.44,9.1,5,rose
6.9,0.09,0.27,14.78,0.054543,44.5,94.0,0.996581,3.21,0.36,9.8,7,rose
6.7,0.624,0.09,1.15,0.064744,28.8,41.1,0.9965,3.43,0.82,9.6,6,rose
6.4,0.264,0.46,3.9,0.195513,77.4,182.4,0.994468,3.01,0.41,9.1,7,rose
6.0,0.302,0.28,1.84,0.049312,27.1,170.8,0.992901,3.37,0.46,10.4,7,rose
5.9,0.246,0.38,1.37,0.060582,35.8,169.5,0.993278,3.21,0.5,9.2,5,rose
6.6,0.641,0.03,3.03,0.076424,8.2,19.6,0.995154,3.34,0.63,10.3,5,rose
7.4,0.577,0.24,1.76,0.078867,17.4,90.3,0.995948,3.3,0.53,9.9,5,rose
7.0,0.237,0.25,13.9,0.056607,18.5,86.7,0.998462,3.17,0.52,9.6,5,rose
6.6,0.264,0.74,13.84,0.046266,68.9,227.9,0.997646,3.16,0.54,9.4,5,rose
9.6,0.56,0.35,3.21,0.086145,36.6,69.0,0.997,3.28,0.73,11.9,5,rose
7.7,0.213,0.34,12.76,0.039008,55.7,130.7,0.996025,3.01,0.31,10.4,7,rose
7.3,0.721,0.25,2.11,0.107748,20.0,101.4,0.996597,3.24,0.58,9.5,6,rose
6.6,0.396,0.27,11.01,0.109284,18.5,96.2,0.996238,3.09,0.42,8.8,6,rose
6.7,0.197,0.36,1.23,0.024805,62.6,146.8,0.991364,3.27,0.48,11.0,6,rose
6.8,0.187,0.33,5.21,0.028224,23.9,69.6,0.991898,2.9,0.55,10.4,5,rose
5.6,0.395,0.26,4.85,0.033975,27.9,70.4,0.990605,3.26,0.37,12.7,5,rose
7.1,0.44,0.24,3.12,0.038165,23.9,86.5,0.988743,2.91,0.37,13.5,8,rose
9.7,0.382,0.41,1.86,0.070672,5.9,13.5,0.996651,3.16,0.75,10.4,5,rose
9.4,0.336,0.39,1.24,0.079987,40.0,60.8,0.996496,3.45,0.71,10.9,8,rose
7.3,0.366,0.4,10.99,0.03901,34.9,210.9,0.996193,3.11,0.51,9.8,6,rose
6.2,0.433,0.23,1.53,0.024554,6.4,52.1,0.989683,3.03,0.79,13.1,7,rose
9.7,0.752,0.11,2.72,0.084022,30.0,75.5,0.999088,3.3,0.64,10.4,6,rose
6.4,0.247,0.24,19.81,0.084652,37.4,154.6,0.999629,3.16,0.5,9.1,8,rose
6.8,0.246,0.3,3.36,0.056484,22.4,115.6,0.993852,2.99,0.38,9.3,5,rose
6.3,0.407,0.32,10.6,0.046834,36.8,203.4,0.99765,3.48,0.59,9.4,5,rose
6.7,0.515,0.63,13.36,0.083663,80.7,238.2,0.998784,3.08,0.46,9.3,7,rose
8.4,0.471,0.26,1.58,0.054985,12.3,26.8,0.994831,3.18,0.8,11.1,5,rose
7.3,0.791,0.21,4.99,0.097305,18.0,105.6,0.997052,3.17,0.52,9.5,6,rose
6.4,0.52,0.15,1.74,0.076493,27.5,28.6,0.992743,3.33,0.82,11.5,5,rose
7.7,0.183,0.2,1.26,0.038008,25.0,77.5,0.990438,3.01,0.46,11.6,5,rose
11.0,0.398,0.47,1.74,0.117775,5.3,10.2,0.997989,3.32,0.76,9.8,6,rose
8.1,0.295,0.44,2.03,0.218152,6.2,23.3,0.993571,3.14,0.82,12.7,5,rose
6.6,0.217,0.32,1.08,0.041322,26.9,76.5,0.99297,3.39,0.56,9.9,5,rose
6.9,0.246,0.34,14.34,0.068796,40.6,166.7,0.999032,3.56,0.47,9.9,6,rose
7.1,0.681,0.0,1.87,0.101516,9.7,20.1,0.996161,3.36,0.6,9.8,7,rose
6.2,0.171,0.33,1.29,0.036201,20.9,63.6,0.990201,3.24,0.52,11.1,5,rose
8.4,0.29,0.46,7.79,0.057482,34.8,145.1,0.997705,3.33,0.79,11.2,6,rose
8.8,0.328,0.38,2.55,0.110481,7.4,12.5,0.99589,3.32,0.78,11.9,6,rose
7.4,0.638,0.05,1.68,0.098114,6.2,26.7,0.996323,3.29,0.58,9.4,6,rose
7.7,0.173,0.45,10.98,0.051464,55.8,132.0,0.997181,3.16,0.46,10.0,5,rose
8.5,0.279,0.47,7.99,0.059013,30.0,135.0,0.997087,3.31,0.78,11.1,7,rose
6.2,0.353,0.06,1.19,0.0595,20.9,110.1,0.993525,3.28,0.54,9.1,7,rose
8.3,0.59,0.11,2.0,0.085516,13.6,109.1,0.995952,3.18,0.65,9.9,5,rose
7.0,0.168,0.29,16.74,0.06179,43.0,107.3,0.997563,3.16,0.37,9.7,5,rose
5.9,0.284,0.34,1.9,0.037593,21.5,129.8,0.989983,3.37,0.33,12.8,6,rose
6.9,0.326,0.28,5.06,0.035698,27.7,106.2,0.989738,3.08,0.48,12.4,6,rose
7.6,0.291,0.37,2.03,0.085936,27.6,176.1,0.994328,3.07,0.5,9.7,6,rose
5.4,0.412,0.17,1.28,0.039126,28.2,90.8,0.992274,3.53,0.4,9.9,6,rose
6.5,0.87,0.02,3.26,0.06815,6.0,19.1,0.995527,3.52,0.59,10.8,5,rose
6.3,0.316,0.2,5.51,0.040887,25.4,147.3,0.993977,3.14,0.63,9.8,5,rose
11.5,0.548,0.7,4.43,0.12055,4.5,15.2,0.998061,3.0,0.85,11.9,5,rose
12.6,0.393,0.66,2.6,0.084784,6.5,38.7,1.001047,3.17,0.67,9.9,7,rose
6.1,0.263,0.45,11.95,0.043381,53.3,201.0,0.99671,3.25,0.55,9.3,6,rose
8.2,0.196,0.27,0.95,0.025349,51.1,85.6,0.990077,2.88,0.36,11.2,5,rose
7.1,0.134,0.34,1.43,0.038913,28.2,111.5,0.993066,3.28,0.52,10.2,6,rose
7.3,0.373,0.21,1.75,0.081692,7.3,36.4,0.995959,3.33,0.47,9.4,4,rose
6.7,0.278,0.69,0.65,0.171864,35.3,112.6,0.992929,2.96,0.44,9.1,4,rose
7.3,0.402,0.5,0.77,0.049413,11.4,142.2,0.99301,2.99,0.43,9.4,6,rose
5.8,0.112,0.3,4.58,0.041098,24.9,102.9,0.994259,3.33,0.44,9.2,5,rose
7.3,0.458,0.32,6.8,0.043875,18.0,116.2,0.99579,3.33,0.41,10.3,7,rose
7.2,0.375,0.38,5.02,0.017818,37.9,103.5,0.990568,3.09,0.5,12.6,6,rose
9.2,0.303,0.42,1.52,0.068054,10.5,27.6,0.994996,3.28,0.86,11.8,5,rose
6.8,0.306,0.32,10.08,0.042666,10.6,172.5,0.995355,3.45,0.54,11.3,6,rose
7.5,0.519,0.26,2.71,0.086889,8.5,42.1,0.99799,3.47,0.66,9.7,4,rose
5.9,0.211,0.28,1.03,0.037915,44.5,99.0,0.990547,3.43,0.43,11.5,6,rose
7.9,0.437,0.49,12.98,0.034541,38.1,156.4,0.995582,3.16,0.34,11.3,5,rose
6.5,0.426,0.14,1.66,0.076474,22.5,52.0,0.995883,3.34,0.6,9.3,5,rose
6.2,0.234,0.47,10.68,0.096181,49.0,169.1,0.997211,3.04,0.55,8.7,6,rose
7.0,0.14,0.38,12.98,0.038794,37.4,104.7,0.996007,3.05,0.56,10.8,6,rose
7.0,0.292,0.32,9.19,0.031338,46.5,134.1,0.992041,2.98,0.31,11.9,7,rose
6.7,0.232,0.42,7.39,0.044864,57.0,192.1,0.995863,3.21,0.47,9.3,4,rose
5.3,0.326,0.26,5.92,0.022303,40.5,132.0,0.992017,3.37,0.39,11.5,5,rose
6.1,0.409,0.25,4.57,0.035405,45.9,143.2,0.991552,3.21,0.42,11.2,5,rose
7.0,0.183,0.23,4.98,0.121808,27.3,107.3,0.995355,3.04,0.54,9.2,6,rose
8.9,0.617,0.3,2.74,0.090385,18.4,70.2,0.997387,3.28,0.62,10.3,5,rose
6.4,0.351,0.2,2.37,0.050568,47.2,163.6,0.992998,3.13,0.5,9.5,6,rose
7.9,0.115,0.37,1.05,0.032031,35.9,83.6,0.989974,2.79,0.54,11.9,5,rose
6.7,0.269,0.39,2.25,0.021217,14.3,60.8,0.991246,3.25,0.76,11.3,5,rose
6.6,0.412,0.43,2.7,0.073004,19.1,55.9,0.995774,3.42,1.17,10.6,5,rose
7.6,0.399,0.45,11.89,0.084881,57.9,174.4,0.997426,2.94,0.5,8.9,6,rose
7.3,0.206,0.37,17.68,0.046647,43.4,182.9,0.999469,3.03,0.43,9.2,4,rose
8.8,0.629,0.36,1.94,0.264786,3.5,68.9,0.99713,2.99,1.1,9.1,7,rose
8.0,0.355,0.26,6.37,0.035111,37.3,100.8,0.991193,2.93,0.23,12.2,5,rose
12.4,0.475,0.48,1.82,0.090806,5.7,14.6,1.000493,3.19,0.44,9.8,5,rose
8.7,0.275,0.31,2.03,0.036052,36.1,132.6,0.9908,2.89,0.3,11.5,6,rose
7.1,0.225,0.31,1.55,0.040896,32.2,97.7,0.990906,3.1,0.75,11.0,5,rose
6.3,0.318,0.33,0.6,0.054417,35.2,180.9,0.992717,3.28,0.45,10.0,6,rose
7.2,0.414,0.26,1.84,0.047632,51.3,188.9,0.99163,3.0,0.56,11.5,7,rose
6.9,0.147,0.32,1.51,0.034483,26.6,80.7,0.989638,3.22,0.36,12.2,5,rose
7.0,0.278,0.37,9.56,0.03921,12.0,76.8,0.994584,3.05,0.56,11.2,6,rose
7.4,0.159,0.38,1.37,0.057193,21.0,103.2,0.994248,3.25,0.44,10.0,6,rose
5.4,0.218,0.29,1.68,0.049073,68.1,148.7,0.991833,3.76,0.62,10.9,7,rose
7.3,0.442,0.18,11.03,0.052432,43.5,162.5,0.997743,3.26,0.44,8.9,8,rose
5.6,0.249,0.33,9.23,0.056496,18.0,99.7,0.993943,3.26,0.31,10.4,6,rose
5.5,0.219,0.32,1.01,0.039623,39.0,128.2,0.990825,3.23,0.48,10.8,6,rose
6.8,0.179,0.28,9.74,0.03748,28.7,109.8,0.993855,3.09,0.46,10.9,5,rose
6.3,0.39,0.27,6.03,0.033752,44.1,146.6,0.991984,3.3,0.47,11.6,7,rose
6.6,0.173,0.34,13.43,0.042393,46.2,132.4,0.996939,3.07,0.42,9.1,7,rose
6.4,0.241,0.36,9.94,0.045266,53.0,141.4,0.996749,3.22,0.46,9.3,5,rose
7.0,0.231,0.38,7.75,0.039381,49.3,153.0,0.992974,3.08,0.26,11.4,5,rose
6.8,0.274,0.27,1.54,0.033475,42.7,118.1,0.992979,3.41,0.49,10.8,6,rose
8.0,0.581,0.01,2.15,0.073757,8.7,26.1,0.996954,3.36,0.56,9.6,7,rose
7.3,0.261,0.3,2.41,0.048077,26.7,133.1,0.993242,3.26,0.44,10.5,6,rose
9.3,0.742,0.11,1.75,0.083744,3.5,27.0,0.998338,3.24,0.56,10.1,7,rose
6.9,0.24,0.56,2.32,0.03878,19.3,95.8,0.991407,3.24,0.52,10.9,5,rose
7.3,0.179,0.2,1.63,0.041275,17.2,103.6,0.994752,3.36,0.51,10.0,6,rose
6.6,0.225,0.24,1.85,0.035654,27.4,143.6,0.992933,3.32,0.52,10.5,5,rose
6.8,0.26,0.26,1.58,0.044514,116.0,217.1,0.994995,3.55,0.63,9.5,5,rose
7.2,0.211,0.3,0.6,0.019709,5.4,27.4,0.989406,3.21,0.37,11.9,5,rose
7.7,0.2,0.32,14.25,0.046781,40.1,180.9,0.998558,3.11,0.51,9.3,5,rose
7.2,0.607,0.19,9.05,0.068631,22.9,169.8,0.996812,3.03,0.54,9.1,7,rose
6.6,0.268,0.4,0.97,0.021625,13.8,65.3,0.991443,3.24,0.76,11.2,6,rose
6.6,0.252,0.25,0.6,0.054351,23.2,172.0,0.993373,3.07,0.55,9.4,5,rose
7.1,0.645,0.0,2.09,0.092639,14.1,31.8,0.996656,3.35,0.6,9.1,5,rose
5.3,0.161,0.35,0.84,0.02745,26.4,72.8,0.991849,3.25,0.53,10.2,5,rose
5.7,0.156,0.16,6.3,0.043873,26.0,124.0,0.993326,3.05,0.6,9.9,6,rose
6.7,0.192,0.27,2.24,0.027608,34.3,132.0,0.99152,3.37,0.5,11.2,6,rose
6.7,0.318,0.33,1.23,0.184684,33.4,167.1,0.994084,3.12,0.52,9.5,5,rose
5.9,0.201,0.39,1.24,0.043917,26.0,88.7,0.992223,3.22,0.48,9.9,6,rose
9.1,0.581,0.23,3.44,0.096068,20.7,53.0,0.998608,3.25,0.67,9.7,6,rose
6.9,0.314,0.49,1.84,0.166686,21.4,92.0,0.991329,3.11,0.49,11.3,6,rose
7.9,0.361,0.43,10.24,0.048559,26.8,138.8,0.998186,3.41,0.48,9.4,6,rose
7.0,0.298,0.37,8.91,0.040107,15.3,77.7,0.994675,3.04,0.55,11.1,4,rose
6.7,0.167,0.3,6.06,0.047246,40.1,249.7,0.995471,3.3,0.52,10.0,5,rose
6.8,0.442,0.02,1.69,0.078973,13.4,34.6,0.994826,3.37,0.81,10.6,6,rose
6.3,0.231,0.42,7.76,0.05228,52.3,210.8,0.995679,3.17,0.48,9.1,7,rose
8.1,0.278,0.49,2.64,0.095785,22.1,56.9,0.997295,3.32,0.66,10.2,7,rose
7.1,0.7,0.21,9.34,0.074247,30.4,177.6,0.997334,3.0,0.55,9.0,7,rose
6.5,0.222,0.21,11.42,0.039177,44.7,134.4,0.996245,2.96,0.49,9.6,7,rose
7.8,0.311,0.39,1.83,0.043953,10.8,100.0,0.992773,3.17,0.67,11.1,6,rose
7.7,0.413,0.09,2.54,0.086213,16.8,52.6,0.996467,3.23,0.6,9.9,7,rose
7.2,0.194,0.36,1.61,0.046883,16.2,106.5,0.99212,3.2,0.48,10.8,5,rose
6.8,0.161,0.27,6.71,0.047471,46.4,132.2,0.993797,3.16,0.37,9.9,6,rose
7.6,0.567,0.11,10.36,0.096303,20.6,185.2,0.997943,3.29,0.44,9.1,7,rose
5.2,0.298,0.37,10.51,0.027514,52.5,148.9,0.993453,3.36,0.43,11.7,7,rose
6.0,0.357,0.13,5.88,0.037707,34.8,196.6,0.994078,3.17,0.63,10.1,7,rose
5.3,0.254,0.28,8.29,0.056128,27.3,90.1,0.994394,3.18,0.38,10.5,5,rose
5.9,0.29,0.29,11.82,0.046721,52.3,170.4,0.997211,3.28,0.42,9.3,6,rose
6.3,0.646,0.05,1.5,0.053316,5.0,15.0,0.993202,3.56,0.56,12.1,6,rose
7.3,0.283,0.36,6.41,0.035233,46.4,164.0,0.993774,3.05,0.3,10.9,5,rose
11.3,0.326,0.49,3.52,0.073105,10.9,30.2,1.000332,3.32,0.91,11.1,7,rose
7.7,0.577,0.2,2.53,0.078552,15.9,49.5,0.997641,3.43,0.6,9.9,6,rose
8.2,0.304,0.24,0.96,0.033344,11.3,64.0,0.992229,3.1,0.46,10.6,6,rose
9.3,0.194,0.5,1.54,0.045354,40.4,134.6,0.994188,3.03,0.5,9.8,5,rose
5.6,0.533,0.01,1.56,0.047621,4.0,13.8,0.993843,3.73,0.58,11.5,6,rose
6.2,0.412,0.19,2.21,0.071787,21.1,41.4,0.99496,3.41,0.76,10.0,6,rose
5.5,0.17,0.32,1.0,0.035488,8.0,86.6,0.990705,3.29,0.49,10.8,6,rose
6.7,0.336,0.73,3.02,0.085183,21.2,187.4,0.992687,3.51,0.69,12.1,5,rose
6.7,0.441,0.33,8.3,0.043053,33.2,178.4,0.99603,3.2,0.6,9.2,6,rose
8.4,0.202,0.38,12.62,0.051638,51.3,167.8,1.000402,3.31,0.82,8.8,6,rose
7.4,0.22,0.32,2.54,0.01367,47.1,84.7,0.989021,3.07,0.35,12.8,5,rose
12.8,0.632,0.64,5.24,0.08554,5.9,36.1,1.002188,3.06,0.74,10.0,6,rose
6.0,0.204,0.38,2.36,0.019611,21.0,70.2,0.99087,3.37,0.47,12.0,8,rose
6.4,0.221,0.34,0.81,0.034793,14.7,112.8,0.991185,3.32,0.43,11.2,7,rose
7.5,0.708,0.08,3.03,0.089567,11.2,23.3,0.997546,3.39,0.49,9.8,7,rose
7.0,0.147,0.28,13.34,0.047276,47.8,133.5,0.996862,3.37,0.44,10.1,5,rose
8.3,0.566,0.22,2.98,0.077274,11.4,84.8,0.998302,3.36,0.64,9.6,6,rose
9.0,0.129,0.46,1.97,0.078249,11.6,14.2,0.995647,3.39,0.74,11.9,5,rose
6.3,0.16,0.33,1.33,0.030764,28.3,135.1,0.99123,3.33,0.63,11.4,5,rose
9.7,0.669,0.21,2.17,0.037937,23.4,117.4,0.991573,3.01,1.01,12.7,8,rose
7.6,0.419,0.28,2.8,0.07556,20.0,74.2,0.997403,3.4,0.62,9.6,7,rose
8.0,0.34,0.59,14.15,0.049792,59.6,132.2,0.998596,2.97,0.39,8.7,5,rose
5.8,0.345,0.19,15.68,0.046316,26.1,163.6,0.997706,3.08,0.48,9.0,5,rose
9.8,0.418,0.34,2.27,0.084067,17.9,36.4,0.996223,3.23,0.66,11.1,6,rose
6.1,0.169,0.42,1.22,0.037626,27.2,105.1,0.990698,3.19,0.53,10.9,6,rose
6.0,0.321,0.28,4.23,0.032482,46.1,108.6,0.989854,3.18,0.57,13.0,6,rose
5.0,0.298,0.3,1.76,0.049482,41.4,149.9,0.989308,3.29,0.46,12.3,5,rose
6.0,0.37,0.32,1.04,0.056606,32.7,220.7,0.992514,3.3,0.7,9.7,6,rose
7.1,0.28,0.25,2.14,0.051873,10.4,84.5,0.993536,3.13,0.37,9.4,4,rose
7.1,0.208,0.35,8.86,0.034132,30.9,104.2,0.993928,3.13,0.48,11.2,5,rose
5.8,0.185,0.34,1.92,0.047694,96.7,172.0,0.990605,3.38,0.89,12.0,6,rose
6.6,0.236,0.33,1.89,0.036213,23.1,98.1,0.992839,3.33,0.39,10.7,7,rose
6.8,0.332,0.07,1.61,0.03608,58.8,150.4,0.992364,3.18,0.48,10.1,4,rose
9.7,0.538,0.41,2.55,0.079192,26.7,52.3,0.996573,3.22,0.71,11.4,5,rose
7.6,0.95,0.02,2.06,0.094774,4.5,17.3,0.995557,3.19,0.56,9.5,6,rose
7.7,0.326,0.35,6.97,0.040714,32.5,146.8,0.995095,3.38,0.64,10.8,6,rose
6.0,0.285,0.21,1.12,0.033014,29.5,112.1,0.989081,2.98,0.4,12.1,5,rose
7.3,0.268,0.71,12.59,0.03337,47.2,156.1,0.998552,3.04,0.43,8.7,6,rose
7.2,0.276,0.34,2.47,0.031143,41.8,109.3,0.991064,3.28,0.63,11.7,8,rose
6.8,0.267,0.35,15.23,0.064452,40.4,165.7,0.997202,3.25,0.51,10.4,6,rose
7.1,0.335,0.48,5.84,0.037389,3.3,25.8,0.99044,3.02,0.52,12.4,7,rose
6.5,0.286,0.5,12.0,0.044439,38.1,129.8,0.997157,3.03,0.52,8.9,7,rose
8.8,0.5,0.49,3.16,0.083527,18.5,115.8,0.997729,3.3,0.59,9.9,7,rose
6.9,0.346,0.32,5.53,0.03103,8.9,130.6,0.992578,3.31,0.82,11.9,5,rose
6.1,0.596,0.1,1.46,0.047306,11.6,24.5,0.993336,3.57,0.5,12.0,6,rose
5.7,0.165,0.36,1.19,0.03605,17.1,84.4,0.988527,3.07,0.49,12.7,5,rose
8.4,0.339,0.42,2.5,0.062152,23.7,49.1,0.995818,3.33,0.86,11.1,7,rose
6.3,0.407,0.01,5.75,0.048565,18.4,72.4,0.993206,3.18,0.41,10.0,6,rose
8.0,0.217,0.27,13.71,0.051245,83.0,200.5,0.998058,3.14,0.44,9.8,5,rose
4.8,0.61,0.16,2.45,0.061373,16.2,106.3,0.993538,3.85,0.61,13.1,7,rose
6.0,0.593,0.01,0.6,0.036325,27.8,88.9,0.990441,3.11,0.36,10.9,6,rose
6.8,0.337,0.46,6.7,0.05293,28.3,158.2,0.995499,3.17,0.39,9.6,8,rose
6.6,0.259,0.19,2.42,0.042825,30.8,135.0,0.990704,3.09,0.52,11.6,5,rose
6.1,0.194,0.36,1.89,0.026112,33.0,109.8,0.993461,3.47,0.53,9.7,6,rose
6.3,0.208,0.33,5.38,0.028651,19.7,73.1,0.990491,3.37,0.38,13.5,6,rose
7.0,0.208,0.3,10.22,0.034216,35.9,112.5,0.994647,3.13,0.4,10.6,5,rose
8.8,0.208,0.35,7.77,0.036854,34.1,144.7,0.996494,3.09,0.46,9.7,6,rose
7.2,0.28,0.32,1.22,0.028832,21.3,126.0,0.993164,3.15,0.65,11.0,6,rose
5.4,0.421,0.09,1.75,0.02006,17.3,66.3,0.990835,3.31,0.52,11.4,7,rose
6.4,0.502,0.19,2.46,0.058725,18.0,105.8,0.992913,3.17,0.4,9.1,8,rose
6.6,0.161,0.35,0.98,0.0397,46.5,80.8,0.989797,2.97,0.49,11.6,5,rose
6.8,0.438,0.25,4.55,0.036244,19.0,97.5,0.990662,3.27,0.52,12.7,5,rose
6.3,0.41,0.3,3.28,0.02766,47.8,166.0,0.992709,3.52,0.8,11.6,6,rose
6.5,0.216,0.35,12.42,0.052711,46.1,179.4,0.998418,3.58,0.48,10.0,6,rose
5.7,0.252,0.17,9.36,0.053941,31.0,116.3,0.994751,3.36,0.36,10.3,5,rose
7.1,0.695,0.09,2.69,0.056091,43.1,45.4,0.996128,3.42,0.61,10.2,4,rose
8.3,0.854,0.03,2.5,0.071589,6.7,13.1,0.996985,3.32,0.57,11.0,5,rose
5.8,0.241,0.33,12.52,0.04419,42.8,121.2,0.995251,3.23,0.53,10.2,5,rose
6.6,0.524,0.34,11.47,0.097493,17.5,84.1,0.996626,3.1,0.48,9.6,5,rose
7.3,0.66,0.03,2.44,0.076002,7.1,8.6,0.996134,3.32,0.4,9.6,8,rose
6.8,0.158,0.21,1.62,0.046442,31.5,94.9,0.991581,3.26,0.54,11.3,6,rose
7.0,0.196,0.39,1.54,0.03326,15.5,53.7,0.991014,3.09,0.7,11.7,5,rose
6.6,0.281,0.29,3.27,0.032893,61.8,134.8,0.992733,3.09,0.6,11.1,7,rose
6.7,0.2,0.49,1.92,0.046842,28.4,122.9,0.991492,2.91,0.42,10.8,6,rose
7.0,0.256,0.24,1.84,0.046008,29.8,79.7,0.992595,3.29,0.43,9.8,6,rose
6.6,0.238,0.17,1.0,0.040376,33.0,109.4,0.992691,2.99,0.46,9.5,6,rose
9.2,0.409,0.44,1.56,0.086926,8.3,31.6,0.997201,3.27,0.55,9.6,7,rose
7.3,0.404,0.37,0.87,0.040409,35.7,118.6,0.991131,3.39,0.5,12.7,6,rose
7.0,0.348,0.77,9.67,0.045637,22.3,254.9,0.994629,3.01,0.55,11.1,6,rose
7.6,0.424,0.99,19.71,0.035287,44.5,163.4,0.997341,3.3,0.5,12.0,6,rose
7.4,0.116,0.33,12.19,0.052038,58.0,137.6,0.997598,3.16,0.39,9.0,5,rose
7.4,0.366,0.29,1.39,0.07407,31.9,68.1,0.996804,3.46,0.58,9.4,6,rose
7.9,0.616,0.07,3.06,0.055648,2.6,6.9,0.992379,3.21,0.37,13.0,7,rose
7.3,0.703,0.0,2.5,0.071913,2.8,12.0,0.99805,3.51,0.52,9.0,7,rose
6.0,0.257,0.32,6.36,0.048082,46.6,165.2,0.992867,3.21,0.61,11.0,6,rose
6.7,0.355,0.48,11.43,0.074076,44.5,129.4,0.99699,2.99,0.87,9.2,7,rose
8.3,0.292,0.46,12.43,0.043138,51.5,139.5,0.994134,3.05,0.33,12.0,7,rose
7.0,0.209,0.34,5.28,0.043497,21.1,112.2,0.993562,3.32,0.53,10.7,4,rose
7.5,0.23,0.32,13.5,0.046743,25.1,170.9,0.9995,3.04,0.54,9.1,5,rose
7.7,0.16,0.31,0.84,0.029654,20.3,79.8,0.992239,3.12,0.37,10.4,5,rose
7.6,0.197,0.35,1.59,0.044558,23.8,111.2,0.992396,3.3,0.52,11.2,6,rose
6.5,0.246,0.25,12.99,0.060628,50.2,157.6,0.9976,3.37,0.48,9.7,4,rose
7.4,0.22,0.32,2.75,0.046548,27.7,87.1,0.990758,3.09,0.58,11.3,7,rose
7.6,0.158,0.49,1.29,0.044608,32.9,134.3,0.992697,3.15,0.78,10.5,7,rose
7.7,0.309,0.58,17.28,0.052498,41.6,163.3,0.999938,3.15,0.52,9.2,6,rose
7.0,0.448,0.28,1.51,0.083391,6.3,45.9,0.993905,3.32,0.47,11.7,7,rose
7.3,0.348,0.33,12.56,0.050336,4.0,34.7,0.994083,3.15,0.4,11.5,6,rose
8.5,0.484,0.12,2.0,0.086137,7.0,74.3,0.996844,3.18,0.53,9.6,6,rose
11.8,0.361,0.69,2.78,0.082101,11.1,24.5,0.99596,3.01,0.64,12.9,6,rose
8.9,0.615,0.29,2.11,0.086349,16.9,45.6,0.997863,3.29,0.53,9.5,6,rose
7.3,0.199,0.32,10.83,0.035944,34.0,119.3,0.99488,3.12,0.37,10.5,6,rose
6.4,0.236,0.23,7.15,0.069451,31.5,162.4,0.995929,3.25,0.55,9.1,6,rose
6.5,0.404,0.23,5.59,0.0475,24.9,148.6,0.992881,3.24,0.36,9.9,7,rose
7.0,0.233,0.45,2.58,0.045575,39.3,113.4,0.990529,3.15,0.47,12.0,5,rose
5.9,0.237,0.28,2.44,0.05154,41.7,173.3,0.993701,3.61,0.55,10.0,5,rose
7.6,0.314,0.32,1.56,0.029958,23.4,124.5,0.993147,3.16,0.65,10.9,5,rose
5.9,0.363,0.49,0.98,0.131759,63.6,174.3,0.992338,3.09,0.47,9.8,8,rose
8.1,0.233,0.36,9.65,0.053395,52.7,194.1,0.996649,3.07,0.56,9.6,5,rose
6.9,0.271,0.27,4.61,0.029222,19.8,81.3,0.991112,3.09,0.39,11.4,6,rose
6.6,0.26,0.22,7.36,0.040144,63.4,215.3,0.995033,3.13,0.37,9.6,6,rose
6.1,0.309,0.32,5.22,0.044219,58.6,165.4,0.992122,3.28,0.51,11.1,6,rose
8.5,0.45,0.52,1.7,0.373116,15.7,38.5,0.996386,3.01,1.09,9.4,7,rose
6.2,0.149,0.35,2.4,0.051933,22.6,69.5,0.990082,3.09,0.51,11.4,7,rose
8.7,0.501,0.29,1.11,0.111196,20.3,137.6,0.997573,2.94,1.97,10.0,6,rose
6.1,0.254,0.23,1.58,0.036543,34.6,118.3,0.99001,3.37,0.44,12.6,6,rose
8.8,0.301,0.45,1.21,0.060998,11.2,25.0,0.996512,3.37,0.76,10.2,8,rose
5.3,0.308,0.37,10.65,0.030153,52.9,142.3,0.993373,3.34,0.48,11.7,8,rose
6.1,0.336,0.25,0.6,0.193218,10.8,184.8,0.992683,3.15,0.6,9.3,5,rose
8.4,0.185,0.48,1.56,0.051787,12.4,138.0,0.991232,3.06,0.46,11.0,6,rose
6.7,0.416,0.31,1.18,0.046157,18.6,101.3,0.992224,3.13,0.43,10.5,6,rose
7.2,0.257,0.46,3.75,0.033194,95.2,162.3,0.991633,2.93,0.59,11.1,5,rose
7.2,0.743,0.05,4.52,0.086639,5.3,10.7,0.996713,3.41,0.4,10.8,5,rose
6.6,0.431,0.08,2.25,0.061063,9.2,22.0,0.994475,3.42,0.69,11.2,6,rose
10.0,0.907,0.42,2.14,0.059453,33.5,178.0,0.996894,3.14,0.46,10.1,6,rose
5.1,0.399,0.5,4.57,0.044467,32.1,78.5,0.989953,3.51,0.64,13.5,6,rose
6.2,0.35,0.37,4.97,0.032553,35.2,116.7,0.991064,3.32,0.62,12.5,6,rose
7.1,0.258,0.28,3.65,0.046854,14.5,80.2,0.992049,3.07,0.47,11.3,5,rose
5.9,0.392,0.32,5.96,0.035626,52.0,130.2,0.992302,3.5,0.57,12.7,6,rose
7.1,0.471,0.14,1.7,0.073794,8.6,21.1,0.996401,3.51,0.61,10.5,6,rose
10.0,0.703,0.42,2.12,0.060672,14.9,29.4,0.996381,3.13,0.57,11.0,7,rose
5.9,0.387,0.04,1.09,0.034813,21.7,119.7,0.992548,3.23,0.59,9.8,7,rose
6.9,0.594,0.11,7.89,0.095527,23.0,187.1,0.996931,3.41,0.47,9.2,5,rose
7.1,0.311,0.56,10.85,0.046439,58.2,247.2,0.996381,3.03,0.63,9.4,6,rose
9.0,0.605,0.23,3.7,0.101133,20.2,51.4,0.999041,3.26,0.67,9.6,7,rose
6.9,0.385,0.25,9.78,0.059204,51.9,174.1,0.995642,3.22,0.41,10.0,7,rose
7.5,0.309,0.38,1.5,0.04696,30.9,91.5,0.991172,3.21,0.54,11.5,6,rose
8.1,0.241,0.27,1.79,0.024716,40.2,183.2,0.992775,3.01,0.41,11.3,7,rose
6.5,0.325,0.26,7.82,0.053482,52.4,183.1,0.995094,3.14,0.5,9.6,6,rose
7.1,0.262,0.34,14.26,0.03509,47.3,130.1,0.995404,3.38,0.49,12.2,6,rose
9.3,0.277,0.5,11.73,0.0475,28.2,140.2,0.998044,3.09,0.34,9.9,5,rose
10.6,0.346,0.54,2.62,0.067858,4.1,11.9,0.996591,3.16,0.64,10.9,5,rose
7.6,0.305,0.25,8.29,0.031903,23.8,92.5,0.994206,3.11,0.51,10.6,5,rose
5.4,0.269,0.24,7.57,0.035737,26.8,108.2,0.993116,3.39,0.5,10.8,6,rose
9.2,0.607,0.29,3.32,0.086602,23.4,89.3,0.999693,3.24,0.63,9.7,6,rose
6.7,0.273,0.35,8.26,0.046143,33.7,106.3,0.99474,3.25,0.51,11.1,7,rose
6.6,0.276,0.19,6.89,0.04652,100.5,176.2,0.993474,3.18,0.35,10.2,6,rose
8.2,0.2,0.49,1.63,0.047322,9.3,141.4,0.991672,3.05,0.46,10.9,6,rose
6.9,0.25,0.29,3.39,0.038531,30.4,111.9,0.990337,3.15,0.32,12.6,7,rose
7.4,0.222,0.31,2.54,0.042212,29.6,98.7,0.991437,3.09,0.62,11.3,4,rose
6.2,0.386,0.31,1.44,0.049185,30.7,117.4,0.992778,3.16,0.51,10.0,7,rose
5.6,0.563,0.06,2.47,0.049481,4.8,16.3,0.994254,3.7,0.59,11.4,5,rose
6.0,0.266,0.25,12.98,0.035672,40.4,154.6,0.997908,3.35,0.44,9.4,7,rose
6.5,0.212,0.25,17.13,0.04801,46.1,136.3,1.000395,3.3,0.37,8.8,7,rose
6.5,0.246,0.54,6.85,0.036824,58.8,237.3,0.99542,3.04,0.43,8.9,7,rose
5.7,0.462,0.41,0.81,0.051541,59.7,188.4,0.993083,3.02,0.41,9.2,7,rose
6.2,0.273,0.33,5.46,0.048851,46.1,156.3,0.9929,3.21,0.59,11.0,6,rose
9.5,0.394,0.46,5.0,0.088361,2.1,6.9,0.996538,3.28,0.64,12.2,7,rose
7.4,0.174,0.34,2.62,0.040189,35.3,126.0,0.992413,3.1,0.5,11.0,5,rose
8.5,0.618,0.15,1.4,0.098783,13.1,45.9,0.995852,3.15,0.57,10.9,5,rose
7.5,0.408,0.11,2.75,0.094744,31.0,56.2,0.997043,3.36,0.7,10.3,6,rose
7.0,0.269,0.45,6.57,0.023518,26.4,120.7,0.993115,3.02,0.35,11.2,7,rose
5.8,0.352,0.36,0.83,0.039664,3.0,68.1,0.990461,3.3,0.33,11.4,5,rose
7.4,0.3,0.68,8.47,0.037611,54.5,162.9,0.996322,2.9,0.4,9.0,7,rose
5.9,0.17,0.34,5.7,0.038652,31.0,112.2,0.993711,3.3,0.56,10.2,7,rose
8.4,0.189,0.29,1.03,0.031057,42.5,122.4,0.991409,3.11,0.54,10.7,5,rose
6.9,0.242,0.3,4.0,0.041853,44.6,214.4,0.99306,3.3,0.51,11.9,6,rose
5.6,0.192,0.23,14.08,0.049958,42.9,105.5,0.99862,2.99,0.68,8.8,5,rose
6.4,0.302,0.2,16.49,0.054481,23.0,142.6,0.99858,3.09,0.49,9.2,6,rose
6.7,0.287,0.13,1.0,0.03956,86.3,163.2,0.992139,3.19,0.4,10.0,7,rose
6.6,0.241,0.29,1.46,0.037942,12.2,63.6,0.99166,3.07,0.5,10.9,7,rose
6.3,0.153,0.24,1.18,0.049077,18.7,77.6,0.993299,3.61,0.55,10.3,5,rose
7.7,0.554,0.13,2.72,0.070235,10.4,34.2,0.996019,3.35,0.61,11.6,5,rose
7.0,0.185,0.41,2.15,0.053071,24.9,158.2,0.994945,3.48,0.64,10.5,5,rose
6.9,0.15,0.28,14.52,0.052686,29.4,149.3,0.998301,2.97,0.38,8.9,6,rose
7.1,0.615,0.05,2.05,0.084644,6.4,29.3,0.998835,3.68,0.73,9.5,6,rose
6.1,0.265,0.25,1.92,0.026164,24.6,98.2,0.988738,3.03,0.43,12.1,6,rose
6.4,0.227,0.21,17.02,0.051625,41.1,153.6,0.998812,3.12,0.6,9.2,5,rose
5.0,0.553,0.14,8.4,0.034647,32.9,159.6,0.99182,3.55,0.51,12.3,6,rose
6.3,0.352,0.27,10.52,0.055378,37.4,192.3,0.994882,3.29,0.56,10.7,6,rose
6.4,0.426,0.32,1.06,0.04553,11.8,75.7,0.9921,3.09,0.41,11.3,6,rose
10.4,0.419,0.43,2.34,0.216927,5.6,16.7,0.999837,3.2,0.62,9.5,6,rose
7.3,0.164,0.48,0.82,0.038659,33.1,134.4,0.992715,3.15,0.78,10.5,8,rose
6.6,0.08,0.31,1.55,0.025531,21.8,91.3,0.990574,3.36,0.69,12.1,5,rose
7.2,0.343,0.16,1.89,0.029787,29.2,88.8,0.989886,3.3,0.6,12.5,5,rose
6.9,0.401,0.27,1.99,0.048245,50.0,190.0,0.9921,2.98,0.55,11.5,6,rose
7.4,0.282,0.48,13.3,0.035531,61.5,180.8,0.997701,3.02,0.36,8.9,7,rose
6.6,0.337,0.33,7.5,0.037311,42.0,124.5,0.991116,2.99,0.32,12.4,6,rose
6.6,0.751,0.02,2.12,0.076983,19.2,28.5,0.995613,3.55,0.6,12.8,4,rose
10.3,0.168,0.48,1.11,0.043071,6.2,38.0,0.993492,2.88,0.29,9.7,5,rose
7.0,0.681,0.08,2.24,0.088937,15.8,19.8,0.99549,3.37,0.61,11.3,3,rose
6.2,0.205,0.58,1.16,0.203122,17.0,100.0,0.992953,3.16,0.43,9.9,5,rose
9.9,0.506,0.56,4.07,0.093485,9.9,44.3,1.000276,3.29,0.57,9.0,6,rose
7.4,0.724,0.05,1.75,0.077487,6.8,8.9,0.99474,3.27,0.52,9.5,6,rose
6.5,0.217,0.46,6.9,0.050431,50.2,200.7,0.995713,3.23,0.5,9.2,7,rose
7.7,0.539,0.18,1.71,0.075872,8.1,39.6,0.998859,3.48,0.62,9.4,6,rose
5.0,0.442,0.18,2.5,0.033244,59.3,145.8,0.989736,3.27,0.33,11.5,5,rose
9.0,0.302,0.36,2.21,0.078631,12.3,31.4,0.996047,3.33,0.86,12.0,4,rose
6.2,0.675,0.5,1.44,0.027579,27.7,64.9,0.989351,3.36,0.39,12.9,6,rose
6.5,0.554,0.25,9.6,0.02527,19.4,101.6,0.992857,3.23,0.75,13.0,6,rose
7.4,0.143,0.43,1.75,0.049323,47.8,159.4,0.992086,2.97,0.61,10.5,6,rose
6.2,0.294,0.28,3.12,0.04143,19.3,94.4,0.992221,3.25,0.48,11.0,7,rose
6.8,0.236,0.4,0.6,0.039565,20.6,97.5,0.989888,3.04,0.38,11.3,7,rose
6.5,0.899,0.04,2.0,0.0707,3.9,10.7,0.996025,3.55,0.57,10.7,7,rose
10.4,0.65,0.27,3.04,0.105512,27.7,48.6,0.999983,3.23,0.64,9.9,5,rose
6.0,0.37,0.19,6.62,0.031892,25.3,139.2,0.993864,3.3,0.66,10.4,5,rose
4.9,0.272,0.2,3.13,0.039857,44.6,160.5,0.992055,3.75,0.76,11.3,4,rose
4.7,0.226,0.2,9.9,0.039983,16.2,109.7,0.993042,3.67,0.48,12.0,5,rose
7.6,0.671,0.09,1.52,0.065944,28.0,52.4,0.996591,3.38,0.52,9.4,6,rose
6.7,0.136,0.43,1.87,0.040105,50.0,137.4,0.992999,3.32,0.5,10.2,8,rose
6.3,0.376,0.28,0.82,0.056777,7.6,151.7,0.993733,3.43,0.5,9.1,6,rose
6.0,0.249,0.3,2.79,0.044129,37.7,141.9,0.989323,3.21,0.37,12.7,6,rose
6.8,0.113,0.31,12.47,0.047101,32.6,82.9,0.996623,3.2,0.36,10.0,4,rose
7.0,0.849,0.01,5.0,0.098562,6.4,17.9,0.996507,3.4,0.58,11.1,5,rose
6.7,0.352,0.31,8.82,0.030114,27.4,113.4,0.992058,3.12,0.63,12.9,6,rose
7.3,0.153,0.38,5.86,0.037723,33.4,164.0,0.993156,3.05,0.61,11.5,5,rose
7.1,0.486,0.0,2.11,0.062105,5.8,15.4,0.995636,3.42,0.59,10.9,7,rose
10.1,0.323,0.58,2.04,0.08096,4.7,10.2,0.99893,3.19,0.77,9.6,8,rose
8.7,0.226,0.31,13.17,0.043735,36.8,158.6,1.00021,3.12,0.45,8.8,6,rose
6.8,0.306,0.42,7.06,0.030055,27.3,111.0,0.991229,3.08,0.61,12.5,5,rose
6.6,0.237,0.32,5.08,0.139615,41.9,170.6,0.995398,3.2,0.37,9.3,5,rose
6.9,0.209,0.28,2.55,0.057829,49.8,170.9,0.994346,3.03,0.45,8.8,6,rose
5.9,0.256,0.25,2.09,0.047305,25.7,122.4,0.991922,3.63,0.75,11.3,6,rose
7.4,0.52,0.13,2.48,0.080926,32.0,65.0,0.995269,3.41,0.6,10.8,5,rose
4.9,0.738,0.0,1.67,0.04496,16.0,44.7,0.992714,4.01,0.6,12.5,7,rose
6.6,0.239,0.3,11.59,0.034759,68.0,187.1,0.995666,3.14,0.49,10.3,5,rose
6.4,0.259,0.2,15.41,0.034475,19.0,145.9,0.996009,3.12,0.53,10.6,7,rose
8.4,0.294,0.29,0.95,0.033182,2.8,50.9,0.990969,2.89,0.31,11.5,5,rose
6.9,0.139,0.35,1.75,0.028526,17.9,63.8,0.993545,3.37,0.42,10.0,6,rose
7.3,0.225,0.39,14.25,0.05349,56.5,196.0,0.997794,3.07,0.44,9.0,7,rose
7.9,0.25,0.36,11.57,0.039127,50.4,205.2,0.997375,3.12,0.56,9.7,5,rose
9.1,0.744,0.17,1.83,0.148982,8.4,104.3,0.997388,2.89,1.34,10.3,6,rose
7.2,0.429,0.26,3.41,0.052424,22.2,111.2,0.991509,3.2,0.38,11.4,6,rose
5.9,0.152,0.16,5.88,0.037383,37.6,133.0,0.993309,3.04,0.58,9.9,6,rose
5.9,0.217,0.3,8.08,0.038791,45.8,123.2,0.993517,3.18,0.39,10.5,8,rose
5.5,0.203,0.39,0.78,0.040811,15.3,64.8,0.99163,3.22,0.53,10.2,5,rose
6.9,0.161,0.34,2.93,0.041333,39.8,107.2,0.989995,3.23,0.45,13.0,6,rose
7.1,0.376,0.64,11.06,0.042757,53.2,161.3,0.997216,3.09,0.43,8.9,5,rose
6.7,0.189,0.36,4.96,0.051315,44.0,134.5,0.992877,3.12,0.56,10.9,7,rose
7.0,0.494,0.09,2.02,0.073538,9.6,29.0,0.996391,3.42,0.57,10.2,6,rose
7.8,0.44,0.33,2.36,0.076639,27.4,57.3,0.99787,3.33,0.64,10.1,4,rose
7.7,0.187,0.33,2.65,0.049567,37.0,116.5,0.996015,3.59,0.44,10.2,6,rose
6.9,0.178,0.42,12.78,0.045787,80.1,175.3,0.997241,3.26,0.78,10.3,6,rose
7.6,0.945,0.2,1.99,0.046453,16.2,63.5,0.995204,3.37,0.45,10.9,6,rose
7.8,0.274,0.34,10.39,0.037062,76.3,211.9,0.997225,2.94,0.49,9.5,6,rose
7.4,0.265,0.32,17.82,0.049747,43.0,201.1,1.000391,3.08,0.43,9.0,6,rose
7.1,0.181,0.34,2.29,0.04325,63.1,149.9,0.993054,3.43,0.51,10.8,5,rose
9.2,0.306,0.5,1.38,0.039362,34.3,151.8,0.995022,3.13,0.47,9.7,5,rose
7.7,0.28,0.27,6.4,0.036336,23.8,113.6,0.993538,3.36,0.55,10.9,7,rose
11.0,0.551,0.48,4.65,0.122851,12.3,26.4,0.999948,3.07,0.56,11.8,6,rose
7.5,0.23,0.27,11.57,0.057769,69.7,140.7,0.998641,2.98,0.32,9.2,8,rose
7.4,0.292,0.69,10.08,0.041298,59.5,157.2,0.997551,3.05,0.44,8.6,6,rose
7.1,0.254,0.28,7.23,0.050902,39.2,150.7,0.996428,3.43,0.37,9.6,5,rose
8.0,0.259,0.32,1.41,0.030548,39.1,98.0,0.992719,3.22,0.63,10.4,5,rose
6.9,0.62,0.42,11.43,0.067262,26.0,142.1,0.99694,3.19,0.34,9.2,5,rose
6.9,0.401,0.39,12.67,0.1124,16.7,94.5,0.997728,3.02,0.49,9.2,6,rose
8.2,0.204,0.42,1.93,0.047756,11.6,101.3,0.993925,3.03,0.65,11.0,5,rose
7.3,0.291,0.29,10.66,0.040983,60.4,223.9,0.997316,3.12,0.51,9.1,5,rose
7.6,0.254,0.49,9.77,0.048595,48.9,150.2,0.996156,3.16,0.58,10.5,5,rose
7.4,0.146,0.32,0.99,0.063387,23.3,150.4,0.991303,3.05,0.47,11.3,6,rose
6.2,0.26,0.3,2.89,0.029707,30.3,143.8,0.990105,3.2,0.3,11.9,6,rose
6.9,0.575,0.11,2.56,0.077737,11.9,34.3,0.996431,3.53,0.64,10.1,7,rose
9.5,0.565,0.33,1.98,0.085003,34.5,63.7,0.996911,3.29,0.73,11.7,6,rose
6.2,0.352,0.29,11.67,0.044912,24.9,235.2,0.998083,3.19,0.5,8.7,7,rose
6.8,0.531,0.01,0.95,0.034846,38.9,106.0,0.992662,3.2,0.33,9.0,5,rose
8.0,0.714,0.2,2.42,0.073528,8.0,18.2,0.996781,3.2,0.53,9.4,6,rose
6.2,0.279,0.31,6.14,0.206614,61.4,161.4,0.995162,3.12,0.39,9.4,5,rose
6.6,0.264,0.46,8.3,0.045303,49.7,197.7,0.995542,3.16,0.49,9.6,4,rose
5.3,0.392,0.26,7.55,0.053048,22.8,107.2,0.992722,3.26,0.45,12.3,5,rose
7.8,0.264,0.33,9.6,0.037981,73.8,203.5,0.996885,2.93,0.48,9.7,5,rose
5.9,0.333,0.28,4.61,0.051964,14.3,121.1,0.994548,3.16,0.42,9.2,6,rose
7.3,0.242,0.28,14.43,0.058887,54.4,198.9,0.997972,3.11,0.4,9.0,6,rose
6.2,0.382,0.24,6.76,0.067602,10.2,112.7,0.994424,3.14,0.35,10.2,6,rose
6.8,0.244,0.23,7.9,0.047398,55.9,209.8,0.995636,3.1,0.48,8.9,6,rose
5.9,0.269,0.52,6.44,0.028513,37.5,105.2,0.991437,3.29,0.49,12.0,6,rose
6.9,0.269,0.27,20.13,0.03558,42.4,148.2,0.997485,3.03,0.38,12.6,7,rose
7.6,0.636,0.33,2.2,0.082492,8.1,50.9,0.996614,3.38,0.54,9.5,5,rose
7.7,0.245,0.27,1.45,0.049213,52.9,185.1,0.992521,3.22,0.51,10.9,5,rose
7.2,0.375,0.28,9.29,0.040188,28.1,126.6,0.994403,3.09,0.4,10.7,7,rose
6.0,0.276,0.26,1.11,0.032907,32.2,132.4,0.991351,3.46,0.42,11.1,7,rose
7.2,0.369,0.2,1.84,0.080966,7.5,28.6,0.996402,3.33,0.49,9.5,7,rose
6.5,0.324,0.24,3.71,0.035298,27.5,97.5,0.9903,3.07,0.4,12.4,6,rose
5.8,0.29,0.38,10.98,0.038443,49.0,145.2,0.993363,3.1,0.6,11.1,4,rose
5.5,0.195,0.46,1.08,0.033686,34.1,115.9,0.990818,3.35,0.52,10.3,6,rose
7.2,0.178,0.28,14.12,0.056897,45.3,153.6,0.9978,2.92,0.4,8.9,5,rose
5.7,0.331,0.33,1.87,0.044779,27.7,89.2,0.990222,3.3,0.51,12.4,7,rose
5.1,0.469,0.02,1.7,0.059582,18.7,103.3,0.992627,3.54,0.62,12.1,5,rose
6.1,0.295,0.3,16.5,0.035065,49.3,173.8,0.999523,3.4,0.46,9.4,6,rose
10.8,0.442,0.32,2.53,0.095519,21.3,43.1,0.99867,3.24,0.71,10.7,5,rose
7.3,0.349,0.31,17.7,0.064211,41.7,186.7,1.000055,3.28,0.64,9.1,6,rose
7.0,0.41,0.12,2.08,0.06124,14.5,30.4,0.992734,3.31,0.53,13.3,6,rose
8.3,0.18,0.48,1.55,0.04019,33.4,170.6,0.994116,3.07,0.37,10.3,6,rose
6.7,0.147,0.38,2.0,0.04153,36.2,130.0,0.99214,3.27,0.6,10.8,8,rose
5.6,0.191,0.25,1.59,0.024113,12.3,78.3,0.990475,3.25,0.37,11.0,6,rose
6.6,0.316,0.34,4.91,0.052218,30.1,136.8,0.99278,3.27,0.56,11.1,6,rose
7.4,0.432,0.19,12.21,0.052546,43.4,157.3,0.997567,3.28,0.44,9.0,8,rose
8.6,0.532,0.37,1.03,0.094373,6.1,19.5,0.996744,3.19,0.51,9.5,7,rose
6.9,0.606,0.11,1.67,0.085661,12.6,34.0,0.996358,3.52,0.61,10.2,7,rose
7.1,0.194,0.26,1.22,0.021763,3.1,27.4,0.989573,3.22,0.36,11.9,8,rose
5.5,0.223,0.29,1.01,0.05024,70.0,155.5,0.992015,3.76,0.63,10.8,7,rose
6.3,0.128,0.38,1.81,0.026255,17.1,86.8,0.988607,3.19,0.97,12.9,7,rose
6.7,0.545,0.28,7.48,0.04838,7.9,180.9,0.995013,3.16,0.39,9.4,6,rose
7.2,0.2,0.27,1.23,0.037264,34.6,172.0,0.991925,3.29,0.48,11.1,6,rose
6.8,0.293,0.42,6.38,0.056851,22.6,147.0,0.995405,3.16,0.45,9.7,3,rose
7.4,0.313,0.39,9.12,0.034392,43.1,157.4,0.995895,3.22,0.46,10.3,6,rose
6.3,0.29,0.27,7.45,0.049104,48.4,165.1,0.992786,3.26,0.47,11.2,7,rose
6.3,0.221,0.32,8.02,0.033539,32.8,129.4,0.99475,3.4,0.38,10.2,7,rose
6.8,0.215,0.27,18.4,0.040347,40.1,141.1,0.999973,3.31,0.34,8.7,7,rose
6.5,0.262,0.27,11.98,0.045461,79.5,227.2,0.99724,3.18,0.42,9.9,6,rose
6.8,0.17,0.37,1.58,0.034641,28.3,85.1,0.989689,2.91,0.59,12.2,6,rose
7.3,0.384,0.31,1.95,0.083579,32.0,72.9,0.996873,3.41,0.62,9.6,5,rose
7.5,0.244,0.35,11.22,0.057084,49.3,124.1,0.996986,3.09,0.56,10.0,5,rose
7.1,0.697,0.21,9.51,0.063601,30.0,169.7,0.997052,3.0,0.54,9.2,5,rose
6.9,0.678,0.0,1.86,0.080439,20.5,30.8,0.997056,3.4,0.73,9.7,5,rose
6.8,0.352,0.45,6.7,0.056741,31.5,168.9,0.995463,3.15,0.44,9.6,8,rose
6.4,0.269,0.25,5.19,0.031892,53.8,133.6,0.990542,3.18,0.42,12.3,5,rose
6.3,0.302,0.33,10.37,0.034854,23.3,97.0,0.995351,3.35,0.53,10.4,5,rose
12.8,0.304,0.74,2.63,0.097666,8.5,20.1,1.000015,3.2,0.76,11.0,5,rose
6.8,0.305,0.33,7.42,0.062238,38.9,174.3,0.995901,3.47,0.63,11.2,8,rose
6.3,0.329,0.37,5.22,0.028897,33.3,181.7,0.995051,3.14,0.49,9.7,7,rose
6.4,0.201,0.27,1.37,0.053766,43.9,140.6,0.993059,3.24,0.42,10.2,4,rose
8.5,0.216,0.26,8.8,0.033787,71.8,142.4,0.994607,3.06,0.38,11.3,5,rose
7.7,0.273,0.32,1.12,0.038516,22.7,120.7,0.992193,2.94,0.32,11.0,5,rose
6.4,0.296,0.41,7.64,0.029097,53.5,224.2,0.991551,3.02,0.42,13.0,5,rose
6.2,0.374,0.2,8.35,0.028836,49.5,166.9,0.995852,3.21,0.5,9.4,5,rose
8.7,0.306,0.75,13.18,0.041973,24.6,196.1,1.000592,2.96,0.9,8.4,5,rose
7.5,0.618,0.28,2.6,0.086922,18.1,91.0,0.996218,3.26,0.58,9.6,6,rose
6.6,0.154,0.4,2.2,0.031359,14.8,110.8,0.992325,3.49,0.42,11.4,6,rose
6.9,0.24,0.37,5.55,0.023923,34.3,107.5,0.991341,3.05,0.33,12.7,6,rose
6.9,0.22,0.35,6.89,0.037711,27.0,97.6,0.992084,2.95,0.84,11.7,5,rose
6.1,0.345,0.23,5.39,0.041298,45.2,148.6,0.991558,3.22,0.39,11.2,5,rose
7.1,0.442,0.61,11.68,0.046437,55.2,158.5,0.997547,3.12,0.46,8.6,6,rose
6.7,0.201,0.43,10.3,0.038376,53.7,154.8,0.997555,3.52,0.76,10.2,5,rose
6.8,0.458,0.05,0.6,0.030626,17.0,156.2,0.991116,3.03,0.34,10.6,6,rose
8.0,0.548,0.43,12.46,0.210889,37.2,212.0,0.998502,2.99,0.55,9.3,5,rose
7.8,0.175,0.3,12.26,0.05156,48.6,131.8,0.998234,3.08,0.53,8.9,8,rose
6.9,0.369,0.28,13.99,0.045456,53.0,185.3,0.998007,3.0,0.6,9.5,6,rose
7.3,0.17,0.26,1.35,0.043577,12.7,143.8,0.991632,3.21,0.48,11.3,6,rose
8.3,0.637,0.23,1.38,0.077159,25.1,121.1,0.997113,3.17,1.1,9.1,7,rose
6.5,0.401,0.4,11.86,0.057998,52.2,221.6,0.998707,3.27,0.51,8.9,4,rose
6.6,0.582,0.31,4.9,0.056099,27.6,120.0,0.994196,3.24,0.37,9.0,7,rose
8.1,0.346,0.28,5.04,0.075617,17.8,99.4,0.991521,2.94,0.38,12.5,8,rose
5.9,0.359,0.42,18.62,0.072279,68.1,203.2,1.001113,3.39,0.51,9.2,7,rose
8.1,0.257,0.28,4.84,0.05269,32.4,147.9,0.994269,3.14,0.48,10.2,5,rose
4.8,0.636,0.12,1.47,0.015807,6.1,6.0,0.992616,3.34,0.36,13.4,5,rose
9.1,0.246,0.5,1.07,0.048243,25.3,107.0,0.99166,3.22,0.33,12.3,6,rose
6.9,0.352,0.24,15.83,0.054294,47.0,200.9,0.998815,3.1,0.5,8.9,5,rose
6.7,0.364,0.27,4.12,0.031469,28.9,86.5,0.989904,3.22,0.47,12.5,6,rose
8.2,0.27,0.34,1.79,0.024429,39.0,102.0,0.992428,3.24,0.62,10.3,5,rose
6.2,0.138,0.36,1.22,0.044757,21.2,66.1,0.989763,3.15,0.51,11.6,6,rose
4.9,0.433,0.15,1.8,0.039746,32.9,106.2,0.987542,3.2,0.84,14.0,6,rose
6.4,0.265,0.57,1.06,0.056852,12.9,116.5,0.992606,3.06,0.42,9.4,5,rose
7.6,0.708,0.22,1.51,0.086968,18.6,89.8,0.995949,3.31,0.47,9.6,6,rose
9.1,0.591,0.52,1.96,0.342402,24.2,82.3,0.9964,3.03,1.61,9.4,6,rose
6.9,0.912,0.31,5.19,0.072712,12.7,35.9,0.995543,3.5,0.52,11.1,6,rose
8.2,0.623,0.09,2.33,0.074454,23.2,58.1,0.996405,3.3,0.77,10.8,7,rose
7.3,0.75,0.05,4.73,0.087229,5.3,16.7,0.996125,3.4,0.39,11.0,6,rose
7.2,0.235,0.4,1.32,0.045297,32.4,108.2,0.991436,2.88,0.39,11.1,6,rose
6.4,0.733,0.21,7.43,0.075169,28.6,79.9,0.997845,3.29,0.53,9.3,5,rose
9.3,0.249,0.32,1.69,0.059107,51.0,74.4,0.997579,3.46,0.9,10.2,6,rose
8.1,0.268,0.36,2.4,0.07346,46.4,163.8,0.995106,3.37,0.69,10.8,6,rose
9.9,0.495,0.5,13.95,0.204138,47.0,84.7,1.003042,3.17,0.74,8.8,5,rose
7.1,0.236,0.27,1.04,0.050382,46.2,166.4,0.992423,3.05,0.42,10.4,6,rose
7.6,0.227,0.3,10.39,0.037322,61.4,186.1,0.997301,3.12,0.55,9.5,5,rose
7.2,0.644,0.24,1.51,0.401408,16.4,51.7,0.996989,3.14,1.16,9.3,6,rose
7.1,0.199,0.36,2.17,0.043432,26.1,133.5,0.993558,3.32,0.61,10.1,5,rose
8.5,0.571,0.07,1.82,0.105594,15.6,38.6,0.995538,3.14,0.52,11.0,4,rose
6.6,0.249,0.31,1.61,0.041859,19.4,135.8,0.992106,3.09,0.44,9.8,5,rose
6.0,0.496,0.0,1.32,0.052768,14.1,29.3,0.99448,3.38,0.47,9.5,5,rose
5.9,0.411,0.48,7.5,0.024201,13.6,84.6,0.990257,3.36,0.46,14.0,6,rose
7.7,0.677,0.13,1.34,0.074445,25.1,171.2,0.994077,3.05,0.52,9.3,6,rose
8.7,0.543,0.09,2.74,0.069445,9.1,19.6,0.997328,3.22,0.41,10.1,6,rose
8.0,0.716,0.01,2.36,0.085861,13.9,21.1,0.997499,3.37,0.47,9.6,6,rose
7.2,0.515,0.12,2.37,0.062596,15.3,30.2,0.993287,3.36,0.6,12.2,5,rose
7.8,0.44,0.7,1.7,0.46285,21.7,67.7,0.997859,3.12,1.28,9.5,5,rose
6.4,0.235,0.36,2.1,0.025006,38.6,142.8,0.989624,3.28,0.37,12.4,6,rose
6.8,0.22,0.3,1.16,0.043334,7.8,66.9,0.989416,3.2,0.4,12.7,5,rose
6.5,0.241,0.33,8.1,0.030742,38.4,140.2,0.993935,3.19,0.36,10.5,5,rose
8.0,0.277,0.12,17.59,0.03698,46.7,210.6,0.999514,2.93,0.45,9.7,6,rose
6.4,0.563,0.28,2.08,0.0458,10.9,49.7,0.993781,3.4,0.62,12.7,6,rose
6.2,0.245,0.46,11.48,0.048966,62.8,205.5,0.997125,3.18,0.5,9.6,6,rose
6.7,0.238,0.34,7.08,0.032546,44.1,114.2,0.992456,2.8,0.54,11.0,5,rose
6.2,0.289,0.25,12.95,0.058346,34.2,186.6,0.997973,3.25,0.43,9.0,7,rose
6.3,0.212,0.4,1.35,0.029556,48.6,138.7,0.991685,3.42,0.49,11.4,5,rose
5.7,0.245,0.33,2.18,0.039897,13.5,71.5,0.990066,3.05,0.46,11.6,5,rose
7.3,0.387,0.21,1.9,0.080069,5.8,37.7,0.996453,3.32,0.47,9.5,8,rose
10.1,0.296,0.62,2.25,0.078646,6.1,17.4,0.995797,3.22,0.64,11.9,7,rose
7.0,0.399,0.32,6.7,0.036768,50.5,143.3,0.990259,3.16,0.26,13.4,5,rose
7.3,0.227,0.39,18.64,0.060469,46.6,144.1,0.999967,3.2,0.35,8.4,7,rose
6.2,0.286,0.26,2.27,0.037058,9.5,78.1,0.989651,3.11,0.48,12.2,5,rose
6.7,0.22,0.38,2.22,0.028215,38.4,101.4,0.991342,3.25,0.4,11.2,6,rose
7.5,0.241,0.22,10.43,0.042047,24.6,87.5,0.995481,2.85,0.35,9.7,6,rose
9.4,0.413,0.44,1.74,0.107829,36.7,128.8,0.998033,3.16,1.22,9.6,6,rose
5.8,0.182,0.22,4.69,0.041,25.4,120.1,0.993854,3.34,0.39,9.3,5,rose
7.2,0.351,0.28,10.36,0.109101,41.2,188.0,0.997671,2.96,0.58,9.3,6,rose
6.3,0.218,0.19,0.6,0.045801,50.9,134.1,0.992207,3.23,0.41,10.6,7,rose
6.7,0.263,0.29,2.12,0.023809,12.7,153.6,0.993103,3.3,0.59,10.6,7,rose
8.1,0.406,0.36,2.29,0.071354,10.7,47.0,0.997234,3.34,0.45,9.4,6,rose
7.8,0.298,0.4,1.41,0.042259,50.8,152.4,0.993646,3.45,0.49,10.8,5,rose
6.9,0.295,0.26,2.1,0.036656,40.5,121.5,0.992707,3.44,0.47,10.8,7,rose
5.3,0.282,0.29,5.51,0.03886,61.6,133.1,0.989176,3.17,0.33,12.3,6,rose
5.9,0.288,0.23,3.62,0.034976,40.2,123.9,0.992254,3.15,0.5,10.9,6,rose
6.9,0.159,0.33,2.04,0.039876,36.8,115.0,0.989992,3.26,0.45,12.9,7,rose
6.8,0.23,0.3,10.45,0.067696,43.8,177.3,0.996899,2.85,0.45,8.9,5,rose
10.4,0.427,0.74,7.3,0.071419,35.4,65.3,0.999092,3.16,0.85,12.1,5,rose
6.1,0.342,0.4,16.71,0.037214,55.9,172.0,0.998961,3.25,0.57,9.3,6,rose
5.4,0.305,0.37,1.68,0.072072,12.7,103.1,0.995472,3.3,0.57,9.1,5,rose
4.6,0.226,0.39,0.99,0.070304,46.8,127.9,0.991124,3.32,0.41,10.3,8,rose
6.1,0.336,0.31,1.53,0.035167,41.0,139.9,0.989031,3.3,0.42,12.9,5,rose
6.1,0.28,0.57,1.47,0.047523,49.0,85.3,0.989748,3.17,0.35,11.6,7,rose
7.4,0.156,0.49,18.32,0.050381,37.9,149.1,0.999517,3.06,0.38,9.3,5,rose
7.3,0.192,0.3,10.97,0.039247,34.7,121.7,0.994861,3.13,0.41,10.6,7,rose
7.9,0.721,0.22,2.34,0.078872,13.4,87.3,0.996947,3.26,0.52,9.4,6,rose
6.0,0.276,0.33,3.97,0.036088,16.4,72.5,0.989072,3.32,0.5,12.7,5,rose
5.6,0.226,0.66,1.13,0.07661,15.4,141.0,0.993202,3.23,0.42,9.3,7,rose
6.7,0.305,0.48,7.23,0.057485,25.4,156.1,0.996229,3.43,0.62,10.9,6,rose
10.3,0.54,0.36,14.7,0.213624,56.0,96.5,1.003468,3.17,0.76,8.9,7,rose
6.4,0.104,0.24,6.63,0.039319,26.2,97.3,0.995199,3.6,0.5,10.5,6,rose
8.1,0.356,0.45,6.39,0.027015,47.9,130.9,0.991072,2.94,0.38,12.5,6,rose
5.7,0.338,0.15,10.81,0.030913,24.9,127.9,0.9951,3.24,0.48,10.1,6,rose
7.2,0.4,0.61,10.72,0.036513,72.5,183.9,0.997023,3.1,0.47,8.6,6,rose
10.1,0.76,0.21,4.58,0.106782,33.0,80.3,0.999005,3.14,0.55,9.5,5,rose
6.1,0.283,0.33,2.05,0.039818,15.7,118.0,0.993236,3.15,0.68,10.4,7,rose
7.7,0.233,0.37,1.78,0.049816,22.4,61.8,0.996817,3.42,0.72,12.1,5,rose
7.8,0.255,0.31,1.33,0.037842,27.6,109.0,0.99273,3.19,0.55,10.7,6,rose
7.0,0.261,0.27,10.41,0.036434,26.9,110.6,0.992974,3.04,0.51,11.5,7,rose
8.1,0.251,0.13,17.43,0.030431,48.6,218.9,0.999928,2.96,0.47,9.6,8,rose
5.8,0.275,0.3,1.22,0.032393,36.9,92.7,0.989524,3.09,0.63,12.7,5,rose
5.8,0.509,0.01,1.31,0.03184,39.2,110.6,0.989221,3.26,0.35,12.4,6,rose
6.7,0.232,0.46,1.89,0.030359,20.3,115.5,0.990116,3.1,0.63,11.8,5,rose
5.1,0.387,0.15,1.51,0.034809,8.5,47.2,0.991486,3.52,0.42,11.8,8,rose
7.2,0.342,0.35,5.49,0.036484,27.2,95.4,0.991668,2.92,0.61,12.5,7,rose
10.2,0.299,0.44,6.52,0.076175,5.0,8.8,0.997854,3.25,0.82,12.4,6,rose
7.0,0.208,0.28,1.28,0.041798,34.5,153.0,0.993616,3.19,0.43,9.3,6,rose
7.1,0.349,0.32,1.48,0.076133,35.2,71.2,0.996843,3.45,0.5,9.4,6,rose
7.0,0.323,0.34,7.43,0.054258,36.2,175.2,0.996146,3.44,0.62,11.0,6,rose
6.4,0.174,0.42,1.11,0.035466,29.9,108.9,0.991572,3.18,0.53,11.0,5,rose
7.2,0.492,0.65,7.55,0.08179,27.2,178.1,0.996978,3.01,0.37,9.2,6,rose
6.8,0.672,0.0,5.08,0.128235,20.7,65.4,0.999181,3.48,0.73,10.3,6,rose
6.4,0.271,0.23,5.2,0.039016,22.6,129.9,0.994479,3.28,0.31,10.2,5,rose
6.5,0.279,0.3,8.9,0.05023,23.1,164.3,0.993231,3.23,0.54,11.4,6,rose
8.8,0.516,0.36,3.23,0.083845,23.7,118.1,0.998087,3.27,0.65,9.5,5,rose
6.0,0.513,0.34,7.93,0.04443,22.3,116.9,0.992328,3.06,0.37,11.0,7,rose
7.2,0.264,0.36,7.39,0.03289,50.5,128.6,0.993837,3.21,0.39,10.8,5,rose
8.1,0.314,0.47,7.65,0.036557,24.7,171.4,0.994379,3.12,0.29,11.1,4,rose
7.6,0.248,0.63,13.14,0.030269,50.3,169.6,0.997301,2.99,0.54,8.8,8,rose
7.1,0.564,0.07,8.4,0.037733,17.2,173.0,0.992627,3.27,0.46,12.2,6,rose
4.9,0.433,0.01,1.64,0.046813,14.6,48.8,0.99156,3.73,0.75,14.1,4,rose
6.5,0.411,0.28,12.06,0.056918,26.0,171.8,0.998355,3.32,0.55,9.3,6,rose
6.1,0.435,0.41,12.91,0.028966,52.6,174.3,0.99657,3.15,0.6,9.9,7,rose
6.2,0.368,0.38,3.97,0.028236,20.1,81.3,0.989826,3.06,0.34,12.0,3,rose
6.0,0.417,0.0,1.13,0.066055,35.8,89.3,0.991096,3.27,0.66,10.8,6,rose
6.9,0.259,0.27,1.64,0.039355,119.1,218.1,0.994697,3.56,0.64,9.3,6,rose
7.1,0.713,0.04,4.92,0.086135,4.7,11.6,0.996421,3.43,0.39,10.9,5,rose
8.1,0.492,0.34,2.3,0.074386,21.3,121.0,0.997666,3.23,0.63,9.4,6,rose
8.6,0.298,0.45,2.13,0.060491,7.9,27.3,0.99713,3.35,0.76,10.0,5,rose
7.0,0.476,0.11,5.07,0.052216,22.7,85.1,0.994189,2.85,0.35,9.1,6,rose
6.4,0.146,0.26,1.09,0.05658,21.6,121.9,0.990585,3.26,0.44,11.1,6,rose
7.3,0.272,0.73,13.61,0.049635,56.1,166.5,0.997953,3.04,0.42,8.8,6,rose
7.2,0.142,0.37,10.74,0.03797,19.4,91.3,0.995434,3.19,0.43,11.0,5,rose
8.3,0.136,0.34,1.71,0.044802,6.5,48.4,0.993205,3.48,0.4,10.1,5,rose
6.9,0.369,0.34,4.01,0.020686,56.8,126.1,0.990182,3.28,0.36,12.7,7,rose
7.0,0.259,0.23,4.43,0.094459,36.5,126.3,0.993717,3.17,0.48,9.5,6,rose
7.3,0.258,0.41,14.27,0.043447,58.4,178.2,0.999672,3.3,0.74,9.1,6,rose
7.2,0.21,0.29,13.1,0.054025,44.8,236.0,0.998586,3.15,0.47,9.2,7,rose
6.5,0.267,0.31,1.65,0.034423,58.0,145.2,0.989519,3.15,0.54,12.3,5,rose
6.8,0.203,0.33,3.46,0.046469,26.7,79.5,0.99163,2.9,0.55,10.7,6,rose
5.7,0.332,0.19,2.58,0.030011,18.7,119.9,0.989317,3.35,0.77,13.9,5,rose
5.6,0.668,0.0,2.37,0.067028,7.0,12.6,0.992444,3.52,0.57,12.9,5,rose
7.1,0.406,0.22,11.01,0.101094,13.5,86.1,0.996773,3.01,0.47,9.4,5,rose
6.6,0.261,0.73,8.24,0.044178,51.7,206.0,0.995546,3.23,0.42,9.1,5,rose
6.3,0.293,0.53,7.41,0.057616,49.6,196.2,0.995331,3.18,0.53,9.6,6,rose
7.3,0.309,0.53,13.09,0.041036,62.5,152.4,0.998273,2.98,0.48,9.1,5,rose
6.7,0.348,0.29,1.62,0.044726,45.3,192.3,0.99253,3.11,0.37,9.6,7,rose
7.6,0.212,0.66,11.17,0.043865,38.6,130.6,0.997838,3.0,0.36,8.9,4,rose
10.2,0.44,0.51,4.69,0.103113,3.3,19.9,0.998089,3.27,0.84,11.5,6,rose
12.3,0.514,0.48,2.6,0.087872,4.7,25.3,0.999895,3.18,0.43,9.5,6,rose
5.9,0.3,0.24,12.45,0.05877,47.6,219.4,0.997817,3.22,0.41,9.1,7,rose
6.8,0.151,0.36,2.11,0.041635,28.1,89.2,0.989895,2.92,0.57,12.0,5,rose
5.2,0.259,0.28,4.61,0.034146,62.3,129.6,0.989405,3.2,0.35,12.4,4,rose
5.8,0.259,0.25,11.73,0.041463,23.6,127.0,0.993872,3.35,0.31,10.8,5,rose
6.9,0.457,0.29,25.61,0.031803,24.3,122.5,1.002995,3.04,0.43,10.6,6,rose
6.4,0.266,0.25,11.42,0.030604,1.6,77.6,0.993987,3.09,0.37,11.2,6,rose
7.2,0.252,0.35,17.43,0.047423,42.3,192.4,1.000358,3.06,0.42,9.1,6,rose
7.1,0.157,0.44,0.98,0.028429,32.5,135.1,0.990468,3.12,0.58,11.8,6,rose
8.3,0.589,0.26,2.32,0.118946,7.7,46.7,0.99612,3.13,0.52,9.8,6,rose
7.2,0.306,0.17,0.64,0.040715,21.0,147.4,0.993001,3.13,0.4,9.7,5,rose
4.4,0.549,0.07,5.29,0.03617,52.5,97.6,0.990084,3.42,0.41,12.2,5,rose
6.9,0.143,0.35,1.97,0.036554,18.8,112.8,0.991769,3.38,0.82,11.9,6,rose
6.6,0.231,0.35,1.15,0.055947,46.4,197.8,0.993321,3.38,0.55,10.2,7,rose
6.8,0.106,0.44,1.26,0.041591,49.2,131.7,0.99042,3.2,0.74,11.3,5,rose
6.2,0.213,0.29,3.84,0.04102,31.4,126.8,0.996829,3.16,0.41,9.2,7,rose
5.8,0.259,0.28,4.33,0.198351,72.4,186.5,0.994707,3.26,0.38,9.4,6,rose
6.6,0.262,0.24,1.66,0.046606,71.8,152.3,0.992507,3.16,0.51,10.4,6,rose
9.9,0.338,0.48,2.46,0.060484,8.0,11.5,0.995783,3.23,0.53,12.1,6,rose
5.9,0.382,0.3,1.89,0.044716,30.5,114.8,0.993144,3.19,0.47,10.1,5,rose
7.4,0.384,0.51,12.75,0.040786,58.6,180.8,0.998486,3.1,0.45,9.0,6,rose
7.4,0.392,0.35,8.41,0.048694,42.6,171.3,0.996375,3.11,0.51,9.2,6,rose
7.3,0.447,0.15,1.64,0.073757,9.3,28.1,0.995946,3.28,0.52,10.0,7,rose
7.2,0.23,0.33,12.1,0.052093,50.8,194.5,0.998788,3.41,0.42,9.9,7,rose
7.4,0.179,0.37,8.73,0.031943,42.3,113.5,0.992442,3.13,0.42,12.5,7,rose
6.2,0.334,0.36,4.88,0.03312,32.4,102.6,0.990608,3.34,0.61,12.5,6,rose
7.0,0.137,0.4,0.6,0.033094,20.0,103.7,0.990925,3.23,0.6,11.4,6,rose
5.6,0.442,0.45,2.01,0.042128,29.9,170.9,0.993286,3.14,0.49,8.8,6,rose
6.7,0.167,0.33,0.88,0.03439,22.8,84.4,0.990164,3.07,0.62,12.2,6,rose
7.0,0.302,0.51,3.87,0.049124,35.5,135.7,0.993329,2.95,0.42,9.4,6,rose
7.8,0.563,0.0,1.82,0.067182,5.4,25.7,0.996671,3.26,0.63,9.4,7,rose
6.6,0.264,0.21,17.73,0.052668,23.1,133.6,0.999331,3.08,0.49,9.1,7,rose
7.6,0.285,0.47,12.96,0.065561,50.5,192.5,0.999309,3.21,0.53,8.8,5,rose
5.2,0.3,0.3,0.9,0.048924,27.6,113.1,0.99046,3.33,0.61,11.3,6,rose
9.5,0.142,0.33,0.6,0.042949,27.2,168.3,0.995543,3.13,0.47,9.1,6,rose
5.7,0.31,0.24,3.81,0.034872,42.2,114.2,0.992587,3.14,0.49,10.9,6,rose
7.4,0.263,0.3,2.0,0.039796,27.2,89.6,0.992186,3.28,0.53,10.9,7,rose
7.2,0.215,0.72,1.76,0.168644,64.3,116.8,0.993471,2.97,0.52,9.2,6,rose
9.1,0.149,0.47,0.63,0.03639,45.2,135.4,0.992761,3.06,0.5,10.6,5,rose
7.2,0.231,0.33,0.9,0.04483,7.8,131.1,0.991176,3.19,0.48,11.2,6,rose
7.6,0.203,0.31,8.01,0.040629,14.9,119.0,0.994476,2.95,0.32,10.3,5,rose
6.1,0.255,0.33,1.94,0.035486,39.4,108.8,0.989239,3.2,0.5,12.1,5,rose
8.1,0.731,0.09,2.49,0.086686,20.3,49.6,0.9996,3.4,0.75,11.0,6,rose
6.3,0.353,0.3,6.62,0.34541,78.1,200.6,0.995339,3.3,0.57,9.6,5,rose
9.0,0.305,0.32,2.29,0.066421,14.0,25.8,0.995713,3.27,0.84,11.7,4,rose
9.1,0.364,0.39,1.6,0.057549,19.1,52.9,0.995423,3.17,0.84,11.1,5,rose
6.0,0.269,0.26,12.52,0.053884,35.8,186.2,0.997489,3.25,0.45,9.1,7,rose
6.9,0.244,0.45,9.21,0.045856,52.0,181.9,0.996195,3.23,0.49,9.2,6,rose
7.6,0.213,0.34,1.36,0.041306,23.7,125.4,0.993236,3.11,0.69,10.3,5,rose
7.1,0.242,0.3,2.06,0.063852,17.2,10.5,0.99703,3.63,0.83,10.1,8,rose
7.1,0.229,0.43,1.9,0.043837,27.3,97.0,0.991233,2.86,0.38,10.9,6,rose
6.6,0.381,0.5,1.64,0.072811,22.9,150.0,0.992292,3.13,0.5,11.5,5,rose
7.9,0.482,0.48,7.72,0.042341,29.3,145.8,0.995145,3.21,0.32,10.1,6,rose
6.3,0.231,0.27,1.94,0.038358,23.3,123.7,0.99185,3.21,0.46,10.6,7,rose
9.2,0.338,0.3,0.76,0.029085,16.1,75.8,0.992102,3.08,0.38,10.8,7,rose
4.8,0.282,0.34,6.66,0.033026,24.5,97.4,0.994713,3.26,0.41,9.2,6,rose
6.4,0.309,0.29,1.36,0.036491,9.8,115.4,0.992096,3.31,0.51,10.4,6,rose
9.0,0.365,0.53,1.82,0.100694,21.7,79.6,0.99005,2.93,0.57,13.0,6,rose
7.5,0.207,0.32,1.55,0.046359,41.3,147.7,0.993618,3.42,0.53,10.1,5,rose
12.0,0.38,0.5,2.47,0.097627,14.0,46.9,1.000099,3.16,0.6,10.3,6,rose
8.1,0.142,0.48,3.02,0.051114,24.1,185.9,0.994728,3.53,0.45,11.0,5,rose
7.0,0.258,0.29,2.17,0.05017,33.4,103.1,0.990002,3.12,0.32,12.0,5,rose
6.6,0.249,0.21,17.61,0.051318,22.6,138.5,0.999144,3.06,0.51,9.1,5,rose
11.6,0.309,0.53,2.13,0.078777,15.4,27.5,0.998327,3.02,0.93,9.7,5,rose
5.6,0.663,0.0,3.2,0.064473,6.5,17.0,0.992767,3.52,0.58,13.1,6,rose
11.4,0.467,0.51,2.45,0.121591,3.2,15.6,1.000457,3.12,0.67,10.2,5,rose
5.3,0.458,0.04,2.12,0.034056,43.6,121.7,0.989546,3.35,0.33,12.1,6,rose
7.2,0.458,0.37,5.67,0.074782,12.2,88.3,0.998018,3.3,0.83,10.7,6,rose
6.3,0.141,0.25,1.86,0.043268,19.4,79.3,0.993543,3.61,0.55,10.2,5,rose
7.2,0.153,0.49,1.29,0.034684,29.5,101.1,0.993287,3.18,0.71,10.7,6,rose
7.7,0.511,0.25,2.18,0.08155,12.7,38.0,0.998866,3.43,0.64,9.1,7,rose
7.2,0.154,0.37,8.03,0.025793,42.0,108.4,0.992644,3.13,0.41,12.2,6,rose
9.8,0.432,0.41,3.6,0.036087,33.6,169.3,0.995537,2.98,0.4,9.3,6,rose
7.4,0.191,0.22,6.04,0.050418,34.5,250.6,0.996231,3.38,0.53,10.0,6,rose
7.8,0.738,0.08,2.19,0.088569,9.2,41.5,0.997727,3.25,0.7,9.7,5,rose
7.2,0.313,0.22,14.35,0.053557,48.1,196.7,0.998443,3.2,0.48,8.7,6,rose
8.1,0.187,0.49,1.15,0.0631,9.6,138.7,0.993912,3.26,0.47,10.2,6,rose
6.5,0.204,0.37,3.55,0.046985,69.2,139.8,0.991748,3.31,0.74,11.4,6,rose
8.2,0.309,0.32,2.12,0.075243,9.8,38.6,0.99629,3.27,0.82,11.1,7,rose
8.4,0.292,0.43,12.55,0.048072,51.8,162.7,0.994832,3.05,0.34,12.1,7,rose
7.6,0.294,0.16,1.31,0.044645,26.7,119.5,0.99277,3.07,0.44,10.2,5,rose
8.1,0.224,0.41,15.1,0.047174,45.0,169.1,1.000293,3.21,0.69,8.5,5,rose
7.0,0.349,0.23,6.41,0.050177,27.6,226.8,0.996122,3.23,0.64,9.3,5,rose
10.0,0.615,0.3,1.93,0.090078,27.0,63.5,0.999292,3.18,0.64,10.2,6,rose
6.9,0.215,0.41,6.12,0.031474,41.3,142.0,0.991188,3.09,0.33,12.4,5,rose
6.7,0.232,0.36,1.28,0.035714,49.1,113.9,0.991984,3.26,0.68,10.6,6,rose
6.3,0.24,0.21,5.21,0.034535,29.5,146.8,0.994303,3.37,0.33,10.2,5,rose
5.1,0.156,0.39,1.04,0.026756,39.8,99.2,0.991398,3.57,0.6,10.7,6,rose
6.3,0.259,0.45,6.69,0.03551,61.6,235.5,0.995524,3.1,0.39,8.9,7,rose
8.5,0.227,0.27,19.09,0.030443,54.2,122.6,0.997505,2.94,0.34,11.6,6,rose
7.9,0.343,0.25,15.81,0.072755,43.9,226.5,0.997696,3.05,0.59,10.4,8,rose
7.5,0.64,0.08,1.35,0.104676,8.9,24.5,0.996247,3.3,0.6,9.6,6,rose
6.7,0.264,0.47,7.89,0.04678,52.3,200.0,0.995893,3.19,0.45,9.6,5,rose
6.1,0.251,0.22,1.13,0.044732,23.7,111.5,0.991581,3.39,0.58,11.0,6,rose
6.3,0.244,0.34,2.67,0.035866,41.3,105.2,0.990651,3.33,0.43,11.7,5,rose
6.5,0.89,0.0,2.2,0.165091,6.8,15.8,0.995525,3.55,0.5,10.9,7,rose
6.9,0.441,0.17,13.15,0.052197,25.7,128.3,0.998195,3.22,0.49,9.3,5,rose
6.4,0.326,0.43,9.18,0.04964,54.0,164.1,0.994975,3.09,0.47,9.5,8,rose
6.4,0.404,0.26,4.53,0.03362,16.5,94.2,0.990024,3.26,0.51,13.1,5,rose
8.2,0.121,0.38,0.84,0.036455,36.5,88.5,0.990581,2.8,0.55,12.0,5,rose
7.0,0.35,0.25,5.58,0.011586,15.8,70.0,0.98909,2.82,0.59,13.3,5,rose
6.3,0.338,0.3,13.18,0.048459,52.3,155.4,0.996012,3.02,0.59,10.3,7,rose
7.4,0.385,0.39,1.26,0.042325,35.9,113.8,0.99098,3.41,0.49,12.8,7,rose
5.9,0.29,0.21,2.28,0.029101,12.4,114.7,0.98986,3.37,0.79,14.1,6,rose
7.6,0.417,0.28,4.98,0.037881,36.9,103.2,0.991688,3.2,0.58,12.0,6,rose
6.2,0.209,0.29,1.27,0.049546,29.3,85.4,0.990696,3.23,0.51,11.2,6,rose
7.3,0.208,0.36,14.15,0.061781,49.1,188.1,0.998032,2.88,0.39,9.0,6,rose
7.9,0.271,0.48,2.46,0.092712,19.2,61.7,0.997056,3.3,0.68,10.2,6,rose
8.7,0.565,0.03,2.46,0.119182,15.6,55.3,0.996457,3.22,0.6,11.0,7,rose
7.4,0.187,0.24,5.89,0.05214,34.6,233.5,0.996593,3.36,0.53,10.0,6,rose
5.8,0.171,0.28,5.52,0.041898,47.6,142.5,0.992041,3.17,0.43,11.3,5,rose
5.9,0.275,0.28,1.7,0.046021,34.0,116.4,0.992264,3.43,0.49,10.7,6,rose
8.8,0.621,0.17,4.19,0.093417,29.8,71.4,0.998121,3.22,0.5,10.0,5,rose
5.7,0.699,0.08,6.55,0.040251,7.9,81.5,0.994743,3.43,0.43,10.3,7,rose
6.6,0.263,0.4,6.59,0.167791,67.1,206.7,0.995393,3.18,0.37,9.5,5,rose
10.5,0.521,0.45,2.36,0.081627,6.8,11.8,0.998007,3.23,0.74,11.3,6,rose
5.6,0.366,0.05,5.71,0.047842,21.9,90.1,0.993434,3.23,0.5,10.1,6,rose
7.8,0.298,0.36,6.51,0.04406,39.8,162.8,0.993997,3.25,0.36,11.1,6,rose
6.7,0.182,0.26,10.38,0.055223,62.8,182.9,0.995297,3.11,0.52,10.5,5,rose
7.0,0.396,0.22,2.58,0.042209,26.3,106.0,0.989818,3.22,0.47,13.6,6,rose
6.4,0.337,0.33,5.37,0.041882,42.6,171.3,0.99508,3.18,0.67,9.3,6,rose
5.2,0.374,0.38,3.63,0.053114,28.0,140.7,0.994898,3.42,0.51,9.1,7,rose
6.3,0.262,0.26,5.58,0.048319,10.1,138.6,0.992317,2.97,0.68,11.0,6,rose
8.0,0.288,0.29,0.94,0.039847,49.1,129.8,0.99114,3.0,0.44,11.0,6,rose
7.7,0.413,0.38,8.32,0.060421,48.3,142.4,0.99671,3.41,0.57,10.9,6,rose
6.8,0.275,0.34,4.37,0.036156,26.7,158.2,0.992558,3.25,0.79,12.2,5,rose
7.1,0.183,0.4,1.08,0.036183,34.2,85.9,0.991979,3.15,0.51,10.4,6,rose
8.7,0.432,0.41,5.91,0.077523,23.2,42.3,0.995389,3.23,0.77,12.6,8,rose
6.9,0.186,0.3,5.37,0.057655,13.7,142.8,0.995345,3.29,0.35,9.1,6,rose
6.5,0.219,0.49,11.75,0.038953,46.2,152.8,0.996853,3.18,0.44,8.7,7,rose
7.0,0.249,0.81,1.58,0.146088,70.9,103.0,0.993017,2.94,0.43,9.2,6,rose
7.3,0.593,0.0,2.03,0.064231,6.4,12.2,0.995425,3.45,0.57,11.3,5,rose
6.8,0.315,0.31,2.7,0.035162,30.8,80.3,0.98857,3.09,0.36,12.6,5,rose
7.4,0.253,0.29,7.21,0.047916,39.4,153.1,0.996625,3.43,0.38,9.5,6,rose
5.9,0.208,0.26,0.65,0.034275,24.9,78.0,0.990431,3.29,0.51,11.4,6,rose
6.5,0.392,0.3,3.66,0.049888,21.4,146.6,0.989893,3.16,0.34,11.9,5,rose
6.6,0.378,0.33,0.7,0.034886,12.0,65.8,0.991687,3.11,0.45,10.6,6,rose
7.9,0.307,0.35,4.99,0.038008,56.5,173.5,0.99289,3.29,0.48,12.1,5,rose
7.8,0.247,0.29,1.65,0.058679,21.4,37.8,0.99552,3.28,0.47,10.8,6,rose
7.5,0.207,0.36,0.7,0.042605,23.3,123.2,0.992656,3.12,0.71,10.4,4,rose
6.6,0.242,0.25,6.8,0.040709,59.7,233.0,0.995305,3.15,0.35,9.5,7,rose
7.2,0.249,0.38,3.06,0.058462,12.2,39.1,0.994677,3.49,0.8,12.4,7,rose
5.8,0.249,0.3,1.54,0.031404,25.9,100.6,0.992431,3.39,0.7,10.8,6,rose
10.4,0.546,0.25,2.83,0.091375,18.1,52.2,0.999185,3.23,0.65,10.3,5,rose
8.0,0.165,0.28,2.37,0.02809,53.2,116.0,0.989434,3.03,0.33,13.0,5,rose
6.1,0.456,0.21,1.19,0.04076,16.5,100.6,0.993342,3.14,0.43,9.2,5,rose
5.9,0.287,0.25,0.98,0.033991,30.4,107.1,0.988351,3.06,0.44,13.2,6,rose
7.4,0.186,0.28,1.02,0.045591,31.9,100.1,0.993887,3.54,0.61,10.4,7,rose
6.5,0.122,0.28,6.06,0.041353,23.6,96.7,0.992174,3.23,0.31,12.0,8,rose
6.9,0.377,0.37,11.59,0.056868,49.4,225.3,0.998942,3.28,0.51,8.8,5,rose
6.0,0.261,0.27,1.53,0.027375,61.3,143.2,0.990313,3.19,0.82,11.8,7,rose
7.5,0.19,0.33,11.26,0.052529,23.3,91.2,0.997209,3.2,0.44,9.5,5,rose
8.0,0.338,0.23,5.37,0.048043,22.5,154.7,0.995766,3.2,0.47,10.1,7,rose
7.6,0.286,0.28,8.23,0.019481,57.8,160.5,0.994159,3.08,0.38,10.8,5,rose
6.2,0.3,0.92,8.65,0.030363,47.4,201.5,0.994336,3.4,0.49,11.7,7,rose
7.1,0.465,0.23,13.61,0.047228,44.4,198.7,0.998472,3.12,0.51,9.4,6,rose
7.5,0.21,0.31,1.44,0.045727,16.3,94.4,0.992268,3.29,0.46,10.5,6,rose
6.0,0.209,0.4,1.37,0.028196,23.0,117.2,0.989802,3.05,0.32,11.8,5,rose
9.3,0.33,0.45,1.42,0.054776,10.5,19.7,0.994171,3.19,0.57,11.4,5,rose
7.4,0.151,0.44,1.78,0.045048,48.4,149.2,0.992003,3.0,0.61,10.5,6,rose
9.0,0.316,0.4,2.44,0.062712,19.4,73.2,0.995309,3.41,0.72,11.9,6,rose
7.3,0.298,0.48,13.73,0.053968,70.1,187.3,0.998261,3.02,0.45,9.2,5,rose
8.9,0.871,0.12,3.27,0.089794,4.6,14.5,0.99991,3.43,0.52,11.4,6,rose
6.7,0.331,0.21,1.24,0.059461,41.1,145.8,0.992801,3.11,0.44,9.5,5,rose
6.1,0.218,0.51,5.47,0.032282,30.9,128.2,0.992813,3.42,0.34,11.3,4,rose
6.9,0.257,0.49,2.01,0.02964,31.6,113.2,0.990704,3.37,0.42,13.1,6,rose
7.1,0.391,0.38,2.02,0.067381,22.1,42.9,0.994071,3.36,0.7,12.8,7,rose
7.5,0.182,0.31,1.97,0.059605,36.5,164.1,0.992955,3.15,0.52,10.0,6,rose
6.3,0.337,0.3,7.43,0.046017,55.9,242.8,0.995416,3.35,0.57,10.0,6,rose
6.0,0.28,0.27,15.48,0.037973,29.6,135.7,0.994092,3.2,0.45,13.2,4,rose
6.2,0.353,0.33,4.41,0.033425,43.8,99.6,0.98932,3.2,0.51,13.3,6,rose
6.6,0.695,0.05,2.62,0.097741,17.4,80.5,0.99616,3.35,0.56,10.1,6,rose
9.4,0.309,0.58,1.78,0.072296,26.2,68.7,0.997135,3.3,0.79,10.8,5,rose
6.7,0.219,0.57,1.7,0.133814,50.6,138.9,0.992723,3.1,0.29,9.1,7,rose
7.8,0.296,0.33,1.8,0.066305,15.8,41.6,0.993442,3.43,0.56,12.5,6,rose
7.5,0.197,0.3,13.02,0.055479,46.9,231.2,0.998587,3.14,0.49,9.0,6,rose
7.3,0.638,0.02,2.32,0.069297,7.0,29.4,0.997013,3.46,0.66,9.4,5,rose
6.4,0.249,0.26,19.89,0.080769,35.7,160.3,0.999536,3.16,0.5,9.2,5,rose
5.7,0.206,0.24,1.31,0.047964,39.0,130.1,0.993571,3.74,0.61,10.6,6,rose
11.0,0.411,0.41,2.81,0.069396,15.9,12.1,0.997517,3.25,0.57,10.4,5,rose
6.7,0.249,0.34,2.64,0.061295,52.6,174.5,0.993574,3.02,0.47,9.6,7,rose
7.2,0.114,0.32,0.82,0.033132,15.3,67.0,0.99391,3.46,0.4,9.8,4,rose
6.4,0.339,0.21,1.07,0.046347,24.4,106.7,0.99356,3.3,0.58,9.2,6,rose
6.3,0.308,0.55,3.03,0.044167,49.4,181.1,0.992242,3.3,0.59,10.8,6,rose
7.8,0.409,0.49,8.89,0.054024,32.3,170.9,0.996368,3.29,0.6,11.2,6,rose
8.2,0.658,0.08,2.59,0.09537,18.3,39.0,0.997682,3.3,0.55,9.5,6,rose
7.3,0.258,0.36,10.55,0.042488,37.2,134.1,0.997994,3.47,0.76,9.7,5,rose
6.7,0.307,0.31,2.77,0.026852,36.3,114.1,0.991666,3.34,0.62,11.4,6,rose
7.6,0.59,0.27,2.93,0.074628,22.5,88.1,0.996178,3.29,0.52,9.7,7,rose
6.7,0.238,0.31,11.59,0.024085,11.6,71.5,0.993618,3.11,0.54,13.0,6,rose
6.5,0.255,0.41,7.02,0.045612,57.8,195.3,0.995364,3.14,0.46,9.3,5,rose
6.6,0.713,0.07,2.12,0.083219,5.3,13.2,0.996458,3.44,0.58,10.9,7,rose
6.8,0.237,0.41,5.73,0.03527,44.0,140.0,0.991208,3.1,0.34,12.5,5,rose
8.5,0.333,0.38,4.59,0.057446,1.0,6.0,0.997517,3.38,0.66,11.6,7,rose
6.6,0.22,0.14,4.16,0.184534,36.6,172.8,0.993646,2.94,0.47,9.4,5,rose
7.4,0.248,0.29,7.03,0.019934,29.1,120.3,0.993436,3.12,0.27,10.9,7,rose
6.4,0.287,0.18,6.53,0.041496,97.7,173.1,0.993441,3.16,0.34,10.0,5,rose
6.7,0.188,0.23,9.51,0.056743,65.9,191.2,0.995395,3.12,0.5,10.7,5,rose
6.3,0.172,0.31,3.31,0.039713,17.8,122.7,0.99145,3.43,0.43,12.1,6,rose
6.3,0.28,0.43,10.47,0.036432,66.7,206.1,0.99685,3.23,0.52,9.6,6,rose
6.9,0.177,0.3,12.84,0.061292,18.7,169.3,0.998037,3.0,0.51,9.0,6,rose
5.2,0.408,0.07,1.17,0.035036,24.9,108.1,0.99192,3.48,0.32,10.5,5,rose
5.7,0.127,0.3,6.08,0.051542,24.9,106.7,0.995099,3.33,0.44,9.1,5,rose
6.3,0.233,0.33,1.09,0.045556,16.7,222.4,0.99201,3.34,0.46,11.0,6,rose
5.6,0.289,0.26,1.53,0.035325,38.5,96.0,0.991608,3.49,0.57,10.6,5,rose
7.9,0.192,0.26,2.25,0.037478,7.5,147.6,0.994072,3.04,0.75,9.6,6,rose
6.9,0.405,0.17,2.36,0.071391,18.2,39.6,0.995014,3.42,0.55,10.8,6,rose
7.8,0.47,0.3,4.15,0.034621,41.1,141.1,0.99116,3.18,0.45,12.8,5,rose
6.6,0.165,0.35,0.98,0.034984,25.5,86.6,0.988968,3.22,0.35,13.2,6,rose
6.8,0.199,0.41,0.88,0.057974,34.4,100.5,0.993139,2.98,0.39,9.3,5,rose
6.3,0.292,0.49,2.2,0.068838,16.3,55.7,0.995787,3.45,0.78,10.4,7,rose
7.9,0.507,0.24,1.63,0.078827,19.2,66.8,0.996075,3.32,0.48,10.1,6,rose
6.7,0.303,0.26,11.27,0.027657,21.0,92.2,0.993271,2.99,0.39,11.8,6,rose
7.2,0.751,0.25,2.13,0.109235,17.5,103.5,0.996649,3.27,0.6,9.4,6,rose
6.9,0.312,0.16,0.78,0.050556,14.5,96.1,0.993763,3.24,0.39,9.4,4,rose
5.6,0.132,0.31,14.77,0.034402,14.9,99.4,0.994342,3.26,0.38,11.4,5,rose
6.6,0.264,0.3,5.89,0.028794,27.1,75.2,0.992945,3.28,0.53,11.1,6,rose
7.8,0.435,0.23,2.78,0.070903,29.7,67.5,0.996053,3.37,0.6,10.6,6,rose
6.4,0.319,0.34,2.68,0.049219,18.8,137.9,0.992582,3.38,0.53,10.5,5,rose
8.5,0.181,0.39,12.28,0.058139,49.5,170.0,1.000559,3.35,0.81,8.9,5,rose
7.2,0.237,0.28,13.93,0.057514,54.5,200.0,0.998609,3.13,0.4,8.8,7,rose
13.7,0.419,0.69,2.57,0.079068,17.1,39.3,1.001334,3.06,0.8,10.1,6,rose
6.6,0.28,0.29,2.3,0.046899,62.6,179.2,0.993994,3.44,0.65,10.6,6,rose
6.8,0.378,0.29,8.78,0.082096,27.0,43.4,0.998419,3.38,0.63,10.2,6,rose
7.3,0.189,0.32,14.55,0.038334,37.7,196.7,0.998604,3.1,0.52,9.3,6,rose
7.2,0.182,0.26,17.34,0.049179,35.4,151.7,0.999554,2.91,0.44,9.1,6,rose
12.4,0.382,0.55,2.71,0.082757,26.4,70.3,0.999448,3.16,0.83,10.5,5,rose
9.0,0.377,0.4,1.8,0.067308,8.3,21.2,0.994796,3.27,0.76,12.5,6,rose
6.3,0.265,0.27,4.66,0.053732,26.6,76.7,0.990232,3.23,0.55,12.7,6,rose
6.8,0.585,0.08,6.28,0.051945,9.6,23.8,0.99592,3.4,0.61,10.9,7,rose
8.2,0.264,0.31,7.09,0.05061,38.1,153.3,0.995318,2.97,0.59,10.1,7,rose
8.4,0.202,0.4,1.86,0.029846,33.9,111.9,0.990465,3.03,0.6,12.9,6,rose
6.3,0.237,0.31,7.33,0.035596,47.3,205.7,0.99578,3.47,0.55,9.7,5,rose
6.6,0.326,0.36,2.54,0.049695,41.2,222.8,0.993325,3.18,0.61,9.9,6,rose
6.7,0.175,0.29,10.28,0.044019,56.5,143.3,0.995538,3.18,0.39,10.7,6,rose
6.9,0.17,0.35,1.62,0.025148,35.5,89.5,0.992007,3.29,0.44,10.8,6,rose
6.7,0.175,0.23,11.17,0.055356,65.3,183.8,0.99564,3.12,0.49,10.4,6,rose
5.7,0.263,0.22,13.96,0.040369,42.7,141.4,0.997264,3.35,0.42,9.5,6,rose
4.9,0.546,0.14,9.01,0.031405,33.2,163.2,0.991897,3.51,0.52,12.5,6,rose
6.3,0.257,0.17,7.65,0.043175,43.5,181.5,0.995882,3.24,0.46,9.1,6,rose
8.1,0.509,0.03,1.62,0.065698,4.2,12.5,0.995675,3.23,0.62,9.9,7,rose
7.9,0.436,0.24,11.39,0.029639,40.3,165.0,0.994748,3.12,0.43,11.3,6,rose
6.4,0.212,0.22,4.94,0.094634,19.3,104.0,0.993325,3.08,0.47,9.7,5,rose
10.3,0.415,0.74,6.66,0.07588,36.8,85.0,0.99925,3.18,0.84,11.9,5,rose
7.3,0.188,0.31,1.52,0.060698,34.0,108.8,0.996132,3.73,0.68,10.5,6,rose
6.1,0.205,0.25,14.78,0.052064,5.8,109.4,0.997504,3.2,0.52,9.5,5,rose
7.7,0.335,0.33,10.3,0.031279,47.4,191.6,0.997236,3.07,0.59,9.7,5,rose
6.8,1.036,0.08,2.84,0.064179,19.9,32.5,0.996233,3.53,0.58,11.1,8,rose
8.7,0.514,0.07,2.57,0.087225,20.9,55.1,0.997598,3.34,0.84,10.6,5,rose
6.5,0.284,0.29,1.89,0.047607,34.8,133.3,0.993119,3.46,0.56,10.4,5,rose
8.1,0.241,0.26,10.09,0.034198,14.9,82.4,0.994146,2.99,0.37,11.0,5,rose
6.0,0.229,0.3,8.47,0.032262,28.9,106.0,0.995109,3.4,0.43,10.2,5,rose
6.1,0.372,0.23,6.28,0.030578,24.6,134.1,0.99385,3.3,0.69,10.4,6,rose
6.0,0.239,0.3,4.2,0.021141,45.7,174.1,0.990516,3.14,0.35,11.9,6,rose
6.1,0.21,0.33,12.5,0.03759,26.6,95.9,0.993601,3.15,0.43,11.3,6,rose
8.2,0.296,0.45,11.98,0.042832,55.8,148.7,0.994498,3.02,0.32,12.1,7,rose
7.5,0.135,0.33,9.1,0.060884,40.4,123.3,0.996151,3.24,0.39,9.7,5,rose
7.3,0.229,0.34,14.06,0.070504,53.4,183.4,0.997768,2.98,0.49,9.0,5,rose
6.9,0.248,0.22,4.8,0.039145,111.5,187.2,0.994351,3.29,0.66,10.6,7,rose
6.6,0.285,0.35,9.16,0.055016,30.4,106.9,0.994284,3.26,0.57,11.0,7,rose
7.5,0.208,0.33,1.54,0.062286,24.5,115.9,0.993012,3.51,0.48,10.7,7,rose
6.3,0.336,0.37,0.65,0.03043,34.1,106.2,0.98985,3.13,0.51,12.0,8,rose
7.0,0.187,0.44,0.6,0.05845,36.4,97.9,0.993487,2.97,0.39,9.1,5,rose
7.5,0.298,0.38,1.59,0.081448,28.4,172.0,0.994476,3.1,0.5,9.9,5,rose
5.8,0.216,0.15,12.74,0.050055,30.6,117.3,0.995315,3.41,0.38,11.0,5,rose
6.6,0.398,0.27,2.29,0.035234,26.1,82.2,0.990793,3.05,0.34,11.8,5,rose
6.4,0.188,0.3,3.25,0.030202,31.6,124.4,0.991349,3.01,0.49,10.4,6,rose
8.1,0.238,0.29,13.99,0.052124,85.0,191.2,0.998253,3.13,0.46,9.7,7,rose
7.2,0.315,0.31,3.09,0.061717,21.4,43.0,0.995285,3.37,0.76,12.0,5,rose
8.2,0.275,0.33,2.06,0.050221,10.0,63.3,0.994242,2.87,0.49,9.6,5,rose
5.7,0.283,0.3,3.82,0.026042,34.9,101.4,0.98979,3.26,0.58,12.8,7,rose
6.1,0.335,0.46,4.41,0.027512,20.8,95.7,0.991011,3.27,0.62,12.2,6,rose
9.3,0.252,0.43,2.21,0.090638,3.5,13.0,0.998162,3.27,0.7,9.7,5,rose
8.8,0.212,0.41,2.32,0.059948,29.4,109.3,0.994169,3.0,0.45,10.0,7,rose
8.5,0.204,0.35,1.4,0.037242,52.5,111.4,0.9918,3.07,0.56,11.1,7,rose
9.5,0.903,0.28,1.9,0.081906,30.8,136.5,0.997902,3.24,0.55,9.5,6,rose
7.5,0.254,0.53,13.1,0.04609,61.6,146.3,0.998572,3.04,0.45,9.0,3,rose
7.0,0.243,0.29,3.75,0.045392,33.3,109.6,0.990483,3.15,0.32,12.5,5,rose
6.9,0.215,0.29,6.43,0.035346,30.2,121.7,0.99405,3.24,0.53,10.7,6,rose
7.0,0.207,0.36,2.3,0.0264,24.9,132.7,0.993277,3.28,0.61,10.2,7,rose
5.8,0.132,0.25,5.14,0.039142,20.8,104.8,0.994624,3.36,0.46,9.4,7,rose
7.2,0.442,0.17,1.79,0.083303,29.1,47.8,0.996089,3.46,0.64,10.5,6,rose
5.3,0.369,0.33,0.61,0.029837,11.9,89.1,0.989984,3.36,0.38,11.8,5,rose
9.0,0.259,0.34,6.47,0.031139,20.6,172.8,0.994787,3.09,0.5,10.5,7,rose
7.5,0.248,0.3,4.77,0.024626,28.6,97.9,0.990546,3.17,0.39,11.9,6,rose
10.2,0.61,0.2,1.55,0.079096,7.9,36.2,0.997764,3.11,0.54,9.6,6,rose
7.2,0.233,0.43,14.15,0.059176,47.3,206.0,0.998175,2.89,0.4,9.1,5,rose
6.8,0.186,0.36,1.96,0.057743,47.5,150.4,0.993602,3.1,0.46,9.0,6,rose
6.2,0.356,0.4,2.68,0.027814,20.3,123.0,0.991249,3.38,0.39,11.4,5,rose
7.0,0.264,0.37,20.64,0.032452,40.5,139.5,0.997526,3.21,0.33,10.9,6,rose
6.5,0.281,0.3,10.47,0.030185,16.1,115.1,0.993426,3.18,0.36,11.0,6,rose
8.4,0.144,0.35,8.95,0.025073,9.4,55.6,0.995511,3.13,0.34,11.1,7,rose
6.1,0.324,0.25,1.85,0.03064,35.4,139.8,0.992151,3.49,0.51,10.7,6,rose
9.2,0.708,0.11,3.37,0.089474,10.7,37.6,0.998977,3.32,0.55,9.5,6,rose
6.9,0.273,0.35,2.93,0.038976,8.8,162.2,0.991088,3.09,0.51,11.9,5,rose
6.5,0.354,0.29,11.61,0.048122,86.1,213.2,0.996102,3.17,0.5,9.8,7,rose
6.4,0.286,0.37,1.7,0.05479,28.3,186.9,0.992169,3.3,0.44,10.9,6,rose
6.1,0.236,0.3,1.36,0.037694,24.8,128.3,0.991657,3.2,0.48,10.5,6,rose
6.4,0.194,0.32,11.83,0.053828,47.2,140.4,0.995077,3.24,0.38,10.9,5,rose
7.4,0.479,0.25,2.06,0.073032,2.6,38.5,0.995884,3.31,0.47,9.5,4,rose
7.9,0.754,0.22,2.43,0.055669,6.4,15.6,0.997102,3.36,0.57,11.2,5,rose
6.8,0.344,0.26,7.29,0.033703,37.9,126.2,0.991844,2.99,0.29,12.2,5,rose
7.1,0.297,0.3,2.83,0.042335,20.7,178.7,0.991717,3.2,0.56,11.2,6,rose
7.0,0.266,0.39,8.33,0.054344,51.8,191.6,0.995697,3.11,0.53,9.6,5,rose
6.5,0.239,0.4,7.76,0.048186,47.0,178.6,0.995921,3.2,0.48,9.2,5,rose
6.9,0.321,0.17,0.93,0.049608,17.6,88.4,0.99386,3.22,0.39,9.5,6,rose
8.0,0.809,0.01,4.12,0.098117,3.2,8.8,0.998731,3.36,0.52,9.6,6,rose
7.3,0.2,0.3,14.21,0.041465,37.5,185.1,0.998883,3.12,0.49,9.0,6,rose
6.0,0.559,0.0,2.28,0.081703,5.0,6.0,0.994971,3.58,0.52,11.4,6,rose
9.2,0.51,0.99,3.18,0.611,30.9,69.5,0.999559,2.75,1.99,9.4,5,rose
5.2,0.366,0.31,1.31,0.026217,11.0,78.8,0.990117,3.35,0.38,11.7,7,rose
8.9,0.695,0.0,2.54,0.078379,10.8,39.2,0.999429,3.35,0.45,9.4,6,rose
8.3,0.322,0.39,2.56,0.064673,25.4,48.4,0.99545,3.33,0.87,11.0,6,rose
7.4,0.192,0.28,8.96,0.040891,32.4,98.5,0.995152,3.17,0.48,10.0,6,rose
6.4,0.355,0.53,1.7,0.229062,18.3,37.2,0.993337,3.35,0.93,12.4,6,rose
5.5,0.326,0.33,7.83,0.041807,30.9,104.6,0.992617,3.24,0.48,11.3,6,rose
7.9,0.568,0.06,4.3,0.092349,27.1,59.4,0.996646,3.36,0.66,10.8,8,rose
6.8,0.16,0.29,4.37,0.031903,15.1,107.3,0.993606,3.25,0.45,10.3,7,rose
5.8,0.258,0.22,12.28,0.060407,42.4,208.8,0.995126,3.33,0.37,12.3,6,rose
6.1,0.343,0.13,3.38,0.062491,27.7,111.8,0.993047,3.07,0.34,9.2,7,rose
5.4,0.366,0.34,0.75,0.026015,11.5,85.3,0.989925,3.34,0.39,11.7,5,rose
6.4,0.302,0.09,1.1,0.064238,14.3,25.2,0.99459,3.42,0.68,9.9,4,rose
6.5,0.275,0.35,9.32,0.065834,60.7,175.0,0.997192,3.15,0.57,8.9,5,rose
7.9,0.314,0.26,1.25,0.05124,13.2,84.9,0.994777,3.26,0.37,9.4,6,rose
6.7,0.306,0.18,3.62,0.086697,28.2,130.9,0.993011,2.82,0.46,9.6,5,rose
7.3,0.254,0.41,1.56,0.035054,32.3,129.4,0.990847,3.27,0.43,12.2,6,rose
6.5,0.142,0.29,12.58,0.034186,16.9,158.4,0.996767,2.87,0.35,9.1,5,rose
7.9,0.241,0.28,5.71,0.027294,32.2,114.7,0.99157,3.04,0.31,11.7,6,rose
9.9,0.33,0.6,2.12,0.076943,4.0,13.5,1.00002,3.19,0.77,9.5,6,rose
7.0,0.254,0.37,9.64,0.038535,38.4,147.3,0.994674,3.21,0.36,11.3,6,rose
8.1,0.372,0.37,0.69,0.029919,17.0,90.9,0.99068,3.05,0.31,11.8,5,rose
6.6,0.312,0.44,2.37,0.056916,25.2,33.1,0.994886,3.29,0.81,11.7,6,rose
7.4,0.176,0.34,2.26,0.026221,28.8,109.4,0.991654,2.98,0.53,11.0,5,rose
10.7,0.411,0.48,3.04,0.063985,5.0,16.8,0.997048,3.21,0.87,11.3,5,rose
5.7,0.243,0.34,0.6,0.048305,28.1,145.6,0.99291,3.12,0.41,9.2,6,rose
7.1,0.282,0.3,8.82,0.050616,52.0,146.1,0.994532,3.12,0.48,10.2,7,rose
7.9,0.197,0.3,2.2,0.042379,50.6,135.4,0.994265,3.17,0.5,9.5,6,rose
11.7,0.401,0.54,1.68,0.087801,22.2,45.1,0.997474,3.03,0.77,9.9,5,rose
7.0,0.434,0.41,8.52,0.045757,9.0,153.1,0.996963,3.31,0.48,9.5,6,rose
10.6,0.41,0.48,2.34,0.124577,15.4,36.9,0.997825,3.01,0.83,9.6,5,rose
6.8,0.216,0.39,2.12,0.046513,5.2,137.0,0.993415,3.25,0.73,11.2,6,rose
6.8,0.229,0.35,8.61,0.018528,17.6,85.7,0.991022,3.21,0.24,13.5,6,rose
7.0,0.262,0.36,21.26,0.044276,45.8,162.6,1.001378,2.98,0.44,8.6,5,rose
6.8,0.21,0.26,0.69,0.05091,34.5,169.6,0.993468,3.18,0.45,9.0,5,rose
6.0,0.27,0.27,4.02,0.049944,51.4,138.4,0.991166,3.28,0.55,11.6,5,rose
8.4,0.397,0.43,2.99,0.094039,10.6,41.4,0.997283,3.52,0.62,10.5,5,rose
9.6,0.504,0.21,2.51,0.080733,10.1,35.5,0.998901,3.23,0.59,10.5,8,rose
9.5,0.511,0.35,2.79,0.080402,5.1,14.0,0.998287,3.29,0.53,10.6,6,rose
7.1,0.252,0.25,11.43,0.055726,56.1,173.7,0.99676,3.11,0.59,9.7,6,rose
12.9,0.344,0.48,5.98,0.066879,4.7,40.4,1.001094,3.2,0.66,12.0,6,rose
7.7,0.269,0.51,2.4,0.047295,24.3,160.0,0.991083,2.99,0.5,11.2,4,rose
5.7,0.278,0.23,17.74,0.058639,23.2,120.6,0.997748,3.3,0.48,10.0,6,rose
8.2,1.337,0.02,0.6,0.079951,1.2,11.0,0.996288,3.55,0.5,10.9,6,rose
5.3,0.168,0.4,1.41,0.027119,41.6,111.3,0.991639,3.57,0.59,10.8,6,rose
6.1,0.297,0.19,14.52,0.043348,38.3,114.3,0.996438,3.15,0.43,10.2,4,rose
7.0,0.383,0.31,13.46,0.049497,50.8,188.9,0.997702,2.98,0.61,9.5,6,rose
7.8,0.328,0.3,8.25,0.043695,23.9,191.4,0.994982,2.98,0.46,10.8,6,rose
10.4,0.238,0.37,2.49,0.058302,12.0,35.5,0.996056,3.21,0.5,9.3,7,rose
7.5,0.174,0.25,4.63,0.049426,22.1,95.0,0.994453,3.1,0.46,9.5,7,rose
6.1,0.121,0.37,1.88,0.051509,23.9,64.9,0.989522,3.09,0.5,11.6,6,rose
8.3,0.286,0.5,3.43,0.091992,9.9,28.2,0.995068,3.27,0.65,12.3,7,rose
5.9,0.292,0.27,2.7,0.037486,18.0,116.1,0.989535,3.33,0.42,12.8,6,rose
6.4,0.248,0.35,7.25,0.064976,44.4,186.8,0.995622,3.16,0.51,9.5,5,rose
8.4,0.199,0.37,11.92,0.05583,50.8,170.7,1.000293,3.35,0.81,8.9,6,rose
5.6,0.112,0.31,0.62,0.038942,21.6,132.6,0.991717,3.21,0.45,9.7,6,rose
8.3,0.134,0.44,1.38,0.040341,16.6,96.0,0.992332,3.04,0.56,11.1,5,rose
6.6,0.291,0.53,7.93,0.05164,34.6,196.7,0.995203,3.17,0.51,9.5,5,rose
6.4,0.257,0.27,9.44,0.029463,11.5,124.1,0.992941,3.17,0.33,12.1,6,rose
8.0,0.343,0.24,5.99,0.03724,37.1,99.2,0.991677,2.89,0.22,12.3,5,rose
5.7,0.397,0.31,1.57,0.024651,36.3,99.0,0.989725,3.36,0.56,11.9,7,rose
5.6,0.165,0.23,3.11,0.040947,9.6,108.7,0.992267,3.27,0.5,10.0,6,rose
6.2,0.319,0.31,1.65,0.053188,28.1,182.7,0.992739,3.33,0.42,10.2,5,rose
6.0,0.38,0.22,8.49,0.024481,36.7,213.1,0.996629,3.33,0.6,9.4,5,rose
6.2,0.272,0.26,1.86,0.039487,10.8,115.2,0.992624,3.06,0.55,9.0,5,rose
7.8,0.303,0.29,10.49,0.040046,22.5,145.2,0.996397,3.05,0.36,9.5,8,rose
8.0,0.172,0.29,1.64,0.053927,47.8,138.8,0.993897,3.15,0.49,9.7,5,rose
6.7,0.286,0.34,9.38,0.065695,62.3,177.3,0.997284,3.14,0.56,9.1,6,rose
6.0,0.231,0.29,5.15,0.045771,34.2,114.3,0.992378,3.22,0.39,11.3,5,rose
9.2,0.243,0.32,2.5,0.059163,52.5,73.4,0.997561,3.46,0.9,10.2,5,rose
5.2,0.268,0.29,1.89,0.031167,18.5,71.1,0.991564,3.22,0.56,10.1,5,rose
7.1,0.258,0.31,2.64,0.047642,31.2,136.3,0.993901,3.34,0.65,11.0,6,rose
6.1,0.307,0.42,1.99,0.032691,28.0,130.8,0.990558,3.14,0.37,11.7,7,rose
7.4,0.266,0.38,6.81,0.027314,14.3,87.7,0.993886,3.02,0.47,10.7,6,rose
6.9,0.245,0.31,18.28,0.049038,39.2,140.2,0.999923,3.3,0.41,8.6,6,rose
9.7,0.5,0.19,3.26,0.083335,8.9,23.2,0.998105,3.22,0.58,10.4,6,rose
11.3,0.637,0.67,5.62,0.086624,6.7,26.3,0.998983,3.12,1.0,13.1,6,rose
6.2,0.643,0.46,1.18,0.031767,30.1,84.1,0.989,3.35,0.38,13.0,6,rose
7.2,0.19,0.27,9.64,0.037477,19.3,101.0,0.994628,3.04,0.39,10.3,7,rose
6.1,0.463,0.4,2.05,0.077806,6.6,9.6,0.995378,3.49,0.68,11.1,7,rose
6.3,0.228,0.27,5.78,0.034336,42.7,124.2,0.991188,3.21,1.08,12.2,5,rose
7.7,0.323,0.23,3.55,0.027189,5.1,36.9,0.990811,3.03,0.38,11.8,5,rose
6.4,0.243,0.28,14.72,0.053673,26.8,140.7,0.997641,3.36,0.53,10.1,5,rose
7.5,0.473,0.28,10.43,0.051193,57.4,201.2,0.997331,3.23,0.46,9.2,5,rose
6.6,0.198,0.46,18.25,0.040741,40.9,160.6,0.999942,3.28,0.39,8.7,6,rose
5.9,0.252,0.24,17.7,0.061035,23.8,121.9,0.997754,3.29,0.48,10.1,5,rose
11.3,0.498,0.77,4.92,0.103217,5.7,8.0,0.999406,3.21,0.63,11.3,5,rose
7.1,0.286,0.69,10.88,0.042895,59.6,154.4,0.997355,3.08,0.45,8.6,6,rose
6.0,0.215,0.28,9.59,0.042789,37.0,148.1,0.994356,3.22,0.53,10.5,5,rose
6.4,0.277,0.23,9.69,0.043241,37.4,112.7,0.993171,2.98,0.33,11.0,7,rose
6.7,0.307,0.31,7.71,0.027957,32.9,118.0,0.991605,3.16,0.63,12.5,6,rose
8.1,0.329,0.43,2.77,0.100767,3.6,16.9,0.994926,3.27,0.57,12.2,5,rose
7.6,0.248,0.49,2.39,0.048753,31.3,163.1,0.992821,3.11,0.56,10.7,6,rose
6.5,0.198,0.31,0.6,0.044614,33.6,149.1,0.993634,3.42,0.4,9.2,5,rose
7.2,0.315,0.25,7.34,0.058104,45.9,180.5,0.995901,3.07,0.48,9.0,5,rose
7.2,0.284,0.27,12.31,0.049667,49.9,175.1,0.997893,3.09,0.52,9.1,7,rose
10.0,0.451,0.46,2.56,0.086703,11.8,19.8,0.99665,3.22,0.62,11.4,6,rose
12.1,0.289,0.48,2.17,0.076101,10.7,12.7,0.997571,3.0,0.65,9.9,5,rose
5.2,0.232,0.46,6.8,0.066594,41.4,193.8,0.993479,3.18,0.42,9.7,6,rose
6.3,0.273,0.2,3.14,0.047575,47.0,176.4,0.992294,3.14,0.46,10.4,5,rose
7.4,0.233,0.27,1.48,0.042977,27.3,97.5,0.992556,3.18,0.31,10.0,6,rose
7.8,0.3,0.4,8.9,0.036732,8.2,119.2,0.993672,3.05,0.38,12.1,6,rose
6.2,0.275,0.24,8.55,0.032816,32.3,171.8,0.995864,3.39,0.57,9.7,5,rose
6.2,0.236,0.48,10.07,0.044332,78.8,242.7,0.996295,3.24,0.46,9.5,8,rose
8.3,0.333,0.48,8.02,0.049407,53.6,226.0,0.995898,3.06,0.54,10.8,5,rose
7.4,0.438,0.2,11.58,0.046877,43.3,152.3,0.998179,3.27,0.43,9.0,6,rose
8.0,0.713,0.21,2.84,0.075045,11.0,78.8,0.997066,3.24,0.54,9.6,5,rose
7.2,0.254,0.29,2.8,0.038376,33.5,103.4,0.992404,3.24,0.62,10.9,6,rose
7.3,0.267,0.43,1.02,0.034881,27.6,140.6,0.992195,3.16,0.41,10.7,7,rose
9.0,0.176,0.49,1.54,0.036593,38.1,131.5,0.994438,3.04,0.5,9.7,5,rose
7.3,0.213,0.34,3.15,0.035457,36.9,133.9,0.992504,3.26,0.41,11.1,5,rose
6.5,0.16,0.3,2.09,0.041194,35.6,113.0,0.990982,3.07,0.46,10.4,6,rose
6.5,0.235,0.33,4.84,0.040432,42.2,147.3,0.99224,3.17,0.4,11.0,6,rose
7.2,0.232,0.2,13.82,0.051402,46.8,204.2,0.998634,3.11,0.52,8.9,7,rose
7.1,0.153,0.24,1.1,0.033905,27.0,126.1,0.991928,3.27,0.55,11.3,5,rose
6.0,0.211,0.31,8.83,0.03732,48.0,139.2,0.993409,3.15,0.39,10.6,6,rose
5.7,0.216,0.21,2.08,0.050438,40.3,165.6,0.992037,3.26,0.42,10.3,5,rose
7.2,0.443,0.2,1.62,0.049539,24.3,65.8,0.994087,3.39,0.57,11.5,8,rose
6.7,0.282,0.28,2.07,0.014648,37.1,101.0,0.991054,3.25,0.4,11.9,7,rose
7.5,0.912,0.04,2.75,0.08072,2.4,10.5,0.996822,3.38,0.56,9.8,4,rose
7.0,0.374,0.39,13.28,0.112768,13.0,96.5,0.997504,3.01,0.49,9.1,5,rose
7.2,0.461,0.3,1.8,0.079809,5.4,39.6,0.993546,3.34,0.45,12.0,5,rose
13.2,0.474,0.5,2.28,0.070633,13.2,40.6,1.000302,3.08,0.58,8.9,6,rose
6.5,0.148,0.32,1.46,0.030306,49.7,190.5,0.990755,3.35,0.63,12.5,6,rose
8.7,0.827,0.0,2.4,0.09784,14.6,37.5,0.998183,3.32,0.58,10.3,5,rose
6.9,0.77,0.04,2.65,0.061648,34.9,68.6,0.997133,3.56,0.77,10.0,5,rose
6.3,0.171,0.33,1.58,0.043794,38.4,114.6,0.98859,3.31,0.39,13.2,5,rose
13.8,0.388,0.67,2.99,0.086278,15.6,43.2,1.001449,3.08,0.81,9.9,5,rose
7.6,0.346,0.27,15.06,0.050083,65.9,210.6,0.999433,3.07,0.69,9.5,8,rose
7.9,0.188,0.3,1.18,0.052761,47.0,153.2,0.994736,3.3,0.77,9.6,5,rose
5.7,0.325,0.24,2.29,0.071247,22.2,60.1,0.995939,3.43,0.95,10.8,6,rose
7.8,0.114,0.35,13.96,0.0397,40.6,119.5,0.99639,3.06,0.6,11.0,5,rose
6.4,0.25,0.5,7.81,0.054304,41.6,156.3,0.994602,3.27,0.5,10.0,6,rose
6.3,0.672,0.25,3.36,0.070691,24.4,146.4,0.993419,3.21,0.41,9.3,5,rose
6.9,0.171,0.27,4.48,0.032157,12.9,105.3,0.993522,3.25,0.46,10.4,6,rose
7.2,0.538,0.28,2.97,0.083188,12.2,84.1,0.996475,3.39,0.71,11.0,8,rose
5.1,0.301,0.31,0.64,0.037649,28.2,158.6,0.991899,3.56,0.54,10.2,5,rose
6.7,0.498,0.22,1.77,0.078885,15.9,27.7,0.995202,3.41,0.59,10.5,6,rose
5.4,0.46,0.12,1.85,0.051647,15.3,77.9,0.991558,3.53,0.87,13.6,6,rose
7.7,0.154,0.36,4.29,0.037547,25.9,107.8,0.994709,3.1,0.45,9.6,6,rose
6.1,0.28,0.25,5.25,0.034111,51.2,151.2,0.994899,3.28,0.37,9.1,7,rose
5.9,0.269,0.26,12.63,0.051661,33.0,189.5,0.997905,3.24,0.44,8.9,5,rose
7.0,0.419,0.27,1.95,0.051048,53.2,190.1,0.991458,2.99,0.56,11.4,5,rose
5.8,0.294,0.32,1.49,0.12559,33.3,100.7,0.991812,3.18,0.39,10.2,6,rose
5.9,0.262,0.26,1.69,0.044919,30.6,111.8,0.992704,3.41,0.52,10.6,6,rose
6.6,0.281,0.24,10.23,0.049829,45.1,200.0,0.997832,3.13,0.49,8.8,5,rose
8.3,0.558,0.14,2.43,0.096903,14.9,51.5,0.998394,3.15,0.65,9.2,7,rose
7.7,0.506,0.34,6.06,0.072919,19.6,99.8,0.997599,3.35,0.8,10.4,7,rose
6.6,0.189,0.27,10.09,0.045139,30.0,114.6,0.99405,3.12,0.44,10.7,6,rose
6.6,0.271,0.39,7.79,0.040418,45.6,155.2,0.995816,3.22,0.48,9.3,5,rose
6.9,0.291,0.23,8.55,0.053207,55.6,220.0,0.997012,3.18,0.45,8.8,4,rose
7.1,0.747,0.0,1.82,0.080236,19.7,25.4,0.997957,3.4,0.59,9.3,7,rose
9.9,0.723,0.57,2.15,0.137506,24.1,54.8,0.997286,3.37,0.92,10.0,6,rose
8.6,0.293,0.37,15.61,0.041224,48.9,185.0,0.997994,3.07,0.33,10.1,7,rose
7.1,0.371,0.31,1.28,0.034929,29.5,124.0,0.991795,3.18,0.62,11.9,6,rose
8.5,0.29,0.48,2.22,0.09282,7.9,8.1,0.994054,3.25,0.62,12.3,6,rose
6.9,0.211,0.62,6.16,0.038854,8.9,107.9,0.993038,2.95,0.62,10.3,6,rose
7.4,0.357,0.22,1.78,0.044156,43.9,168.0,0.993121,3.15,0.46,10.0,5,rose
6.9,0.271,0.35,1.45,0.037192,26.0,76.9,0.990707,3.18,0.44,12.3,7,rose
8.6,0.213,0.5,0.99,0.024961,24.2,52.0,0.991705,2.91,0.52,10.5,5,rose
8.7,0.313,0.22,5.65,0.038797,27.6,62.4,0.993513,2.96,0.51,10.8,5,rose
6.9,0.373,0.21,2.08,0.087305,22.4,60.9,0.995519,3.4,0.54,10.2,6,rose
9.1,0.511,0.28,1.88,0.110793,11.5,47.8,0.997273,3.22,0.57,10.9,6,rose
6.9,0.308,0.23,3.52,0.04572,25.7,122.9,0.994495,3.19,0.51,9.4,7,rose
6.2,0.175,0.31,0.99,0.035192,20.9,75.8,0.989949,3.23,0.52,11.2,6,rose
9.4,0.733,0.24,2.4,0.069777,4.7,29.1,0.996467,3.13,0.59,9.9,5,rose
8.3,0.659,0.29,2.03,0.095845,5.1,77.6,0.99735,3.13,0.62,9.1,6,rose
7.6,0.281,0.41,19.3,0.06887,51.6,196.6,1.000251,2.97,0.43,9.3,5,rose
5.0,0.288,0.32,4.91,0.028811,58.3,182.7,0.989764,3.44,0.3,12.7,6,rose
7.0,0.211,0.29,2.4,0.056862,48.7,161.1,0.994413,3.01,0.48,8.9,5,rose
5.9,0.218,0.29,1.8,0.054658,43.2,88.6,0.991051,3.33,0.47,11.5,3,rose
9.1,0.406,0.52,1.83,0.066903,4.0,11.1,0.994791,3.21,0.68,12.5,5,rose
7.3,0.597,0.25,1.91,0.078901,18.7,97.0,0.996089,3.29,0.54,9.8,8,rose
7.6,0.354,0.45,12.04,0.092067,61.8,181.8,0.997586,2.83,0.49,9.0,6,rose
8.1,0.261,0.42,2.57,0.077522,11.5,23.4,0.997221,3.19,0.78,9.4,6,rose
7.7,0.325,0.45,2.67,0.097692,6.0,26.8,0.997385,3.31,0.8,11.1,6,rose
7.3,0.165,0.31,13.88,0.047088,39.7,189.8,0.998722,3.1,0.51,9.2,7,rose
7.4,0.204,0.34,14.19,0.048619,34.7,177.6,0.997977,3.04,0.48,8.8,7,rose
7.1,0.46,0.0,2.88,0.066668,7.4,21.0,0.995185,3.39,0.59,10.9,5,rose
6.0,0.235,0.34,1.0,0.030648,50.7,180.5,0.991201,3.41,0.45,11.5,5,rose
7.2,0.57,0.28,2.18,0.087202,11.9,97.5,0.996148,3.26,0.52,10.0,6,rose
8.1,0.724,0.1,1.67,0.066941,4.8,15.3,0.99416,3.28,0.57,11.9,7,rose
6.1,0.22,0.27,1.65,0.030388,47.5,91.5,0.988798,3.21,0.38,12.6,6,rose
6.4,0.229,0.5,10.81,0.03942,42.4,155.6,0.997381,3.13,0.41,8.9,6,rose
6.7,0.538,0.21,1.96,0.066706,12.9,25.4,0.994879,3.41,0.8,11.1,6,rose
6.9,0.27,0.34,1.61,0.041818,26.3,126.9,0.993935,3.17,0.63,10.1,5,rose
6.6,0.592,0.06,5.32,0.063486,11.7,22.2,0.99589,3.42,0.58,10.9,5,rose
6.2,0.233,0.16,1.74,0.060202,34.1,128.0,0.993916,3.13,0.45,8.7,6,rose
6.0,0.394,0.13,3.4,0.060903,27.8,101.5,0.993131,3.09,0.32,9.2,7,rose
5.5,0.367,0.4,6.16,0.019614,23.2,180.2,0.991542,3.53,0.49,11.7,8,rose
7.0,0.138,0.26,14.93,0.048353,26.8,155.0,0.997734,2.94,0.39,9.0,6,rose
6.3,0.28,0.16,8.19,0.043435,63.1,194.7,0.995806,3.23,0.45,9.3,7,rose
7.9,0.248,0.29,5.36,0.032104,33.8,117.0,0.991987,3.04,0.32,11.9,5,rose
6.8,0.26,0.25,4.96,0.100099,37.6,129.3,0.994164,3.16,0.5,9.5,6,rose
6.3,0.173,0.39,1.52,0.030642,58.1,152.1,0.991929,3.44,0.53,11.4,5,rose
7.1,0.256,0.28,16.03,0.047963,38.2,173.5,0.997791,3.23,0.45,9.2,6,rose
9.3,0.662,0.26,1.72,0.09178,6.5,35.4,0.997764,3.25,0.43,9.6,7,rose
7.1,0.424,0.27,3.13,0.047167,23.4,110.8,0.991709,3.22,0.37,11.2,5,rose
5.8,0.133,0.28,1.38,0.049451,22.7,100.2,0.992837,3.25,0.45,9.3,5,rose
7.3,0.24,0.27,18.76,0.083234,18.3,111.5,1.000382,3.08,0.51,8.7,6,rose
6.9,0.325,0.28,2.58,0.041056,21.2,176.6,0.991804,3.2,0.58,11.4,7,rose
6.4,0.201,0.15,6.5,0.042125,23.5,120.1,0.994137,3.01,0.58,9.9,6,rose
7.2,0.27,0.48,18.25,0.053009,47.5,248.8,0.999714,3.05,0.51,8.9,5,rose
7.3,0.384,0.23,7.95,0.054903,44.2,157.9,0.996058,3.2,0.52,9.2,6,rose
6.7,0.686,0.1,4.44,0.063533,15.6,30.8,0.995268,3.42,0.52,11.0,6,rose
7.4,0.296,0.29,5.33,0.057794,42.4,169.1,0.993746,3.13,0.48,10.4,7,rose
9.1,0.198,0.3,3.73,0.048796,11.8,39.1,0.994551,3.13,0.36,9.7,6,rose
8.8,0.23,0.33,2.1,0.051268,14.1,31.7,0.993971,3.14,0.58,11.4,7,rose
6.5,0.306,0.39,7.39,0.046912,35.0,197.3,0.995655,3.09,0.35,9.1,6,rose
6.0,0.178,0.26,4.7,0.034191,46.0,154.5,0.993138,3.41,0.47,10.9,6,rose
10.5,0.442,0.72,6.61,0.072489,36.2,80.2,0.998894,3.15,0.85,12.1,3,rose
8.1,0.276,0.39,6.86,0.047704,32.0,92.6,0.995273,3.26,0.44,10.2,6,rose
6.5,0.207,0.43,10.81,0.045754,51.3,155.2,0.997915,3.5,0.77,10.1,5,rose
7.0,0.239,0.29,2.83,0.046619,36.9,127.3,0.991596,3.02,0.6,11.3,6,rose
6.1,0.3,0.47,0.79,0.048593,47.7,192.4,0.992817,3.19,0.43,9.5,6,rose
11.8,0.392,0.69,3.07,0.098641,16.7,34.3,0.999079,3.09,0.61,10.9,6,rose
6.2,0.236,0.21,5.54,0.033374,31.1,142.0,0.994308,3.36,0.32,10.1,6,rose
6.8,0.78,0.0,2.58,0.104458,10.1,18.1,0.996233,3.45,0.56,10.8,6,rose
7.1,0.128,0.36,1.16,0.037662,21.9,129.7,0.991829,2.94,0.66,10.3,6,rose
6.7,0.451,0.02,0.61,0.043164,30.7,93.9,0.992501,3.12,0.46,9.8,5,rose
6.7,0.297,0.25,6.52,0.120036,37.4,118.0,0.995202,3.06,0.51,9.2,5,rose
6.1,0.318,0.2,14.01,0.042805,35.6,107.9,0.996653,3.15,0.42,10.4,6,rose
7.4,0.456,0.35,5.74,0.074027,12.3,83.3,0.997563,3.31,0.81,10.5,6,rose
7.1,0.165,0.31,0.8,0.033244,31.6,77.6,0.989927,3.23,0.36,12.1,5,rose
7.6,0.168,0.36,6.27,0.052096,21.1,134.1,0.995847,3.2,0.57,10.6,5,rose
11.6,0.307,0.55,1.38,0.086067,4.7,10.8,0.998241,2.97,0.69,9.2,7,rose
6.7,0.691,0.02,5.22,0.125732,21.7,66.1,0.999346,3.47,0.71,10.1,7,rose
9.3,0.317,0.58,2.46,0.072582,27.4,56.8,0.996511,3.28,0.78,10.7,6,rose
7.6,0.517,0.01,2.03,0.081858,13.7,22.3,0.995354,3.35,0.56,10.6,5,rose
6.7,0.301,0.34,9.22,0.049735,32.0,111.1,0.994815,3.27,0.55,11.1,8,rose
9.8,0.512,0.51,13.37,0.205859,45.5,80.2,1.002345,3.17,0.75,8.7,6,rose
5.9,0.269,0.34,1.56,0.040415,15.9,123.8,0.993222,3.16,0.7,10.7,7,rose
6.7,0.239,0.35,3.65,0.026155,36.7,129.1,0.992641,3.19,0.42,10.6,6,rose
5.0,0.173,0.2,6.71,0.050688,41.9,145.9,0.99391,3.18,0.55,9.9,8,rose
7.1,0.214,0.33,8.53,0.037459,30.3,249.0,0.99538,3.22,0.55,10.6,6,rose
6.0,0.212,0.33,4.1,0.040929,48.4,130.8,0.990889,3.16,0.42,11.3,6,rose
9.2,0.246,0.33,2.25,0.070041,47.6,69.8,0.997835,3.44,0.87,10.1,6,rose
6.4,0.296,0.13,6.8,0.039503,50.8,169.2,0.995874,3.23,0.41,9.0,6,rose
8.0,0.332,0.28,7.89,0.038021,70.9,220.6,0.995398,3.15,0.56,9.7,7,rose
6.9,0.149,0.37,2.47,0.047572,32.5,98.5,0.992739,3.14,0.38,10.4,7,rose
4.9,0.244,0.23,10.5,0.034334,25.4,107.1,0.99256,3.45,0.29,11.4,6,rose
6.8,0.584,0.02,1.67,0.055054,2.9,10.5,0.996031,3.41,0.49,10.3,6,rose
7.1,0.21,0.21,1.77,0.03947,18.2,107.5,0.994853,3.37,0.52,10.0,6,rose
6.1,0.29,0.5,6.49,0.045729,62.0,215.6,0.995209,3.18,0.48,9.1,8,rose
6.3,0.41,0.22,7.74,0.034877,20.5,113.8,0.991629,3.2,0.39,11.8,6,rose
6.9,0.281,0.39,18.93,0.043214,32.1,153.2,0.999426,2.93,0.5,9.0,5,rose
6.7,0.199,0.25,17.38,0.050489,44.4,143.4,1.000026,3.29,0.38,8.8,6,rose
5.0,0.286,0.14,2.06,0.038718,16.3,76.3,0.989891,3.41,0.52,12.4,5,rose
7.1,0.227,0.44,0.87,0.041,20.4,101.3,0.993944,3.19,0.64,10.6,5,rose
9.1,0.448,0.41,1.68,0.08264,10.5,16.1,0.996715,3.27,0.56,9.5,6,rose
5.1,0.329,0.16,1.8,0.048491,8.6,88.5,0.991694,3.47,0.44,10.6,6,rose
6.6,0.232,0.26,11.11,0.044324,67.5,183.2,0.995933,3.19,0.55,10.0,6,rose
6.1,0.175,0.24,4.52,0.017067,22.7,112.5,0.992009,3.38,0.5,11.6,5,rose
6.2,0.208,0.26,7.26,0.04828,21.0,98.0,0.992705,3.16,0.41,10.9,6,rose
6.6,0.316,0.3,0.6,0.033032,40.1,103.6,0.988406,3.08,0.42,13.8,7,rose
6.1,0.673,0.49,1.6,0.025651,29.1,59.6,0.989406,3.34,0.38,12.7,6,rose
7.2,0.355,0.36,5.14,0.018375,38.0,118.9,0.990414,3.08,0.48,12.9,5,rose
5.7,0.151,0.14,5.8,0.04117,28.3,129.7,0.993328,3.07,0.59,9.7,6,rose
7.8,0.619,0.31,2.24,0.091783,17.4,38.9,0.997056,3.3,0.59,10.7,6,rose
8.2,0.195,0.5,3.72,0.057939,15.1,112.4,0.992647,3.19,0.34,11.6,6,rose
6.4,0.332,0.24,16.27,0.049235,35.7,176.2,0.998563,3.24,0.54,9.1,7,rose
7.4,0.631,0.47,13.99,0.172267,45.8,187.7,0.998264,2.9,0.48,9.4,5,rose
5.5,0.312,0.28,1.05,0.028441,25.2,91.1,0.987356,3.31,0.4,13.5,5,rose
6.5,0.186,0.35,2.3,0.031573,31.2,78.0,0.99159,3.23,0.72,11.3,4,rose
5.3,0.175,0.27,0.88,0.029712,11.7,60.9,0.992158,3.29,0.42,9.7,6,rose
7.2,0.232,0.33,11.49,0.04531,36.1,210.5,0.996277,3.09,0.52,9.6,4,rose
6.1,0.3,0.23,1.68,0.082804,5.4,32.0,0.994522,3.38,0.43,10.1,6,rose
7.0,0.385,0.29,13.62,0.045896,53.0,190.0,0.997709,3.01,0.61,9.4,4,rose
9.6,0.458,0.38,2.08,0.087526,33.7,59.1,0.997764,3.17,0.58,9.9,7,rose
8.5,0.393,0.36,5.8,0.054645,32.5,127.3,0.992704,2.94,0.49,11.8,5,rose
6.2,0.334,0.13,5.48,0.053144,28.0,128.6,0.994789,3.22,0.48,9.1,5,rose
7.1,0.332,0.44,4.16,0.049505,50.0,142.8,0.991053,3.01,0.75,12.3,6,rose
6.9,0.141,0.28,14.99,0.046813,29.4,153.4,0.9981,2.94,0.4,9.0,5,rose
7.2,0.147,0.28,14.68,0.051552,26.8,140.9,0.998092,2.97,0.39,9.1,7,rose
7.1,0.402,0.63,10.94,0.044111,54.0,154.0,0.99781,3.08,0.45,8.7,6,rose
5.9,0.217,0.16,1.81,0.043318,44.1,96.7,0.988855,3.23,0.37,12.0,5,rose
11.5,0.582,0.59,2.73,0.08915,14.4,42.3,0.998381,3.2,0.65,10.9,7,rose
6.9,0.134,0.28,1.91,0.033105,15.3,81.0,0.990863,3.09,0.58,11.3,6,rose
6.4,0.368,0.17,1.89,0.052451,7.8,120.2,0.994234,3.2,0.4,8.6,6,rose
7.5,0.573,0.29,2.37,0.074018,13.5,45.5,0.996661,3.45,0.59,10.1,6,rose
9.2,0.416,0.57,5.17,0.080877,4.7,22.6,0.996274,3.28,0.58,12.5,6,rose
7.7,0.296,0.39,2.48,0.054668,29.2,175.7,0.994713,3.19,0.54,9.7,5,rose
7.8,0.289,0.36,7.5,0.044821,37.7,169.0,0.993997,3.27,0.38,11.3,5,rose
7.8,0.257,0.73,7.45,0.041809,62.0,165.9,0.995621,3.23,0.65,10.1,4,rose
6.5,0.114,0.31,5.73,0.049413,24.7,97.5,0.991491,3.25,0.31,12.1,7,rose
5.9,0.293,0.09,6.4,0.04293,34.3,140.0,0.994236,3.14,0.5,9.8,6,rose
6.6,0.208,0.32,5.09,0.046488,17.4,104.4,0.991311,3.14,0.32,11.6,5,rose
10.3,0.437,0.86,5.77,0.047345,18.0,119.8,0.996485,2.99,0.49,9.9,6,rose
7.0,0.184,0.33,7.87,0.05426,33.1,205.6,0.99629,3.31,0.59,10.4,6,rose
6.8,0.35,0.4,2.05,0.034372,34.6,113.6,0.98884,2.98,0.46,12.3,7,rose
6.2,0.47,0.2,8.97,0.023842,24.1,140.9,0.991947,3.21,0.43,12.3,6,rose
5.5,0.198,0.27,1.93,0.032064,30.7,99.6,0.988765,3.34,0.37,13.0,6,rose
7.0,0.311,0.31,2.05,0.045381,27.1,125.4,0.990877,3.34,0.42,12.7,7,rose
6.1,0.186,0.25,6.9,0.044994,22.5,91.4,0.993191,3.14,0.42,10.9,6,rose
7.5,0.181,0.31,1.09,0.050477,47.2,194.6,0.993989,3.01,0.38,9.3,4,rose
6.4,0.119,0.29,0.61,0.029332,36.0,92.5,0.989913,3.01,0.56,11.7,7,rose
6.7,0.267,0.3,11.96,0.038791,60.0,202.3,0.997492,3.12,0.4,9.0,6,rose
6.6,0.329,0.42,8.76,0.050824,52.2,166.6,0.994527,3.11,0.47,9.5,6,rose
11.9,0.382,0.75,4.06,0.067993,4.8,39.9,1.000482,3.22,0.59,13.0,6,rose
9.2,0.197,0.27,1.86,0.076457,1.0,26.5,0.998948,3.41,0.87,10.3,8,rose
7.1,0.437,0.31,2.08,0.085745,32.8,62.4,0.997472,3.44,0.52,9.6,6,rose
7.4,0.28,0.32,1.28,0.04497,38.3,168.2,0.99133,3.2,0.49,11.5,6,rose
6.9,0.243,0.26,3.52,0.041043,32.8,109.0,0.990488,3.17,0.32,12.4,5,rose
9.9,0.575,0.26,2.29,0.104689,9.4,86.4,0.996255,3.05,0.91,10.1,6,rose
6.9,0.168,0.22,4.25,0.063322,54.8,149.0,0.99565,3.29,0.36,9.2,5,rose
8.4,0.194,0.37,0.91,0.040016,19.9,113.8,0.992332,2.94,0.32,10.2,8,rose
6.8,0.179,0.25,1.47,0.046874,32.4,126.4,0.991071,3.17,0.48,11.2,7,rose
7.2,0.223,0.38,1.86,0.033048,23.8,102.5,0.990188,3.13,0.38,11.3,6,rose
5.5,0.164,0.38,1.32,0.042296,16.6,67.8,0.991605,3.23,0.54,10.2,6,rose
7.1,0.211,0.33,2.34,0.049491,10.3,131.1,0.992196,3.24,0.45,11.6,7,rose
10.2,0.364,0.65,3.05,0.123177,11.5,52.3,0.997407,3.25,0.66,12.6,7,rose
6.3,0.226,0.72,8.58,0.042907,53.1,209.3,0.99593,3.21,0.42,9.4,7,rose
6.4,0.191,0.33,10.22,0.04418,39.2,105.8,0.99648,3.17,0.5,9.6,5,rose
6.6,0.405,0.26,2.22,0.037419,25.4,79.6,0.991216,3.06,0.36,11.7,5,rose
4.9,0.39,0.5,4.5,0.045934,27.7,79.1,0.989865,3.5,0.66,13.5,5,rose
4.9,0.269,0.22,1.1,0.042081,39.6,182.6,0.989344,3.28,0.35,11.9,7,rose
10.0,0.403,0.57,3.56,0.071493,4.3,9.5,0.997098,3.04,0.63,9.7,6,rose
6.8,0.293,0.35,8.6,0.045378,31.7,103.1,0.994078,3.26,0.55,11.1,4,rose
7.0,0.261,0.31,1.41,0.030343,11.3,122.6,0.991655,3.18,0.5,11.4,6,rose
8.5,0.733,0.1,2.14,0.089345,14.8,62.0,0.996136,3.2,0.83,9.5,6,rose
6.6,0.736,0.21,6.33,0.057969,23.9,61.4,0.9928,3.09,0.27,11.0,5,rose
8.6,0.264,0.45,0.92,0.051596,7.6,72.9,0.994361,2.96,0.48,9.2,7,rose
6.9,0.165,0.32,2.83,0.043241,32.9,87.6,0.990157,2.87,0.49,11.2,6,rose
6.5,0.287,0.51,2.03,0.028345,42.3,190.3,0.992033,3.25,0.59,10.4,5,rose
7.3,0.264,0.31,1.94,0.031766,22.0,109.3,0.99239,3.07,0.36,10.8,3,rose
7.5,0.19,0.32,6.21,0.030427,54.0,155.8,0.992662,3.04,0.37,10.9,6,rose
6.7,0.186,0.13,4.67,0.182846,35.6,173.5,0.993791,2.95,0.44,9.5,6,rose
5.9,0.429,0.01,0.78,0.042331,22.8,68.6,0.993391,3.36,0.33,9.4,6,rose
8.0,0.37,0.3,4.65,0.033918,1.0,128.7,0.991928,2.89,0.72,12.0,6,rose
6.2,0.263,0.4,1.13,0.052259,7.0,144.4,0.992829,3.44,0.51,10.3,4,rose
8.2,0.437,0.42,12.59,0.169989,30.4,187.7,0.999159,3.04,0.63,9.2,6,rose
5.1,0.358,0.33,1.63,0.027119,13.2,83.7,0.989873,3.36,0.37,11.8,7,rose
6.7,0.193,0.23,6.67,0.043584,27.5,107.4,0.99363,3.1,0.3,10.3,7,rose
7.6,0.248,0.3,6.67,0.042356,51.4,182.5,0.995933,3.14,0.42,8.8,6,rose
8.4,0.173,0.31,1.24,0.03241,20.6,62.3,0.9914,3.01,0.5,11.0,7,rose
6.2,0.199,0.24,9.89,0.041659,26.5,146.7,0.99514,3.22,0.44,10.5,5,rose
9.5,0.253,0.53,1.92,0.071717,5.5,26.0,0.996338,3.2,1.14,12.0,7,rose
7.8,0.303,0.34,8.13,0.042504,38.6,160.3,0.994148,3.26,0.38,11.3,5,rose
6.9,0.47,0.36,2.76,0.032685,30.6,134.2,0.990216,3.14,0.38,12.3,7,rose
6.7,0.337,0.31,1.91,0.068901,4.9,11.3,0.992783,3.34,0.54,12.7,6,rose
5.8,0.165,0.25,1.34,0.052183,45.4,134.2,0.992448,3.19,0.42,10.3,5,rose
7.0,0.352,0.74,10.65,0.074148,44.0,146.1,0.99678,3.03,0.81,9.2,7,rose
6.3,0.56,0.09,2.49,0.05269,26.5,35.7,0.994196,3.52,0.61,11.4,7,rose
6.9,0.367,0.26,7.76,0.032982,40.8,120.4,0.991116,2.97,0.31,12.1,5,rose
6.9,0.23,0.38,2.6,0.032153,36.3,87.0,0.991038,3.26,0.5,10.9,6,rose
6.9,0.351,0.54,9.93,0.053476,37.8,156.8,0.995781,3.05,0.39,9.4,5,rose
6.1,0.428,0.15,0.77,0.03131,26.0,97.3,0.992776,3.16,0.43,9.6,5,rose
8.2,0.487,0.35,1.67,0.073887,16.1,28.1,0.993592,3.28,0.66,12.5,6,rose
6.8,0.274,0.17,6.8,0.03433,64.6,213.0,0.996007,3.06,0.4,9.1,8,rose
9.1,0.231,0.37,1.39,0.066579,43.5,71.5,0.997601,3.43,0.86,10.3,5,rose
6.3,0.215,0.18,12.05,0.047134,62.5,149.6,0.996641,3.11,0.51,9.3,5,rose
10.2,0.681,0.4,1.58,0.049526,6.1,20.2,0.997791,3.17,0.47,10.0,6,rose
5.2,0.281,0.27,7.72,0.022668,27.2,107.6,0.992874,3.35,0.39,11.1,7,rose
6.7,0.732,0.02,8.04,0.122562,68.3,125.0,0.999646,3.46,0.53,9.9,6,rose
6.9,0.381,0.37,13.09,0.106915,15.6,86.2,0.99781,3.0,0.47,9.2,5,rose
6.0,0.257,0.24,3.05,0.045911,289.0,440.0,0.993185,3.42,0.63,10.5,7,rose
9.7,0.584,0.07,3.68,0.101255,30.5,74.6,1.000211,3.33,0.69,9.7,6,rose
7.9,0.581,0.28,3.18,0.068422,22.5,120.3,0.997334,3.2,0.55,9.3,5,rose
7.6,0.592,0.25,1.91,0.082782,30.5,132.2,0.996042,3.2,0.53,9.9,7,rose
5.7,0.2,0.3,1.36,0.035177,20.9,53.1,0.991355,3.44,0.55,11.2,6,rose
7.5,0.372,0.46,11.85,0.0484,85.2,226.0,0.998152,3.01,0.43,9.1,6,rose
7.5,0.198,0.66,10.65,0.049202,38.0,131.6,0.997808,2.99,0.37,8.8,7,rose
6.5,0.365,0.29,1.02,0.025941,24.9,84.1,0.989622,3.4,0.61,12.4,5,rose
7.4,0.628,0.2,1.69,0.073696,38.4,62.0,0.994764,3.1,0.4,9.3,7,rose
7.5,0.22,0.33,1.61,0.048505,31.1,104.0,0.993426,3.43,0.54,11.4,6,rose
5.7,0.274,0.21,3.16,0.025072,12.7,119.5,0.989279,3.37,0.77,14.1,7,rose
6.2,0.291,0.31,8.43,0.206362,59.6,148.6,0.996082,3.08,0.38,9.3,6,rose
7.1,0.178,0.35,3.39,0.026809,49.6,146.2,0.989836,3.16,0.38,12.7,5,rose
5.8,0.173,0.34,0.9,0.045331,98.0,162.7,0.990068,3.38,0.88,11.6,7,rose
5.8,0.288,0.31,15.03,0.047389,14.9,137.9,0.99637,3.13,0.51,10.2,8,rose
6.7,0.181,0.26,7.58,0.053394,44.5,122.9,0.994007,3.16,0.37,9.7,7,rose
10.9,0.33,0.53,2.3,0.13241,17.7,53.6,0.996964,3.27,0.75,11.4,8,rose
6.8,0.315,0.22,2.18,0.042205,15.8,67.4,0.993458,3.17,0.38,9.4,6,rose
11.8,0.577,0.67,2.44,0.07059,3.4,30.2,0.999326,3.06,0.57,10.0,7,rose
7.4,0.237,0.41,13.84,0.067401,46.4,203.4,0.997982,2.9,0.42,8.9,7,rose
6.6,0.387,0.28,8.91,0.04118,10.1,96.5,0.992083,3.07,0.36,12.2,6,rose
8.4,0.261,0.46,1.27,0.04988,10.3,75.4,0.994464,3.08,0.63,10.4,5,rose
6.6,0.345,0.33,1.01,0.027473,13.8,67.0,0.99161,3.11,0.46,10.6,5,rose
7.2,0.123,0.33,0.76,0.041303,12.6,62.5,0.990388,3.11,0.35,11.8,6,rose
6.6,0.247,0.24,1.17,0.040732,39.2,160.5,0.993669,3.41,0.56,10.0,6,rose
6.2,0.297,0.28,5.23,0.04106,36.5,170.5,0.995196,3.21,0.66,9.4,6,rose
6.2,0.231,0.5,2.12,0.119149,27.0,96.0,0.991732,3.23,0.58,11.9,5,rose
6.8,0.383,0.28,2.86,0.035238,29.1,74.4,0.990626,3.23,0.45,12.5,5,rose
5.7,0.205,0.27,0.96,0.034105,25.4,71.9,0.989932,3.32,0.51,11.5,6,rose
5.6,0.209,0.33,1.06,0.031956,33.2,125.0,0.990748,3.31,0.52,11.8,6,rose
9.1,0.262,0.35,10.59,0.041491,47.8,232.3,0.997205,3.05,0.41,10.4,5,rose
7.6,0.299,0.37,0.6,0.042705,25.1,190.4,0.993429,3.06,0.43,9.2,5,rose
5.5,0.353,0.34,1.28,0.043872,13.8,167.0,0.991953,3.32,0.67,9.9,6,rose
7.2,0.307,0.29,9.23,0.044351,52.1,137.7,0.995086,3.11,0.49,10.2,5,rose
8.1,0.904,0.27,1.24,0.089413,9.7,25.4,0.996544,3.25,0.48,9.9,6,rose
6.0,0.243,0.18,6.69,0.05775,52.4,197.7,0.99581,3.22,0.43,9.0,5,rose
6.2,0.245,0.27,2.76,0.047538,288.2,440.0,0.992681,3.45,0.66,10.7,7,rose
9.9,0.268,0.49,5.13,0.082645,8.0,14.4,0.994835,3.19,0.52,12.7,6,rose
5.9,0.37,0.35,1.54,0.052049,30.6,222.1,0.992179,3.27,0.73,9.7,7,rose
7.5,0.189,0.3,13.37,0.046328,47.5,224.1,0.999172,3.16,0.48,9.1,7,rose
7.0,0.279,0.73,12.88,0.035654,47.6,162.6,0.998182,3.06,0.45,8.7,6,rose
7.1,0.228,0.38,13.92,0.057845,51.3,188.9,0.998319,3.07,0.43,8.9,6,rose
6.3,0.29,0.26,3.92,0.058163,19.4,132.8,0.992525,3.23,0.43,12.1,6,rose
6.0,0.287,0.26,19.86,0.068583,35.7,174.3,0.999026,3.2,0.42,9.3,7,rose
7.4,0.183,0.39,13.24,0.030893,53.6,152.3,0.997471,3.16,0.81,10.5,7,rose
7.2,0.335,0.32,7.63,0.027553,23.0,113.9,0.994904,3.22,0.46,9.9,7,rose
6.2,0.281,0.46,7.94,0.051802,49.6,195.5,0.995211,3.17,0.47,9.4,6,rose
6.3,0.26,0.39,2.08,0.174727,5.2,68.8,0.9929,3.08,0.53,10.0,5,rose
6.8,0.62,0.1,3.82,0.1035,16.1,122.8,0.99654,3.27,0.6,9.5,5,rose
7.5,0.532,0.28,1.72,0.103889,18.3,69.2,0.995671,3.15,0.57,9.5,6,rose
7.5,0.152,0.5,1.68,0.055055,19.9,147.6,0.992072,3.26,0.48,11.2,5,rose
6.7,0.432,0.35,9.14,0.051578,28.8,145.6,0.997122,3.25,0.51,9.1,5,rose
6.7,0.371,0.27,2.82,0.031469,15.6,103.6,0.989646,3.05,0.36,12.5,8,rose
5.4,0.323,0.29,2.9,0.027321,16.6,110.7,0.990851,3.24,0.57,11.1,6,rose
9.4,0.401,0.49,4.91,0.089398,1.8,18.4,0.996599,3.29,0.64,12.1,6,rose
6.1,0.208,0.16,0.79,0.052835,45.8,138.3,0.990664,3.3,0.43,11.5,5,rose
7.4,0.525,0.42,2.63,0.088749,7.0,36.6,0.996939,3.56,0.6,10.7,5,rose
6.5,0.292,0.3,2.79,0.036964,35.8,94.5,0.990773,3.15,0.58,12.0,6,rose
7.3,0.223,0.3,1.03,0.037954,11.8,98.4,0.988978,2.97,0.36,12.5,6,rose
6.6,0.546,0.15,4.04,0.043466,29.9,96.4,0.994141,3.15,0.32,9.1,6,rose
8.6,0.152,0.34,0.94,0.076777,17.2,58.5,0.991869,3.14,0.46,10.7,5,rose
6.9,0.376,0.25,2.44,0.093776,4.4,21.3,0.996325,3.44,0.6,10.0,6,rose
7.0,0.277,0.75,1.15,0.172086,36.1,127.3,0.992977,3.03,0.45,9.1,5,rose
6.8,0.257,0.34,2.32,0.046132,12.8,93.4,0.990616,3.22,0.54,12.5,5,rose
7.6,0.38,0.23,11.1,0.033478,28.5,91.5,0.991548,2.93,0.4,13.6,6,rose
7.7,0.311,0.57,17.35,0.050141,42.2,167.0,0.999843,3.15,0.54,9.1,7,rose
6.4,0.182,0.26,3.22,0.051488,20.5,125.1,0.993773,3.13,0.5,9.0,5,rose
7.8,0.413,0.24,1.38,0.077844,4.4,7.6,0.996223,3.28,0.6,9.6,7,rose
9.9,0.548,0.59,1.74,0.045387,7.2,18.6,0.995895,3.3,0.86,12.4,5,rose
7.4,0.389,0.24,10.18,0.05437,32.1,142.7,0.996092,3.13,0.46,10.6,7,rose
7.9,0.15,0.26,2.07,0.038022,45.8,173.1,0.995424,3.46,0.45,9.3,7,rose
6.3,0.262,0.24,5.62,0.037783,53.1,150.6,0.994527,3.28,0.39,9.5,5,rose
7.2,0.246,0.34,14.27,0.063863,37.4,185.6,0.998802,3.06,0.54,8.9,5,rose
7.4,0.212,0.33,2.18,0.044443,29.0,104.4,0.993204,3.41,0.54,11.5,6,rose
6.4,0.629,0.22,1.22,0.078727,13.9,30.4,0.996392,3.6,0.64,9.7,5,rose
6.1,0.219,0.23,3.18,0.051676,16.3,102.1,0.995,3.13,0.41,8.8,6,rose
6.3,0.139,0.45,1.55,0.087585,39.9,155.5,0.992576,3.21,0.35,9.8,6,rose
6.7,0.458,0.28,6.43,0.149072,48.8,156.7,0.994205,3.14,0.47,10.1,7,rose
6.9,0.17,0.26,1.41,0.043452,47.2,80.5,0.993077,3.38,0.48,10.7,7,rose
6.8,0.224,0.32,5.57,0.04183,17.7,115.9,0.99281,3.16,0.56,11.3,5,rose
15.2,0.2,0.43,2.33,0.074943,9.7,21.5,1.000447,3.1,0.82,9.1,6,rose
6.2,0.671,0.45,1.58,0.022772,28.7,72.2,0.989616,3.35,0.39,12.8,5,rose
6.6,0.428,0.33,3.15,0.039707,14.3,81.8,0.990194,3.28,0.52,13.6,6,rose
6.7,0.206,0.33,1.78,0.042361,30.9,92.4,0.992293,3.33,0.64,10.6,4,rose
7.5,0.238,0.27,1.4,0.045691,34.6,92.4,0.990479,3.03,0.38,11.5,6,rose
6.5,0.132,0.32,1.95,0.034983,18.3,82.8,0.992874,3.39,0.73,11.4,6,rose
6.2,0.148,0.35,15.73,0.044287,55.7,159.4,0.996126,3.24,0.37,10.6,5,rose
7.1,0.299,0.32,6.25,0.029881,27.8,89.9,0.992638,3.22,0.44,11.8,7,rose
5.9,0.112,0.26,4.65,0.031979,41.8,115.5,0.992169,3.54,0.67,12.1,6,rose
6.0,0.281,0.64,8.84,0.039874,28.2,152.7,0.996632,3.64,0.54,10.8,6,rose
6.5,0.551,0.05,2.18,0.062206,31.3,40.9,0.99499,3.39,0.83,10.1,6,rose
5.9,0.216,0.41,0.96,0.037679,42.3,114.1,0.990488,3.05,0.62,11.8,5,rose
7.9,0.275,0.28,8.31,0.027639,38.3,110.4,0.992139,2.95,0.42,12.3,7,rose
5.1,0.245,0.44,3.66,0.025478,20.4,138.6,0.991702,3.53,0.49,11.2,6,rose
6.7,0.13,0.47,1.5,0.027888,17.3,80.7,0.992567,3.4,0.51,10.9,6,rose
6.3,0.431,0.24,1.26,0.073781,21.9,59.4,0.996176,3.52,0.61,9.5,5,rose
6.6,0.196,0.26,6.43,0.047098,28.7,96.2,0.99349,3.13,0.32,10.1,5,rose
8.3,0.223,0.29,1.29,0.050324,48.6,180.7,0.99307,3.13,0.51,10.0,8,rose
6.8,0.32,0.15,7.81,0.039154,13.4,120.1,0.996177,3.23,0.35,9.2,6,rose
6.2,0.349,0.23,1.55,0.036659,37.1,125.8,0.989656,3.29,0.42,12.5,5,rose
6.1,0.27,0.29,1.97,0.031764,28.2,91.0,0.992307,3.38,0.7,11.1,5,rose
7.6,0.302,0.48,12.68,0.037921,62.0,191.2,0.998007,3.02,0.35,8.8,5,rose
6.6,0.512,0.03,2.0,0.065322,28.1,46.9,0.994885,3.36,0.83,10.3,5,rose
7.2,0.239,0.29,11.14,0.051998,21.6,99.1,0.996595,3.14,0.36,9.5,5,rose
11.2,0.338,0.46,1.67,0.083174,5.0,17.3,0.998587,2.94,0.66,9.3,6,rose
6.5,0.26,0.29,2.56,0.023669,14.7,162.6,0.992643,3.29,0.61,10.7,6,rose
6.9,0.328,0.54,12.15,0.037628,22.1,111.1,0.996358,3.12,0.29,9.6,5,rose
7.0,0.313,0.25,7.68,0.068978,28.2,158.8,0.995409,3.15,0.45,9.8,5,rose
9.3,0.166,0.3,1.21,0.042359,26.6,172.4,0.995516,3.14,0.46,9.2,5,rose
9.1,0.553,0.26,2.45,0.101411,5.5,26.3,0.997688,3.26,0.72,9.6,4,rose
6.6,0.235,0.55,6.17,0.037222,58.9,230.5,0.9954,3.05,0.41,8.8,6,rose
7.3,0.241,0.5,5.07,0.029689,32.1,115.1,0.993765,3.26,0.54,10.6,4,rose
8.5,0.571,0.73,17.68,0.055934,52.4,238.9,1.000887,3.0,0.69,9.3,6,rose
7.1,0.29,0.4,7.96,0.037338,15.0,87.1,0.994148,3.16,0.33,10.1,5,rose
7.5,0.544,0.12,2.89,0.066128,10.3,56.9,0.997143,3.37,0.57,9.1,6,rose
7.2,0.269,0.59,1.42,0.039434,39.7,115.8,0.991713,3.35,0.41,11.1,7,rose
6.3,0.485,0.21,1.42,0.040199,13.6,102.8,0.993786,3.17,0.46,9.2,7,rose
6.2,0.362,0.2,8.69,0.030246,36.5,213.2,0.996524,3.36,0.61,9.5,5,rose
5.5,0.516,0.16,2.82,0.033803,35.1,134.0,0.988635,3.18,0.53,13.4,5,rose
6.0,0.279,0.38,10.56,0.043883,56.5,145.2,0.99375,3.07,0.58,10.9,6,rose
5.8,0.137,0.23,1.78,0.049747,17.3,79.9,0.992839,3.67,0.57,10.3,7,rose
9.1,0.167,0.65,1.47,0.047629,22.9,125.7,0.994558,3.0,0.47,10.4,4,rose
5.9,0.257,0.28,1.65,0.044324,22.7,63.7,0.991946,3.32,0.55,10.4,5,rose
8.1,0.157,0.19,1.66,0.035069,22.4,117.0,0.99422,3.16,0.54,10.1,7,rose
6.4,0.21,0.49,11.19,0.042131,44.9,146.8,0.99708,3.17,0.44,8.9,6,rose
8.2,0.873,0.2,1.71,0.082542,6.4,26.3,0.994808,3.09,0.46,10.0,6,rose
7.9,0.25,0.4,2.8,0.060002,14.8,162.3,0.99367,3.2,0.54,9.7,6,rose
7.1,0.153,0.26,13.77,0.047187,25.3,136.3,0.998056,2.9,0.45,9.3,7,rose
6.9,0.327,0.36,0.98,0.04578,19.2,71.1,0.990828,3.31,0.63,12.0,5,rose
8.0,0.19,0.36,1.37,0.028825,20.4,75.8,0.991807,3.08,0.37,10.3,6,rose
6.4,0.182,0.4,10.4,0.032304,87.9,188.0,0.996126,3.06,0.43,8.9,6,rose
6.8,0.347,0.27,8.55,0.035832,29.4,72.4,0.991445,2.96,0.38,12.6,6,rose
9.0,0.369,0.4,3.71,0.106739,12.9,25.6,0.995704,3.23,0.69,12.1,6,rose
7.3,0.338,0.47,4.65,0.04336,18.8,57.1,0.990877,3.04,0.41,12.6,6,rose
8.1,0.685,0.3,1.06,0.059925,39.7,66.4,0.996001,3.24,0.57,10.1,6,rose
6.0,0.164,0.33,6.76,0.041553,43.3,157.8,0.994853,3.63,0.46,10.6,5,rose
6.0,0.231,0.3,12.79,0.042204,25.9,120.3,0.999929,3.38,0.44,8.4,5,rose
6.2,0.288,0.35,1.57,0.02731,23.4,108.6,0.990008,3.27,0.52,12.2,6,rose
10.0,0.304,0.48,2.56,0.082524,12.8,32.7,0.999496,3.34,0.79,10.4,6,rose
6.8,0.24,0.3,9.88,0.044048,57.9,151.9,0.99629,3.11,0.5,10.1,6,rose
6.1,0.462,0.26,3.85,0.031867,43.7,132.4,0.991513,3.25,0.49,11.3,5,rose
7.3,0.335,0.35,2.9,0.073112,11.8,26.1,0.994787,3.35,0.61,11.8,6,rose
6.0,0.273,0.28,16.11,0.034538,30.2,123.4,0.994269,3.19,0.45,12.9,5,rose
6.7,0.259,0.26,4.16,0.081874,33.9,220.0,0.995914,3.29,0.67,9.7,6,rose
8.6,0.173,0.48,1.79,0.029556,17.4,131.8,0.992879,3.04,0.39,10.3,6,rose
6.8,0.486,0.03,2.11,0.083177,37.5,105.2,0.995245,3.11,0.53,9.8,5,rose
7.9,0.369,0.23,11.38,0.029835,27.5,102.6,0.991773,2.94,0.4,13.6,6,rose
5.5,0.152,0.32,1.12,0.026941,29.4,62.5,0.9898,3.33,0.44,11.7,5,rose
7.4,0.148,0.36,1.43,0.051188,50.8,159.3,0.9947,3.3,0.79,9.7,6,rose
8.3,0.35,0.4,5.24,0.038118,32.4,156.2,0.993479,3.16,0.34,11.8,5,rose
7.5,0.287,0.37,1.12,0.082996,26.1,180.6,0.994769,3.08,0.5,9.9,6,rose
10.9,0.415,0.46,2.2,0.083092,7.8,33.9,0.997275,3.26,0.77,12.2,5,rose
7.3,0.17,0.3,13.88,0.057767,31.8,173.6,0.998679,2.91,0.42,8.8,7,rose
7.4,0.767,0.08,1.34,0.082528,11.4,53.0,0.99473,3.12,0.47,10.1,6,rose
6.3,0.406,0.02,5.91,0.048047,21.4,73.0,0.993481,3.19,0.42,9.8,6,rose
7.5,0.251,0.4,8.34,0.056606,40.7,144.3,0.995446,3.06,0.47,10.4,7,rose
6.9,0.268,0.57,11.45,0.044561,63.3,227.4,0.997166,3.02,0.63,9.4,7,rose
7.0,0.295,0.23,2.04,0.044169,15.1,75.9,0.993331,3.17,0.39,9.6,6,rose
5.6,0.174,0.22,4.54,0.027382,30.4,101.1,0.99392,3.25,0.36,9.6,6,rose
6.8,0.432,0.3,12.14,0.092415,21.7,100.1,0.997283,3.1,0.46,9.5,6,rose
8.1,0.317,0.44,2.68,0.216503,4.6,16.2,0.993748,3.17,0.81,12.5,6,rose
5.7,0.179,0.23,14.01,0.046673,44.8,104.2,0.998495,2.98,0.65,8.8,5,rose
5.9,0.573,0.0,8.26,0.045341,35.5,97.4,0.991054,3.26,0.7,14.0,5,rose
6.1,0.257,0.23,2.22,0.046618,6.3,104.4,0.99252,3.05,0.53,8.9,6,rose
6.5,0.191,0.35,1.19,0.030714,39.2,119.0,0.989383,3.23,0.67,12.5,6,rose
7.9,0.172,0.52,1.21,0.04081,33.2,136.3,0.990277,3.15,0.39,12.1,5,rose
10.3,0.385,0.57,3.4,0.069692,4.0,6.0,0.996907,3.05,0.62,9.5,6,rose
6.5,0.274,0.32,5.02,0.139018,35.7,162.4,0.995373,3.21,0.39,9.3,6,rose
11.8,0.564,0.56,1.7,0.0707,5.9,22.8,0.997814,3.09,0.64,10.0,4,rose
7.3,0.191,0.36,17.27,0.049646,42.3,186.4,0.999829,3.02,0.42,9.2,6,rose
6.0,0.376,0.6,14.9,0.041438,42.6,111.2,0.998058,3.16,0.51,9.0,5,rose
9.9,0.546,0.27,1.48,0.113106,8.4,53.4,0.996494,2.95,1.0,10.2,7,rose
5.7,0.201,0.18,7.04,0.048886,36.2,111.5,0.994097,3.25,0.4,9.5,7,rose
6.5,0.301,0.48,15.6,0.057259,27.7,172.4,0.998932,3.17,0.55,9.1,5,rose
6.9,0.314,0.31,1.27,0.050983,21.7,122.6,0.992851,3.26,0.61,10.2,7,rose
7.5,0.272,0.24,11.54,0.051936,55.2,172.1,0.997106,3.1,0.6,9.8,6,rose
7.5,0.326,0.35,6.36,0.037009,12.1,127.0,0.992478,3.16,0.4,12.0,5,rose
6.6,0.297,0.31,7.39,0.049559,57.2,199.2,0.995812,3.23,0.38,9.4,7,rose
9.3,0.397,0.45,2.13,0.105767,35.5,125.7,0.997958,3.14,1.23,9.5,5,rose
7.9,0.881,0.04,2.29,0.059582,4.6,9.5,0.997088,3.37,0.33,9.0,5,rose
5.6,0.256,0.25,7.86,0.042371,19.3,108.3,0.994934,3.39,0.58,10.4,6,rose
8.6,0.534,0.24,1.98,0.094225,8.7,28.9,0.997487,3.24,0.61,9.2,6,rose
8.2,0.207,0.32,10.83,0.042183,62.4,202.3,0.99729,3.09,0.53,9.4,6,rose
10.5,0.417,0.49,3.05,0.065641,3.9,15.9,0.997183,3.2,0.85,11.3,6,rose
7.2,0.226,0.26,1.66,0.035562,17.8,102.8,0.992375,3.11,0.42,9.7,6,rose
7.0,0.461,0.01,2.06,0.069282,7.6,19.5,0.995202,3.38,0.57,11.0,6,rose
7.8,0.553,0.06,4.23,0.087162,27.9,66.1,0.996651,3.36,0.7,10.7,6,rose
7.3,0.196,0.26,7.03,0.046806,42.2,225.9,0.996261,3.38,0.56,10.2,5,rose
6.8,0.183,0.41,0.6,0.059298,39.3,106.9,0.992957,3.0,0.38,9.1,6,rose
7.4,0.422,0.22,15.08,0.047932,29.1,180.2,0.998898,3.15,0.5,9.5,4,rose
9.5,0.772,0.11,2.15,0.086664,30.3,71.2,0.999026,3.31,0.64,10.4,6,rose
7.2,0.182,0.27,4.51,0.033659,18.5,83.3,0.993668,2.9,0.77,11.4,5,rose
7.3,0.181,0.24,6.25,0.049627,37.6,241.5,0.99628,3.36,0.55,10.0,4,rose
6.6,0.555,0.02,2.38,0.11518,4.9,22.9,0.996416,3.36,0.69,9.7,6,rose
6.1,0.492,0.08,1.92,0.083706,17.9,28.1,0.993866,3.46,0.52,11.2,5,rose
6.8,0.284,0.4,18.93,0.043879,37.2,152.3,0.999488,2.93,0.46,9.0,5,rose
7.2,0.746,0.04,3.05,0.076444,16.6,30.9,0.997496,3.44,0.53,9.4,6,rose
8.1,0.219,0.75,4.63,0.046317,35.3,134.0,0.992569,3.25,0.42,12.4,5,rose
7.1,0.22,0.27,3.09,0.050858,19.6,94.2,0.993317,3.17,0.57,9.2,6,rose
7.3,0.447,0.63,11.77,0.048985,56.0,160.6,0.997679,3.1,0.45,8.7,5,rose
6.0,0.22,0.19,1.43,0.047205,50.4,134.9,0.991811,3.23,0.41,10.5,8,rose
6.0,0.35,0.06,1.49,0.071095,23.6,113.9,0.993731,3.25,0.53,9.3,6,rose
6.6,0.272,0.31,7.61,0.041309,6.4,79.7,0.992984,3.03,0.48,11.4,6,rose
8.0,0.774,0.0,1.97,0.086916,11.9,25.2,0.997463,3.35,0.44,9.4,5,rose
7.1,0.569,0.12,1.8,0.076452,25.4,43.8,0.996634,3.35,0.59,9.1,4,rose
6.8,0.534,0.24,3.03,0.081928,9.7,35.3,0.996652,3.44,0.51,10.8,5,rose
6.0,0.419,0.34,7.78,0.044091,23.5,114.6,0.992233,3.03,0.36,10.9,5,rose
8.1,0.209,0.38,9.65,0.054112,20.4,155.2,0.998162,3.31,0.46,9.8,6,rose
7.0,0.339,0.64,13.61,0.056809,14.9,109.2,0.997197,3.04,0.38,9.2,5,rose
7.1,0.365,0.28,2.22,0.08225,29.3,74.3,0.996843,3.46,0.48,9.4,6,rose
6.8,0.324,0.41,2.08,0.035535,32.0,106.2,0.98929,2.99,0.5,12.1,6,rose
6.6,0.201,0.21,4.84,0.092558,21.3,109.3,0.993797,3.06,0.45,9.5,6,rose
6.9,0.204,0.32,2.58,0.029822,41.8,132.0,0.989721,3.16,0.36,12.9,6,rose
6.2,0.241,0.5,1.85,0.054299,59.1,149.4,0.992696,3.09,0.61,9.7,7,rose
7.6,0.643,0.22,2.58,0.075934,34.2,131.6,0.995488,3.27,0.44,9.9,6,rose
7.6,0.559,0.22,2.39,0.076395,8.4,25.4,0.996597,3.29,0.56,9.6,6,rose
6.2,0.139,0.26,1.14,0.046231,37.4,169.9,0.992444,3.36,0.46,10.0,5,rose
9.1,0.232,0.34,2.64,0.072141,44.5,73.2,0.997565,3.44,0.87,10.2,6,rose
7.8,0.491,0.33,2.41,0.072727,17.0,26.7,0.99396,3.28,0.68,12.5,6,rose
5.9,0.255,0.42,15.54,0.056755,37.0,170.7,0.998212,3.16,0.51,9.2,5,rose
7.3,0.501,0.37,6.2,0.069521,16.2,107.5,0.997794,3.37,0.8,10.6,7,rose
4.7,0.333,0.17,1.27,0.051015,10.0,109.0,0.991686,3.48,0.43,10.7,6,rose
7.7,0.235,0.36,6.99,0.032143,41.1,152.4,0.993896,3.05,0.32,11.1,5,rose
7.8,0.29,0.34,5.18,0.029902,30.8,116.6,0.991869,3.09,0.44,12.2,7,rose
6.8,0.281,0.42,3.48,0.032528,42.0,107.7,0.990482,3.18,0.38,12.3,6,rose
8.7,0.372,0.26,11.14,0.039302,42.9,165.4,0.994818,3.02,0.5,12.2,7,rose
6.5,0.3,0.3,12.98,0.042051,55.4,158.8,0.99535,3.03,0.61,10.1,6,rose
6.9,0.408,0.13,2.71,0.086037,22.2,47.0,0.996692,3.46,0.63,9.7,6,rose
6.6,0.159,0.36,1.63,0.035083,21.9,76.7,0.991086,3.08,0.52,11.5,5,rose
7.7,0.164,0.42,1.63,0.048218,25.8,154.0,0.993102,3.2,0.55,10.2,5,rose
6.9,0.308,0.28,11.55,0.023494,21.2,96.4,0.993206,2.97,0.38,11.7,7,rose
7.4,0.234,0.34,13.0,0.065851,52.0,176.3,0.99716,3.02,0.5,8.9,6,rose
6.9,0.187,0.59,13.9,0.040093,50.0,155.5,0.997469,3.15,0.47,9.7,6,rose
6.2,0.39,0.25,6.62,0.033358,20.5,84.1,0.989488,3.05,0.27,13.4,6,rose
5.4,0.162,0.24,2.73,0.037929,10.1,111.2,0.992695,3.28,0.5,10.0,6,rose
7.8,0.4,0.31,2.83,0.039107,6.6,21.8,0.991098,3.19,0.38,11.9,5,rose
8.1,0.287,0.41,7.22,0.037837,39.0,176.9,0.995595,3.17,0.43,10.8,7,rose
7.4,0.241,0.27,1.34,0.057363,44.1,102.4,0.993141,3.3,0.43,9.9,5,rose
6.1,0.251,0.27,2.67,0.027686,53.0,122.3,0.989681,3.44,0.66,12.8,4,rose
6.9,0.37,0.34,8.17,0.02003,40.2,128.9,0.992201,3.2,0.47,12.1,4,rose
7.4,0.253,0.4,1.94,0.044044,31.8,102.6,0.991288,2.88,0.37,10.7,8,rose
5.6,0.286,0.3,1.24,0.045394,19.6,155.0,0.993671,3.8,0.42,10.2,5,rose
7.3,0.234,0.39,14.27,0.06288,47.4,194.5,0.997595,2.88,0.41,9.0,5,rose
6.0,0.273,0.26,2.87,0.037247,15.6,112.4,0.989959,3.24,0.43,12.5,6,rose
8.8,0.65,0.25,2.02,0.070921,4.7,21.6,0.997389,3.15,0.74,9.3,7,rose
6.1,0.336,0.2,1.75,0.027702,47.5,159.9,0.991807,3.39,0.54,11.1,5,rose
5.9,0.166,0.21,1.2,0.043388,23.3,118.2,0.991265,3.26,0.45,11.4,8,rose
6.9,0.326,0.27,5.63,0.036319,40.2,202.0,0.991351,3.18,0.66,12.6,6,rose
6.8,0.575,0.06,5.64,0.059157,12.4,15.2,0.996108,3.42,0.59,10.7,6,rose
6.1,0.256,0.31,7.19,0.044857,40.0,138.4,0.993551,3.44,0.58,11.0,5,rose
7.9,0.154,0.26,7.73,0.051913,19.8,101.1,0.995297,2.93,0.32,9.6,5,rose
6.9,0.119,0.38,0.9,0.033314,14.3,101.9,0.991012,3.23,0.6,11.4,6,rose
5.9,0.238,0.29,1.7,0.031524,39.3,74.3,0.989274,3.19,0.45,12.2,6,rose
6.9,0.309,0.22,7.45,0.044533,54.8,190.6,0.996074,3.21,0.48,9.4,6,rose
7.2,0.201,1.01,0.6,0.155061,46.4,116.4,0.992963,2.96,0.43,9.1,6,rose
8.6,0.186,0.43,1.2,0.043868,35.4,126.1,0.992615,3.13,0.5,11.4,6,rose
6.6,0.245,0.37,8.14,0.038108,55.4,177.1,0.995918,3.2,0.45,9.4,7,rose
8.2,0.37,0.57,15.69,0.051585,32.5,253.8,0.999793,2.95,0.62,8.6,5,rose
6.5,0.268,0.34,1.27,0.043375,24.2,178.5,0.991941,3.31,0.47,10.7,7,rose
7.1,0.265,0.29,15.13,0.044371,6.9,48.7,0.99653,3.16,0.4,11.0,5,rose
9.4,0.372,0.52,2.41,0.087446,10.1,53.0,0.996121,3.29,0.58,11.3,6,rose
10.4,0.276,0.54,2.82,0.101203,6.4,13.2,0.9991,3.23,0.64,9.7,6,rose
7.5,0.267,0.35,2.02,0.050726,4.2,7.4,0.995321,3.4,0.63,10.9,5,rose
7.7,0.161,0.27,15.19,0.05187,25.5,142.8,0.99784,2.88,0.42,8.8,5,rose
6.6,0.245,0.22,12.77,0.051459,34.9,151.0,0.996853,3.09,0.69,9.4,5,rose
6.1,0.214,0.33,14.25,0.043711,69.3,189.2,0.997285,3.36,0.53,10.4,6,rose
6.9,0.317,0.29,16.33,0.047297,17.7,142.1,0.998171,3.07,0.55,9.0,5,rose
7.8,0.325,0.24,1.69,0.035486,38.0,143.7,0.991329,3.08,0.44,11.7,6,rose
6.7,0.571,0.29,2.58,0.037195,15.6,73.8,0.993826,3.31,0.75,10.3,5,rose
6.9,0.205,0.74,1.42,0.045668,25.5,118.6,0.991596,3.12,0.41,10.8,5,rose
10.5,0.517,0.45,1.93,0.083954,4.2,13.6,0.997919,3.23,0.76,11.3,8,rose
5.2,0.312,0.29,1.74,0.025773,24.0,93.5,0.987652,3.3,0.41,13.5,6,rose
6.7,0.779,0.01,2.23,0.080576,16.9,32.3,0.99587,3.54,0.62,13.0,6,rose
7.3,1.186,0.0,4.48,0.096341,6.2,21.7,0.996472,3.61,0.54,10.6,5,rose
6.9,0.661,0.0,2.77,0.105474,23.1,36.9,0.997047,3.46,0.55,10.6,5,rose
7.0,0.446,0.17,1.76,0.07318,27.2,54.6,0.996128,3.35,0.63,10.5,5,rose
6.2,0.329,0.22,9.76,0.037682,29.6,108.0,0.995501,3.28,0.47,10.0,5,rose
10.5,0.396,0.65,2.82,0.114332,13.3,28.4,0.99697,3.23,0.78,11.6,7,rose
7.7,0.31,0.41,1.96,0.024056,19.9,120.1,0.991253,3.14,0.4,10.9,5,rose
6.7,0.286,0.26,1.23,0.031113,17.8,118.2,0.993339,3.13,0.36,9.3,5,rose
7.0,0.343,0.27,3.04,0.089687,32.8,62.7,0.997254,3.46,0.47,9.3,6,rose
6.3,0.189,0.38,11.62,0.047554,61.2,132.7,0.995663,3.19,0.35,10.9,6,rose
7.1,0.603,0.28,4.34,0.084217,11.5,66.3,0.99627,3.33,0.69,11.0,6,rose
7.1,0.113,0.44,1.48,0.0478,48.2,115.5,0.991358,2.97,0.46,11.2,5,rose
6.8,0.83,0.2,4.02,0.072246,16.1,62.9,0.998375,3.52,0.71,9.2,7,rose
6.0,0.213,0.31,8.41,0.03432,50.7,134.1,0.993401,3.15,0.37,10.5,6,rose
10.9,0.303,0.57,1.69,0.052197,8.7,23.5,0.997872,3.33,0.87,10.4,6,rose
6.0,0.277,0.3,8.2,0.030521,32.5,143.2,0.993192,3.22,0.45,11.1,6,rose
5.5,0.132,0.31,2.37,0.033695,9.8,56.4,0.988507,3.04,0.58,12.5,5,rose
6.9,0.175,0.72,17.6,0.039371,18.5,110.5,0.99797,2.88,0.51,9.6,7,rose
6.5,0.222,0.27,4.13,0.041576,11.8,98.9,0.991511,3.19,0.41,11.8,6,rose
6.5,0.171,0.32,3.55,0.028529,32.4,126.1,0.991178,3.05,0.48,10.5,6,rose
8.0,0.254,0.34,6.68,0.04008,20.7,63.6,0.99333,2.92,0.49,10.9,5,rose
6.0,0.24,0.25,2.09,0.042997,30.9,105.7,0.992091,3.39,0.5,10.6,6,rose
7.0,0.471,0.24,3.02,0.043442,24.5,80.2,0.988527,2.94,0.39,13.4,6,rose
7.0,0.285,0.29,0.81,0.036406,10.5,76.7,0.991909,3.21,0.63,11.0,6,rose
6.3,0.19,0.29,4.73,0.044695,46.1,191.8,0.993117,3.18,0.47,10.4,5,rose
12.6,0.404,0.55,3.06,0.102089,19.9,35.3,0.999248,3.19,0.76,11.3,6,rose
9.8,0.883,0.25,2.98,0.106776,34.2,157.2,1.001026,3.4,0.66,11.4,5,rose
5.8,0.152,0.36,1.3,0.044177,13.9,60.5,0.991553,3.22,0.5,10.6,6,rose
7.0,0.188,0.33,12.13,0.048323,32.6,128.3,0.996462,2.92,0.55,9.5,6,rose
8.1,0.22,0.48,19.74,0.051658,49.5,229.5,1.001282,2.99,0.54,9.1,4,rose
6.7,0.237,0.3,0.99,0.049699,26.7,61.9,0.991665,3.4,0.48,11.0,5,rose
7.6,0.344,0.47,13.42,0.035551,40.4,120.7,0.998691,3.04,0.51,9.2,5,rose
7.8,0.508,0.25,2.55,0.076337,19.6,40.8,0.997669,3.5,0.96,12.1,6,rose
7.1,0.439,0.36,3.3,0.039695,35.7,131.9,0.989553,3.06,0.43,13.4,6,rose
8.7,0.183,0.34,2.04,0.059544,52.5,77.5,0.996032,3.47,0.88,10.8,6,rose
8.3,0.339,0.58,15.05,0.05271,34.5,255.2,0.999882,2.9,0.63,8.7,4,rose
7.6,0.252,0.38,2.82,0.050182,23.5,129.3,0.991598,3.04,0.53,11.2,6,rose
8.8,0.463,0.39,1.55,0.070264,17.0,105.0,0.99531,3.27,0.55,10.0,8,rose
7.4,0.283,0.41,1.41,0.045864,10.6,121.5,0.993381,3.3,0.46,10.2,6,rose
6.9,0.321,0.17,7.63,0.044916,52.6,184.7,0.995906,3.13,0.45,8.9,5,rose
6.2,0.474,0.29,2.45,0.079727,32.6,94.5,0.99565,3.33,0.62,9.8,6,rose
7.6,0.373,0.46,13.35,0.038179,44.4,116.8,0.997966,3.05,0.5,9.1,6,rose
7.5,0.289,0.26,18.83,0.056871,34.5,174.0,0.999841,3.2,0.48,10.4,6,rose
7.5,0.291,0.28,1.7,0.050691,36.4,147.8,0.993082,3.31,0.58,10.4,6,rose
7.9,0.258,0.36,0.81,0.052834,14.0,135.1,0.993694,3.06,0.55,9.5,5,rose
9.5,0.614,0.49,2.91,0.077474,30.9,73.3,0.999545,3.49,0.57,10.0,7,rose
5.9,0.288,0.33,13.0,0.0472,63.8,232.7,0.997767,3.07,0.41,8.9,6,rose
6.0,0.26,0.25,1.69,0.037816,12.5,107.5,0.992541,3.06,0.55,9.1,5,rose
6.3,0.238,0.29,9.2,0.040062,28.5,108.2,0.995143,3.4,0.41,10.3,6,rose
7.3,0.19,1.66,1.97,0.020099,32.8,111.6,0.991674,3.24,0.54,12.3,6,rose
5.2,0.141,0.32,1.67,0.031122,12.7,52.6,0.990333,3.3,0.85,11.9,6,rose
8.2,0.641,0.1,1.85,0.073966,25.1,57.8,0.996334,3.28,0.74,11.0,5,rose
7.5,0.159,0.28,15.31,0.052679,27.5,132.3,0.998347,2.9,0.44,8.8,5,rose
6.9,0.441,0.22,15.21,0.041039,56.8,204.7,0.998538,3.08,0.53,9.4,6,rose
6.1,0.279,0.49,6.62,0.049526,59.1,218.3,0.99526,3.2,0.45,9.2,7,rose
13.3,0.383,0.55,3.09,0.080617,5.0,9.5,1.000684,2.99,0.53,9.4,6,rose
6.7,0.32,0.33,7.79,0.045356,66.0,205.1,0.994924,3.21,0.49,9.7,7,rose
7.7,0.497,0.25,1.83,0.088901,12.5,31.4,0.998436,3.44,0.66,9.0,6,rose
7.0,0.26,0.35,4.25,0.030709,36.3,135.0,0.992699,3.2,0.38,10.5,7,rose
6.7,0.291,0.33,2.17,0.030549,12.5,76.7,0.991063,3.3,0.66,12.5,6,rose
7.0,0.25,0.39,18.24,0.04497,52.0,182.6,0.999872,3.33,0.42,9.7,6,rose
9.4,0.385,0.49,3.02,0.083917,37.9,142.4,0.998165,3.23,0.54,9.4,4,rose
9.3,0.553,0.2,2.49,0.078734,10.2,27.5,0.995542,3.16,0.52,10.0,6,rose
7.7,0.338,0.36,12.13,0.064856,31.2,126.7,0.997622,3.16,0.41,9.5,6,rose
6.6,0.363,0.28,1.69,0.018205,25.3,77.4,0.98918,3.4,0.61,12.4,5,rose
9.0,0.468,0.32,2.7,0.084467,21.3,126.3,0.998582,3.33,0.6,9.4,6,rose
8.9,0.241,0.37,5.2,0.04472,49.8,155.0,0.994845,2.92,0.36,10.0,7,rose
6.3,0.321,0.49,6.42,0.047627,60.4,190.7,0.994363,3.19,0.44,9.5,5,rose
7.8,0.356,0.36,1.43,0.036662,11.7,123.0,0.993155,3.25,0.48,11.0,6,rose
6.0,0.257,0.29,12.26,0.039297,52.6,168.5,0.996976,3.27,0.43,9.3,4,rose
5.7,0.326,0.19,1.86,0.022229,18.9,122.1,0.989448,3.36,0.78,13.8,5,rose
7.9,0.522,0.36,2.46,0.077279,10.5,18.2,0.992485,3.19,0.72,13.2,8,rose
6.9,0.211,0.27,10.85,0.040266,30.1,112.1,0.993598,3.05,0.53,11.6,7,rose
6.8,0.13,0.26,8.24,0.049351,42.2,104.8,0.994169,3.19,0.37,9.7,6,rose
5.3,0.244,0.44,4.41,0.024796,20.6,122.2,0.992084,3.55,0.49,11.1,5,rose
5.9,0.405,0.12,2.24,0.054699,13.7,34.8,0.993766,3.61,0.68,12.4,6,rose
7.0,0.307,0.33,1.55,0.038934,27.2,128.9,0.994036,3.2,0.63,10.3,5,rose
6.7,0.233,0.38,2.82,0.04184,47.9,116.9,0.990325,3.27,0.43,12.0,8,rose
5.9,0.22,0.24,8.15,0.043216,17.0,110.2,0.994914,3.43,0.61,10.3,5,rose
6.7,0.272,0.48,7.91,0.048263,60.4,216.1,0.995638,3.17,0.43,9.4,7,rose
6.6,0.255,0.32,7.09,0.057985,36.2,100.1,0.992361,3.19,0.4,11.2,8,rose
4.4,0.463,0.09,2.43,0.023922,30.7,116.4,0.988081,3.49,0.34,13.0,6,rose
6.1,0.302,0.33,2.36,0.044957,30.1,126.2,0.989278,3.34,0.43,12.6,8,rose
8.4,0.195,0.26,8.98,0.034469,70.9,145.9,0.994301,3.05,0.36,11.5,7,rose
7.3,0.164,0.33,14.62,0.052364,33.2,104.3,0.997706,3.22,0.37,9.3,6,rose
7.9,0.437,0.51,12.4,0.031943,38.4,163.2,0.995718,3.17,0.36,11.3,6,rose
10.1,0.258,0.48,2.98,0.075593,10.1,27.4,0.997831,3.15,0.63,10.5,6,rose
8.6,0.195,0.42,1.65,0.038866,33.5,124.8,0.99294,3.13,0.52,11.4,6,rose
6.8,0.26,0.13,1.74,0.041882,85.4,168.0,0.992148,3.18,0.42,9.9,5,rose
6.9,0.811,0.0,1.16,0.262168,14.7,33.8,0.994317,3.33,0.52,9.9,6,rose
5.9,0.169,0.35,1.49,0.048443,94.6,173.7,0.990292,3.35,0.88,11.7,6,rose
6.9,0.51,0.0,1.98,0.079258,4.4,36.5,0.996055,3.33,0.56,9.4,7,rose
6.4,0.401,0.22,1.84,0.069183,7.4,15.4,0.995567,3.33,0.56,9.2,6,rose
7.1,0.321,0.29,4.41,0.027492,36.9,150.7,0.991567,3.37,0.52,12.4,6,rose
5.7,0.253,0.25,12.83,0.052411,44.2,146.9,0.997199,3.29,0.37,9.4,6,rose
7.5,0.35,0.23,1.97,0.016331,31.0,73.7,0.989236,2.94,0.36,12.4,5,rose
6.5,0.167,0.48,18.43,0.055789,54.6,182.3,1.000526,2.95,0.61,8.6,6,rose
5.9,0.254,0.27,0.6,0.037916,34.1,136.3,0.990809,3.47,0.42,11.1,5,rose
6.5,0.314,0.32,2.3,0.028195,13.4,62.7,0.990998,3.32,0.63,12.4,6,rose
7.6,0.31,0.51,12.97,0.066866,49.1,197.4,0.999288,3.24,0.53,9.1,6,rose
7.2,0.399,0.32,1.91,0.066671,35.1,55.0,0.997322,3.47,0.78,9.8,6,rose
5.8,0.293,0.28,19.35,0.04527,34.4,171.2,0.998802,3.14,0.51,8.9,8,rose
5.9,0.236,0.18,6.34,0.043066,29.7,119.8,0.994192,3.25,0.49,10.0,7,rose
6.8,0.249,0.22,12.38,0.057644,35.8,148.7,0.996433,3.09,0.68,9.4,5,rose
8.8,0.604,0.2,3.33,0.094369,34.7,64.0,0.997498,3.21,0.51,10.0,6,rose
6.4,0.535,0.1,3.65,0.125576,13.2,27.7,0.99657,3.5,0.67,10.9,6,rose
6.1,0.269,0.44,6.75,0.041742,60.9,231.6,0.994938,3.12,0.41,9.0,5,rose
5.7,0.123,0.29,4.34,0.031166,21.0,110.1,0.994828,3.35,0.44,9.2,6,rose
6.0,0.308,0.67,8.69,0.037851,24.6,162.2,0.996166,3.65,0.54,11.0,6,rose
6.2,0.145,0.34,1.86,0.034851,73.8,182.1,0.991217,3.21,0.42,11.1,6,rose
6.6,0.399,0.33,9.44,0.048274,27.1,144.7,0.996835,3.22,0.5,9.2,6,rose
7.6,0.339,0.36,1.89,0.030476,25.6,165.4,0.993827,3.4,0.49,10.5,5,rose
6.9,0.174,0.38,5.94,0.040194,20.9,105.2,0.994687,3.08,0.43,10.3,6,rose
9.0,0.353,0.33,1.56,0.044924,9.9,203.9,0.995151,3.19,0.48,9.5,6,rose
6.4,0.181,0.39,1.13,0.030374,58.0,151.9,0.991725,3.45,0.53,11.3,3,rose
5.9,0.226,0.29,3.85,0.035425,67.4,147.1,0.992149,3.15,0.73,10.8,6,rose
7.2,0.462,0.37,2.88,0.045413,34.2,132.5,0.989796,3.07,0.44,13.6,4,rose
7.9,0.604,0.32,2.64,0.09285,17.0,45.2,0.997355,3.29,0.57,10.8,7,rose
7.4,0.226,0.27,0.82,0.046073,42.7,140.4,0.993369,3.42,0.52,10.4,7,rose
7.5,0.202,0.3,1.17,0.047779,36.3,117.1,0.99091,3.14,0.45,11.1,7,rose
8.2,0.215,0.35,0.6,0.040984,19.4,118.8,0.992919,2.99,0.47,10.2,6,rose
6.3,0.294,0.61,13.41,0.05291,31.8,123.0,0.997504,3.07,0.52,9.2,6,rose
6.2,0.213,0.29,13.16,0.047922,58.0,137.6,0.997817,3.28,0.47,9.0,5,rose
7.3,0.561,0.2,9.62,0.072066,23.0,174.0,0.996775,3.02,0.53,9.2,5,rose
6.8,0.178,0.41,13.77,0.040128,83.2,161.3,0.998554,3.16,0.51,9.4,7,rose
6.8,0.178,0.38,1.05,0.025937,37.0,89.6,0.991787,3.28,0.44,10.8,6,rose
9.4,0.26,0.42,1.98,0.089526,5.5,18.5,0.997788,3.26,0.73,9.7,6,rose
5.7,0.338,0.3,3.97,0.035108,56.8,137.2,0.989991,3.11,0.34,12.0,4,rose
6.1,0.2,0.37,17.01,0.032435,36.6,129.8,0.999718,3.23,0.42,8.8,5,rose
6.8,0.265,0.21,7.7,0.044692,52.9,196.8,0.995577,3.27,0.4,10.3,6,rose
6.9,0.306,0.26,3.21,0.043896,27.5,119.7,0.994014,3.18,0.49,9.3,7,rose
6.9,0.351,0.32,7.09,0.036702,30.2,135.3,0.992157,3.1,0.57,12.2,6,rose
6.9,0.312,0.62,7.23,0.038286,44.9,127.2,0.991361,3.22,0.44,13.4,6,rose
7.2,0.589,0.02,3.05,0.074731,8.6,19.8,0.995768,3.33,0.53,10.0,6,rose
6.1,0.255,0.19,3.95,0.048665,46.8,174.4,0.992493,3.14,0.45,10.3,6,rose
6.8,0.149,0.33,1.77,0.05124,40.0,119.7,0.991233,3.07,0.73,11.1,6,rose
8.5,0.494,0.29,2.33,0.057046,18.0,33.4,0.99528,3.17,0.84,10.9,6,rose
6.2,0.303,0.22,16.26,0.049309,36.8,177.0,0.999323,3.25,0.53,9.2,4,rose
7.1,0.15,0.24,8.82,0.121115,32.2,156.9,0.995192,3.19,0.4,10.5,6,rose
6.3,0.391,0.17,1.9,0.068304,12.0,23.3,0.995648,3.41,0.74,10.2,6,rose
5.9,0.303,0.33,7.04,0.035554,54.3,202.6,0.995369,3.27,0.4,9.7,6,rose
5.4,0.47,0.14,2.68,0.0251,29.5,126.1,0.989964,3.41,0.77,13.3,6,rose
5.8,0.264,0.26,2.88,0.049888,31.0,154.8,0.991402,3.52,0.43,12.4,6,rose
6.2,0.305,0.31,1.94,0.038016,33.0,124.3,0.989962,3.06,0.45,11.7,7,rose
7.7,0.978,0.2,1.18,0.04394,16.5,64.8,0.99517,3.35,0.44,10.8,5,rose
5.7,0.118,0.28,2.07,0.039606,37.6,77.8,0.991082,3.31,0.41,10.8,6,rose
7.7,0.682,0.49,2.06,0.112483,17.4,113.2,0.996882,3.22,0.72,9.2,6,rose
7.1,0.321,0.22,1.03,0.042495,42.9,170.8,0.992835,3.13,0.47,9.9,6,rose
6.7,0.399,0.35,9.18,0.049218,26.6,148.4,0.996567,3.25,0.53,9.1,6,rose
6.8,0.585,0.07,2.27,0.065677,37.2,50.6,0.995761,3.4,0.67,9.7,7,rose
7.5,0.329,0.47,1.33,0.033739,44.9,108.3,0.990827,3.08,0.47,12.6,6,rose
7.0,0.259,0.35,4.96,0.040644,42.7,161.6,0.993616,3.2,0.6,10.7,5,rose
8.8,0.359,0.46,1.85,0.040217,5.5,119.7,0.995385,3.2,0.47,9.9,5,rose
6.7,0.654,0.0,2.47,0.079068,8.9,11.3,0.994749,3.35,0.63,10.4,6,rose
8.7,0.505,0.35,2.36,0.087894,25.8,125.4,0.997958,3.27,0.62,9.5,6,rose
7.4,0.342,0.29,3.77,0.029268,46.7,97.0,0.989841,3.2,0.5,13.0,5,rose
6.5,0.363,0.5,7.93,0.050382,49.9,204.9,0.99511,3.19,0.5,9.6,7,rose
7.3,0.22,0.39,14.52,0.072474,51.3,193.3,0.998346,2.9,0.39,9.1,6,rose
9.3,0.29,0.35,10.74,0.044246,48.0,227.9,0.997417,3.03,0.4,10.6,6,rose
9.0,0.785,0.21,2.22,0.077691,13.2,48.0,0.997541,3.18,0.51,9.4,6,rose
7.7,0.276,0.26,1.8,0.042927,30.8,153.8,0.992923,3.26,0.55,10.5,5,rose
7.2,0.192,0.37,15.95,0.04369,69.4,182.0,0.999009,3.24,0.75,9.7,7,rose
5.6,0.239,0.26,9.86,0.036357,9.8,66.6,0.994506,3.31,0.32,10.4,7,rose
7.9,0.537,0.2,1.76,0.103616,11.2,47.6,0.996347,3.19,0.93,9.6,8,rose
6.6,0.299,0.24,8.19,0.035959,22.3,130.0,0.993471,3.06,0.37,10.9,6,rose
7.0,0.159,0.37,1.71,0.048521,22.5,176.8,0.992593,3.27,0.62,10.8,6,rose
5.9,0.248,0.67,1.49,0.080404,18.5,141.3,0.99279,3.22,0.44,9.5,5,rose
7.4,0.743,0.01,1.84,0.084738,5.8,13.4,0.996661,3.3,0.5,9.8,6,rose
7.6,0.163,0.46,11.53,0.045353,64.2,153.3,0.997114,3.15,0.45,10.1,5,rose
7.0,0.219,0.39,15.0,0.059811,52.6,188.2,0.998047,2.97,0.47,9.0,6,rose
6.4,0.255,0.34,4.46,0.037197,42.9,152.5,0.992133,3.16,0.38,11.0,5,rose
9.4,0.487,0.36,1.67,0.081515,5.3,12.8,0.99697,3.29,0.79,10.8,5,rose
9.0,0.814,0.15,2.79,0.087685,9.0,19.1,0.998219,3.39,0.64,9.8,6,rose
6.5,0.212,0.45,10.93,0.044687,53.3,157.3,0.997235,3.53,0.76,10.4,7,rose
6.3,0.247,0.49,7.07,0.054727,40.1,142.0,0.995126,3.26,0.52,10.1,5,rose
9.2,0.339,0.55,16.86,0.058743,46.6,240.1,1.001904,3.1,0.6,8.9,6,rose
5.7,0.179,0.2,7.11,0.048049,37.4,108.0,0.994455,3.24,0.4,9.4,5,rose
7.0,0.26,0.32,6.68,0.046671,46.7,191.2,0.993889,3.24,0.4,11.4,5,rose
7.4,0.237,0.31,13.48,0.049575,27.9,183.9,0.998641,3.05,0.52,9.1,8,rose
7.2,0.384,0.35,12.26,0.038835,28.0,73.7,0.994254,3.17,0.28,11.5,6,rose
7.3,0.226,0.44,7.96,0.046189,25.5,152.1,0.99614,3.18,0.57,9.1,6,rose
7.0,0.272,0.18,1.5,0.055766,14.6,136.5,0.993688,3.11,0.43,9.4,7,rose
6.4,0.232,0.39,1.79,0.039736,40.1,98.5,0.98982,3.19,0.44,12.0,7,rose
6.0,0.174,0.42,15.15,0.032576,28.8,117.4,0.996343,2.87,0.45,9.6,7,rose
9.8,0.313,0.47,2.75,0.083358,12.1,26.3,0.999636,3.37,0.78,10.3,6,rose
7.0,0.214,0.5,7.03,0.065098,50.1,165.7,0.995659,3.57,0.49,10.3,6,rose
7.5,0.417,0.15,10.97,0.044363,18.1,97.8,0.995635,3.23,0.35,10.7,6,rose
6.1,0.142,0.3,0.6,0.035655,75.0,189.1,0.99092,3.22,0.41,11.0,6,rose
7.1,0.703,0.02,2.35,0.072304,20.3,46.6,0.996237,3.29,0.44,9.5,6,rose
7.6,0.108,0.73,2.3,0.04071,25.2,105.5,0.99159,3.09,0.4,10.8,6,rose
7.6,0.591,0.08,5.06,0.085419,6.3,29.7,0.997876,3.39,0.51,8.9,6,rose
8.0,0.203,0.26,8.78,0.04675,37.8,126.7,0.99732,3.24,0.53,10.3,5,rose
7.3,0.218,0.35,1.26,0.032157,46.2,113.3,0.992303,3.31,0.48,10.8,6,rose
7.3,0.184,0.37,1.92,0.058763,19.4,67.6,0.993432,3.51,0.89,10.7,6,rose
12.6,0.337,0.48,3.52,0.07895,26.2,65.4,0.999144,3.13,0.73,10.4,5,rose
6.0,0.312,0.27,5.35,0.052441,16.0,119.9,0.994666,3.16,0.39,9.4,5,rose
8.0,0.289,0.57,11.41,0.033391,44.0,143.1,0.997818,3.02,0.42,9.0,6,rose
6.1,0.226,0.22,8.12,0.059853,47.9,149.5,0.99546,3.22,0.52,9.2,6,rose
6.8,0.622,0.11,3.75,0.101405,15.2,117.6,0.997234,3.29,0.63,9.7,5,rose
5.0,0.39,0.26,2.02,0.061035,14.3,49.0,0.991661,3.73,0.74,14.0,5,rose
7.0,0.249,0.35,9.19,0.035108,43.9,142.4,0.995032,3.2,0.38,11.4,5,rose
10.0,0.63,0.24,1.57,0.070984,6.4,42.0,0.997632,3.11,0.59,9.5,6,rose
8.1,0.214,0.38,11.83,0.055392,53.0,168.9,1.000732,3.33,0.81,8.8,5,rose
7.3,0.22,0.35,13.89,0.057989,56.6,196.5,0.998204,3.09,0.47,9.1,6,rose
5.6,0.102,0.27,1.95,0.043642,21.6,106.0,0.992662,3.26,0.47,9.5,5,rose
7.2,0.412,0.3,2.05,0.07887,35.2,71.9,0.997136,3.44,0.52,9.4,6,rose
8.1,0.253,0.3,5.16,0.047672,35.8,142.3,0.994138,3.12,0.48,9.9,5,rose
6.4,0.438,0.48,7.41,0.054975,21.0,185.4,0.995488,3.12,0.37,9.1,6,rose
6.5,0.23,0.32,0.91,0.038263,22.2,125.0,0.990288,3.25,0.37,11.9,5,rose
6.2,0.374,0.31,0.66,0.049685,29.8,214.8,0.992355,3.28,0.73,9.8,5,rose
7.1,0.315,0.35,14.97,0.04315,44.8,150.1,0.995439,3.39,0.51,12.5,6,rose
5.9,0.217,0.33,2.08,0.035913,36.3,109.6,0.989225,3.25,0.57,12.3,5,rose
5.9,0.25,0.25,2.21,0.041604,7.8,103.9,0.992437,3.07,0.52,9.1,7,rose
6.5,0.277,0.22,2.86,0.025785,50.8,126.8,0.990756,3.23,0.36,11.2,5,rose
6.2,0.162,0.27,2.41,0.028806,23.1,100.2,0.990535,3.18,0.37,11.2,5,rose
6.3,0.171,0.49,0.6,0.036372,16.6,44.5,0.993319,3.28,0.71,9.4,5,rose
6.5,0.28,0.34,9.43,0.032879,31.5,134.7,0.995377,3.13,0.43,10.0,7,rose
5.9,0.379,0.27,3.84,0.038433,37.7,105.2,0.988878,3.17,0.48,13.7,7,rose
6.2,0.219,0.29,1.97,0.041096,36.8,104.5,0.990047,3.16,0.37,11.7,6,rose
5.2,0.36,0.01,1.95,0.030487,23.4,95.1,0.989614,3.43,0.33,12.2,6,rose
7.4,0.38,0.42,2.44,0.08392,18.4,75.2,0.997077,3.32,0.69,9.6,6,rose
9.9,0.405,0.42,1.34,0.067038,5.2,8.7,0.9949,3.2,0.45,11.4,5,rose
7.4,0.278,0.34,1.62,0.056508,30.3,153.3,0.991557,3.16,0.46,10.8,5,rose
6.9,0.318,0.27,5.33,0.027207,44.1,142.9,0.992164,3.28,0.42,11.2,6,rose
7.3,0.263,0.29,10.78,0.038096,59.7,224.0,0.997304,3.13,0.5,9.1,6,rose
6.8,0.314,0.32,8.14,0.030104,31.9,108.6,0.991498,3.02,0.33,12.3,5,rose
7.3,0.341,0.34,0.6,0.053883,7.6,157.3,0.992497,3.24,0.39,10.8,7,rose
8.8,0.522,0.38,1.79,0.09348,4.9,17.1,0.996798,3.21,0.52,9.4,6,rose
7.9,0.199,0.37,2.18,0.055873,20.0,146.6,0.991743,3.05,0.53,11.0,5,rose
7.4,0.329,0.39,6.14,0.037045,32.0,126.2,0.992212,3.02,0.31,11.8,6,rose
6.6,0.555,0.2,15.82,0.054703,40.4,181.2,0.998527,3.36,0.54,10.4,7,rose
8.0,0.512,0.02,1.34,0.074621,2.4,11.3,0.995006,3.14,0.47,10.0,7,rose
8.2,0.337,0.39,3.02,0.074978,29.6,52.0,0.995095,3.31,0.88,12.3,6,rose
9.5,0.373,0.52,2.16,0.078777,5.6,27.7,0.99818,3.18,0.5,9.8,5,rose
8.3,0.209,0.5,1.17,0.036578,33.6,165.2,0.993793,3.05,0.37,10.1,6,rose
7.1,0.321,0.2,1.44,0.041911,41.7,169.1,0.99271,3.16,0.47,9.9,6,rose
6.8,0.322,0.26,2.21,0.040724,59.5,145.1,0.989823,2.99,0.48,12.3,6,rose
7.3,0.321,0.25,15.59,0.045959,65.0,212.0,0.999764,3.08,0.66,9.4,5,rose
6.6,0.365,0.24,2.49,0.062291,22.2,111.9,0.994096,3.3,0.53,9.5,5,rose
6.5,0.445,0.3,0.83,0.057438,6.0,111.9,0.993963,3.25,0.51,9.1,5,rose
6.4,0.266,0.08,11.42,0.047389,36.2,125.9,0.995671,2.94,0.63,9.5,7,rose
9.1,0.317,0.41,1.95,0.06752,12.3,25.4,0.995423,3.29,0.84,11.6,6,rose
8.7,0.208,0.42,1.41,0.04421,33.2,125.4,0.992191,3.11,0.49,11.4,7,rose
6.4,0.409,0.22,4.71,0.058619,47.4,141.5,0.994657,3.15,0.63,9.4,7,rose
6.1,0.265,0.48,6.6,0.045592,62.7,215.9,0.995,3.19,0.47,9.3,5,rose
7.1,0.267,0.31,2.11,0.032775,13.8,126.4,0.9919,3.19,0.5,11.4,6,rose
6.6,0.181,0.31,11.21,0.036195,40.7,145.0,0.995532,3.09,0.48,9.8,5,rose
6.6,0.245,0.21,18.13,0.053157,21.0,139.9,0.99898,3.05,0.47,9.2,6,rose
6.9,0.259,0.33,15.13,0.055387,43.8,168.1,0.997008,3.22,0.52,10.3,7,rose
5.8,0.286,0.3,4.19,0.025089,36.2,109.5,0.989193,3.26,0.58,12.6,5,rose
7.3,0.237,0.44,1.74,0.035916,52.6,161.4,0.991325,3.29,0.37,12.1,4,rose
5.0,0.271,0.3,4.37,0.030521,57.2,171.9,0.989481,3.46,0.29,12.8,6,rose
5.6,0.184,0.19,6.95,0.044908,34.7,104.8,0.994161,3.26,0.4,9.5,7,rose
6.2,0.4,0.35,4.68,0.02669,28.1,104.0,0.991301,3.31,0.37,12.7,6,rose
8.5,0.75,0.1,2.28,0.09631,18.9,61.9,0.996575,3.19,0.83,9.4,7,rose
6.4,0.293,0.18,14.74,0.045837,21.7,117.9,0.997128,3.12,0.51,9.2,7,rose
6.0,0.343,0.21,4.75,0.036409,18.7,126.7,0.993767,3.03,0.55,9.3,6,rose
7.6,0.185,0.3,12.51,0.055597,46.4,208.1,0.99791,3.15,0.48,8.9,6,rose
4.9,0.331,0.14,1.76,0.042574,68.5,174.6,0.992141,3.46,0.46,10.5,8,rose
6.7,0.401,0.01,2.96,0.045315,39.6,139.9,0.994223,3.22,0.35,9.6,6,rose
5.5,0.279,0.29,7.92,0.050761,25.1,96.6,0.994444,3.2,0.36,10.3,7,rose
5.3,0.388,0.07,1.37,0.03764,27.6,97.4,0.991876,3.51,0.39,10.6,6,rose
8.7,0.283,0.53,2.13,0.112128,10.1,37.6,0.997073,3.27,0.58,9.4,5,rose
7.1,0.37,0.24,6.16,0.01273,12.9,83.3,0.98933,2.83,0.6,13.1,6,rose
6.5,0.363,0.35,5.96,0.185137,53.9,153.1,0.995223,3.16,0.42,9.3,5,rose
7.5,0.257,0.34,4.67,0.046094,17.8,56.8,0.990708,3.05,0.47,12.3,4,rose
5.5,0.608,0.02,1.15,0.085751,16.1,62.4,0.994261,3.56,0.53,9.7,6,rose
7.6,0.272,0.69,8.17,0.034713,53.1,162.6,0.996639,2.91,0.4,8.9,6,rose
6.6,0.204,0.42,8.77,0.04774,47.8,160.3,0.995615,3.12,0.57,9.8,5,rose
6.9,0.227,0.39,14.69,0.053018,58.5,181.7,0.999366,3.38,0.85,9.5,3,rose
7.5,0.15,0.28,0.76,0.031138,23.8,88.0,0.992573,3.54,0.39,10.6,6,rose
6.4,0.179,0.34,9.42,0.042263,36.6,199.3,0.994804,3.17,0.44,10.2,5,rose
6.8,0.177,0.37,7.9,0.024232,21.9,79.8,0.993531,3.12,0.65,10.8,6,rose
5.7,0.17,0.22,4.64,0.026337,27.5,108.4,0.993813,3.26,0.37,9.5,6,rose
8.1,0.264,0.34,10.28,0.046631,29.9,116.8,0.997321,3.18,0.47,10.1,6,rose
6.6,0.227,0.35,5.14,0.031684,28.7,97.3,0.992131,3.22,0.47,11.8,6,rose
9.3,0.392,0.4,3.21,0.070465,10.5,22.5,0.998339,3.33,0.76,10.1,7,rose
6.0,0.373,0.01,1.37,0.038852,7.9,54.6,0.991406,3.4,0.4,11.1,6,rose
7.6,0.343,0.37,1.35,0.02943,28.5,168.2,0.994881,3.41,0.47,10.2,5,rose
5.9,0.319,0.24,2.3,0.071022,21.4,58.3,0.996096,3.41,0.95,10.6,5,rose
6.3,0.163,0.22,15.2,0.055057,9.9,116.9,0.997703,3.18,0.52,9.6,6,rose
8.7,0.628,0.24,2.45,0.082912,7.4,31.6,0.998642,3.28,0.62,10.0,5,rose
5.6,0.418,0.31,6.0,0.044597,23.0,96.4,0.991368,3.54,0.59,12.4,5,rose
7.1,0.217,0.48,1.54,0.041408,8.6,21.1,0.993457,3.4,0.56,12.4,5,rose
6.4,0.19,0.21,1.96,0.046777,42.0,159.6,0.992293,3.19,0.5,10.1,6,rose
5.1,0.152,0.33,1.15,0.027875,14.3,59.2,0.989686,3.31,0.84,11.9,5,rose
8.1,0.276,0.5,5.56,0.044642,16.5,104.9,0.994155,3.12,0.34,10.2,5,rose
7.6,0.193,0.26,4.89,0.029593,25.3,81.2,0.990365,2.97,0.49,12.2,7,rose
6.0,0.336,0.29,1.71,0.030179,37.3,149.2,0.988868,3.4,0.41,12.8,3,rose
7.6,0.324,0.4,13.92,0.041974,43.6,196.8,0.998561,3.17,0.61,9.1,6,rose
5.6,0.389,0.24,4.99,0.030999,49.8,104.0,0.989949,3.25,0.58,13.2,6,rose
6.7,0.268,0.1,1.22,0.041141,90.4,168.2,0.992016,3.16,0.39,10.1,5,rose
7.0,0.508,0.24,1.36,0.066213,2.6,20.3,0.996299,3.23,0.61,9.2,5,rose
6.3,0.289,0.38,7.53,0.048445,36.0,196.5,0.995827,3.13,0.38,9.0,6,rose
5.5,0.417,0.21,1.4,0.05003,30.9,109.7,0.991363,3.29,0.53,11.3,6,rose
8.0,0.346,0.27,1.5,0.044235,22.3,99.4,0.993669,3.2,0.53,10.6,4,rose
6.9,0.288,0.37,1.54,0.037563,32.7,121.7,0.990081,3.25,0.48,12.3,6,rose
7.1,0.158,0.71,0.73,0.135313,60.1,151.7,0.993658,3.07,0.29,9.2,6,rose
6.9,0.581,0.0,2.76,0.077602,21.2,41.8,0.995399,3.41,0.5,10.9,5,rose
6.9,0.285,0.25,1.09,0.072772,23.1,147.0,0.993119,3.09,0.52,10.0,5,rose
6.0,0.377,0.16,3.76,0.055494,26.3,114.4,0.993203,3.05,0.32,9.2,6,rose
8.3,0.31,0.39,1.59,0.074763,17.4,48.1,0.994759,3.31,0.79,12.5,8,rose
7.3,0.317,0.36,1.23,0.048364,7.2,157.6,0.992222,3.23,0.42,10.8,5,rose
7.4,0.174,0.3,10.23,0.045509,44.7,171.6,0.996802,3.12,0.56,9.6,5,rose
6.8,0.429,0.22,1.26,0.078038,16.0,38.9,0.994701,3.38,0.61,10.5,6,rose
7.3,0.201,0.38,13.0,0.055009,71.1,167.5,1.00006,3.42,0.35,9.2,7,rose
9.3,0.439,0.39,2.36,0.063333,12.2,30.3,0.998807,3.25,0.66,10.2,6,rose
7.8,0.268,0.23,2.56,0.039565,28.1,169.9,0.993105,3.29,0.57,10.5,5,rose
6.6,0.28,0.43,3.5,0.191741,74.9,187.1,0.994445,3.02,0.36,9.0,7,rose
6.1,0.324,0.36,3.03,0.038188,62.1,162.1,0.99172,3.29,0.47,10.9,6,rose
7.6,0.21,0.68,10.67,0.045586,38.8,130.3,0.997989,2.99,0.36,8.8,7,rose
7.4,0.275,0.39,19.13,0.056993,44.2,170.3,0.999905,2.98,0.48,9.2,5,rose
6.8,0.401,0.41,3.41,0.075,22.0,59.4,0.995525,3.41,1.16,10.7,5,rose
7.5,0.324,0.5,1.61,0.029327,42.8,105.5,0.990959,3.06,0.46,12.6,5,rose
7.8,0.237,0.28,1.49,0.050454,18.5,83.3,0.993733,3.08,0.45,9.2,7,rose
4.9,0.214,0.36,0.83,0.031609,48.4,164.6,0.987936,3.32,0.31,13.1,5,rose
7.1,0.501,0.0,0.84,0.03623,43.9,109.6,0.993362,3.19,0.32,9.3,5,rose
6.4,0.323,0.25,6.04,0.057474,23.4,138.7,0.995288,3.32,0.49,10.0,5,rose
8.6,0.143,0.29,2.4,0.042738,28.4,130.8,0.994303,3.21,0.41,9.9,6,rose
7.1,0.611,0.07,2.59,0.076506,15.4,86.6,0.99779,3.49,0.53,9.8,6,rose
6.4,0.23,0.28,1.27,0.03305,28.9,87.6,0.989089,3.24,0.33,12.2,5,rose
6.4,0.275,0.43,6.8,0.040705,61.5,221.4,0.995355,3.11,0.44,9.5,5,rose
8.2,0.201,0.51,1.94,0.073131,43.7,86.5,0.995142,3.36,0.75,11.9,8,rose
8.0,0.599,0.21,2.47,0.075694,23.3,90.7,0.9971,3.21,0.59,9.5,4,rose
7.1,0.291,0.53,1.42,0.027373,3.8,58.6,0.991318,3.09,0.44,10.3,5,rose
6.5,0.267,0.3,7.05,0.054594,57.4,207.6,0.995825,3.22,0.4,9.3,5,rose
10.8,0.393,0.47,1.79,0.116793,4.6,20.7,0.998014,3.29,0.75,10.0,5,rose
6.4,0.657,0.1,1.98,0.043494,19.5,43.0,0.994432,3.46,0.5,11.4,6,rose
6.3,0.541,0.44,11.93,0.047309,26.8,186.6,0.997665,3.14,0.49,9.4,6,rose
9.8,0.368,0.47,10.39,0.036475,4.1,79.6,0.995845,2.9,0.31,10.0,6,rose
6.5,0.192,0.23,6.73,0.044161,35.9,114.7,0.994801,3.34,0.43,9.5,7,rose
7.0,0.539,0.0,1.75,0.08023,41.7,54.3,0.995623,3.41,0.83,11.5,5,rose
7.8,0.589,0.18,1.87,0.080702,17.2,107.6,0.995802,3.34,0.54,9.6,6,rose
6.6,0.822,0.04,7.98,0.074402,8.2,11.6,0.996457,3.52,0.5,12.4,6,rose
7.5,0.255,0.58,8.01,0.039987,62.3,177.8,0.996492,3.08,0.38,9.1,6,rose
7.9,0.235,0.36,1.7,0.044241,25.3,59.5,0.997262,3.42,0.71,12.0,5,rose
7.8,0.427,0.31,1.73,0.160179,2.1,44.2,0.997156,3.31,0.9,9.3,5,rose
5.9,0.195,0.29,0.92,0.036701,26.7,92.3,0.991399,3.29,0.55,10.6,6,rose
7.3,0.394,0.23,6.84,0.057024,40.6,167.0,0.994831,3.2,0.42,9.9,6,rose
7.5,0.263,0.29,4.73,0.026966,27.0,95.8,0.991049,3.15,0.38,12.1,7,rose
5.6,0.182,0.31,1.61,0.034763,16.3,84.9,0.992517,3.32,0.58,10.3,6,rose
6.4,0.225,0.37,1.15,0.032885,25.6,110.2,0.99261,3.29,0.55,9.6,7,rose
8.2,0.312,0.49,3.67,0.092407,10.8,25.9,0.994952,3.27,0.66,12.2,7,rose
7.7,0.247,0.34,10.1,0.034363,27.9,146.0,0.996527,3.08,0.49,9.6,7,rose
6.1,0.385,0.11,1.6,0.05502,38.3,134.2,0.992279,3.23,0.48,10.1,4,rose
9.8,0.336,0.36,1.85,0.056838,32.3,44.2,0.996636,3.27,0.82,10.6,6,rose
6.0,0.279,0.17,2.01,0.053248,33.5,126.9,0.993616,3.12,0.46,8.7,7,rose
6.0,0.285,0.22,2.4,0.035888,30.6,110.0,0.989607,3.38,0.44,12.5,6,rose
7.4,0.149,0.41,1.78,0.045001,27.5,150.1,0.994063,3.19,0.55,10.1,5,rose
6.7,0.306,0.19,7.38,0.044828,56.6,207.5,0.995765,3.18,0.45,9.3,7,rose
6.0,0.394,0.19,12.41,0.045931,65.5,235.0,0.997532,3.14,0.37,8.9,5,rose
6.7,0.682,0.29,12.94,0.290931,22.0,189.3,0.998393,3.09,0.67,9.0,6,rose
7.4,0.224,0.66,11.28,0.045591,36.1,140.7,0.998081,2.94,0.39,8.7,6,rose
7.6,0.276,0.21,9.63,0.052156,44.0,212.3,0.996826,3.08,0.6,9.2,6,rose
6.6,0.221,0.38,17.41,0.055849,23.6,113.2,0.998764,3.11,0.49,9.1,5,rose
6.8,0.305,0.31,1.32,0.022207,29.7,102.0,0.990577,3.24,0.43,12.4,6,rose
7.7,0.528,0.12,2.78,0.072086,11.2,60.3,0.997302,3.35,0.55,9.1,3,rose
6.0,0.341,0.3,3.96,0.03427,56.3,139.0,0.989925,3.08,0.33,11.9,5,rose
8.6,0.223,0.29,8.6,0.021383,16.0,113.2,0.994439,2.98,0.34,10.6,5,rose
7.2,0.429,0.59,11.65,0.043708,57.0,160.0,0.997668,3.12,0.45,8.7,6,rose
6.5,0.221,0.27,7.94,0.053782,45.3,185.8,0.995193,3.1,0.49,9.4,6,rose
7.0,0.196,0.31,2.28,0.060707,29.2,174.5,0.991307,3.33,0.45,11.8,5,rose
5.8,0.318,0.49,2.88,0.046028,19.2,154.2,0.992539,3.24,0.62,10.0,5,rose
7.6,0.31,0.55,16.73,0.051812,43.4,157.9,0.99986,3.14,0.55,9.3,5,rose
8.2,0.234,0.3,1.74,0.049414,23.8,103.8,0.993873,2.97,0.5,10.0,6,rose
7.1,0.239,0.33,16.82,0.058495,51.1,157.1,0.99993,3.37,0.4,9.6,5,rose
6.6,0.084,0.33,1.04,0.034284,14.8,104.0,0.992978,3.28,0.59,9.5,6,rose
8.9,0.334,0.37,1.84,0.034569,18.9,123.0,0.992068,2.95,0.99,12.8,5,rose
8.1,0.562,0.16,7.99,0.040352,13.7,57.1,0.995624,3.11,0.29,9.5,8,rose
6.3,0.384,0.25,13.43,0.046918,54.6,199.1,0.997848,3.27,0.47,9.2,7,rose
6.6,0.201,0.3,0.61,0.027028,15.8,83.1,0.990894,3.11,0.43,10.8,5,rose
6.9,0.536,0.25,1.62,0.068857,1.4,21.4,0.996383,3.26,0.64,9.2,7,rose
7.0,0.132,0.29,10.31,0.042772,40.9,93.9,0.995717,3.19,0.38,9.7,5,rose
6.0,0.298,0.29,2.06,0.029706,41.7,148.1,0.989376,3.29,0.42,12.7,5,rose
6.8,0.626,0.07,9.26,0.0601,26.7,139.4,0.997354,3.36,0.47,8.9,7,rose
7.0,0.136,0.37,0.66,0.038353,22.6,174.2,0.992799,3.32,0.6,10.8,7,rose
8.4,0.212,0.3,8.89,0.028104,16.0,112.9,0.994499,2.98,0.33,10.5,6,rose
7.0,0.201,0.4,7.25,0.03548,53.4,181.5,0.993961,3.21,0.27,11.3,4,rose
7.2,0.334,0.24,2.0,0.050378,49.1,180.6,0.995441,3.25,0.67,8.9,8,rose
6.7,0.209,0.41,6.28,0.035336,44.2,143.1,0.991364,3.13,0.33,12.6,5,rose
8.3,0.452,0.26,10.85,0.051699,26.4,159.2,0.995406,3.08,0.45,11.4,6,rose
9.6,0.246,0.53,1.85,0.077323,3.9,20.2,0.996378,3.21,1.13,12.1,5,rose
5.3,0.598,0.33,1.55,0.033736,4.6,67.1,0.988597,3.27,0.4,13.1,5,rose
5.3,0.85,0.05,1.73,0.043421,14.3,93.9,0.992063,3.56,0.83,12.9,5,rose
5.7,0.267,0.27,1.29,0.03811,37.5,79.3,0.98711,3.11,0.26,13.9,5,rose
6.1,0.148,0.27,1.25,0.035706,32.0,107.5,0.989912,3.36,0.42,12.4,5,rose
7.0,0.164,0.26,14.07,0.043091,25.8,135.7,0.998069,2.93,0.46,9.3,6,rose
7.8,0.266,0.38,8.94,0.042368,9.0,117.5,0.993484,3.08,0.38,12.0,6,rose
6.7,0.366,0.24,0.92,0.03785,17.5,76.1,0.990595,3.23,0.39,11.0,5,rose
6.7,0.616,0.22,2.07,0.077267,6.3,63.3,0.997094,3.54,0.57,9.3,5,rose
7.8,0.225,0.31,6.53,0.03779,43.9,141.2,0.994094,3.23,0.69,11.3,6,rose
6.9,0.324,0.27,12.63,0.042693,31.0,141.2,0.995301,3.07,0.64,10.5,5,rose
6.5,0.232,0.45,2.45,0.032588,43.4,105.6,0.990501,3.02,0.52,11.2,7,rose
7.2,0.322,0.28,7.69,0.04512,41.1,180.2,0.996575,3.15,0.5,9.1,7,rose
6.8,0.297,0.29,11.98,0.047328,53.8,153.4,0.995608,3.03,0.58,10.3,6,rose
5.4,0.272,0.3,1.45,0.032845,26.8,96.4,0.98746,3.33,0.4,13.4,7,rose
6.1,0.346,0.39,3.82,0.024981,17.8,130.6,0.990869,3.37,0.37,11.2,8,rose
6.3,0.978,0.0,2.51,0.050555,16.6,29.8,0.994707,3.63,0.45,11.2,5,rose
6.4,0.292,0.89,8.64,0.034459,49.2,199.0,0.993632,3.4,0.48,11.6,6,rose
6.3,0.171,0.42,2.7,0.029169,32.9,74.6,0.99064,3.3,0.4,11.7,5,rose
6.7,0.664,0.03,1.77,0.073188,9.3,11.5,0.994891,3.34,0.63,10.2,6,rose
6.2,0.267,0.26,7.35,0.044467,42.4,169.4,0.995201,3.22,0.51,9.8,6,rose
7.0,0.321,0.42,8.77,0.033146,46.3,153.1,0.995789,3.18,0.45,10.2,6,rose
5.9,0.284,0.37,5.34,0.038601,20.5,78.4,0.98969,3.22,0.56,13.1,5,rose
10.2,0.331,0.47,5.65,0.079952,6.3,20.5,0.99759,3.23,0.81,12.7,5,rose
6.8,0.199,0.32,4.56,0.044568,40.8,131.0,0.992309,3.15,0.56,11.1,7,rose
6.0,0.396,0.18,8.41,0.049426,27.3,262.8,0.996053,3.18,0.5,8.8,5,rose
6.8,0.42,0.26,3.41,0.032988,27.4,82.7,0.990804,3.04,0.35,11.7,6,rose
7.0,0.213,0.29,1.62,0.036431,13.9,69.7,0.989991,3.19,0.33,12.1,7,rose
6.8,0.241,0.31,17.96,0.04758,39.7,141.3,0.999727,3.28,0.39,8.8,5,rose
8.1,0.222,0.36,4.94,0.061049,10.1,33.0,0.997574,3.21,0.93,11.0,6,rose
6.0,0.304,0.19,14.78,0.044504,36.0,116.8,0.997159,3.16,0.41,10.4,6,rose
7.6,0.413,0.33,4.74,0.03999,18.2,132.0,0.995491,3.24,0.43,10.3,6,rose
7.1,0.139,0.33,9.74,0.054134,64.6,170.6,0.996061,3.42,0.42,9.4,6,rose
7.4,0.225,0.33,2.41,0.040198,32.2,114.5,0.994824,3.51,0.77,10.2,7,rose
6.3,0.334,0.28,5.24,0.038832,17.0,123.7,0.991613,3.4,0.7,12.5,8,rose
7.9,0.429,0.29,1.71,0.158365,1.4,47.1,0.996882,3.27,0.91,9.8,6,rose
6.9,0.32,0.49,7.42,0.055295,25.7,166.7,0.996161,3.44,0.62,10.9,5,rose
8.2,0.134,0.39,0.79,0.039356,42.0,91.4,0.990445,2.87,0.59,11.9,4,rose
6.5,0.286,0.23,9.64,0.035883,31.4,113.4,0.993407,3.05,0.31,10.8,7,rose
7.2,0.333,0.33,1.26,0.031643,27.4,106.3,0.990589,3.13,0.51,12.9,6,rose
5.2,0.235,0.33,1.13,0.037343,48.1,152.9,0.987703,3.34,0.33,12.9,7,rose
7.6,0.313,0.71,1.97,0.157113,45.3,149.8,0.994815,3.06,0.44,8.9,7,rose
6.5,0.29,0.26,1.08,0.038533,16.4,121.2,0.993168,3.13,0.36,9.3,6,rose
7.2,0.727,0.06,4.87,0.086712,3.0,9.1,0.995955,3.42,0.39,10.8,5,rose
5.5,0.431,0.28,6.34,0.034035,20.2,105.0,0.98953,3.22,0.28,13.3,6,rose
7.0,0.235,0.49,0.95,0.045187,34.5,146.7,0.990106,3.07,0.35,12.6,5,rose
8.4,0.259,0.42,9.35,0.038184,36.4,146.5,0.998698,3.38,0.49,9.3,5,rose
5.6,0.178,0.28,0.88,0.049053,54.5,174.6,0.991813,3.3,0.36,10.1,6,rose
6.4,0.154,0.32,9.36,0.032869,37.5,114.8,0.994737,3.19,0.41,10.8,5,rose
6.3,0.343,0.18,1.58,0.053544,11.6,110.3,0.993924,3.19,0.39,8.5,5,rose
5.9,0.189,0.24,1.52,0.037154,37.7,129.6,0.993548,3.78,0.61,10.6,7,rose
7.3,0.314,0.31,9.65,0.047753,64.3,185.9,0.996457,3.13,0.51,10.3,8,rose
6.5,0.578,0.15,9.36,0.039703,37.9,162.3,0.9966,3.27,0.52,9.5,7,rose
8.0,0.822,0.25,3.53,0.074154,33.4,84.9,0.996398,3.19,0.4,9.2,5,rose
6.8,0.509,0.22,2.03,0.070671,14.4,25.9,0.994431,3.39,0.87,11.3,4,rose
11.2,0.362,0.42,2.03,0.084432,6.1,10.0,0.999028,3.07,0.82,9.4,6,rose
7.1,0.523,0.17,2.06,0.072498,13.1,30.4,0.99776,3.53,0.72,9.6,6,rose
5.9,0.263,0.24,2.57,0.042893,27.6,125.3,0.99255,3.64,0.74,11.5,6,rose
6.4,0.213,0.31,11.31,0.034902,46.6,166.7,0.997971,3.41,0.46,9.8,5,rose
6.7,0.271,0.34,1.54,0.038716,24.8,188.9,0.992608,3.27,0.45,10.6,5,rose
7.8,0.457,0.27,1.75,0.088298,25.5,54.9,0.998011,3.43,0.75,9.1,6,rose
7.4,0.504,0.15,2.43,0.081036,33.1,62.6,0.995457,3.42,0.6,10.9,7,rose
8.0,0.254,0.33,10.82,0.040319,52.3,200.4,0.997223,3.1,0.57,9.7,5,rose
7.2,0.341,0.2,5.92,0.066758,49.9,163.8,0.994265,3.16,0.42,10.1,8,rose
5.9,0.309,0.24,1.42,0.05583,16.8,139.7,0.991336,3.23,0.37,10.6,6,rose
5.9,0.184,0.34,1.54,0.043716,14.2,61.6,0.991223,3.21,0.54,10.7,6,rose
6.0,0.253,0.32,3.24,0.029235,48.7,171.5,0.990213,3.14,0.36,12.0,6,rose
7.2,0.251,0.35,2.77,0.037935,34.7,100.1,0.990718,3.2,0.42,12.1,8,rose
6.9,0.195,0.2,4.23,0.063271,55.7,149.9,0.99525,3.29,0.37,9.2,7,rose
8.7,0.262,0.34,7.61,0.026496,49.6,196.8,0.995915,3.16,0.46,10.7,6,rose
8.6,0.235,0.27,11.37,0.039783,28.9,92.3,0.995445,3.02,0.38,10.5,7,rose
8.5,0.433,0.26,1.59,0.056972,19.1,35.3,0.995772,3.18,0.84,11.1,5,rose
8.4,0.645,0.24,2.55,0.084655,7.2,34.0,0.997827,3.29,0.58,9.9,6,rose
8.9,0.471,0.32,2.57,0.089508,20.8,96.9,0.998413,3.32,0.63,9.5,6,rose
6.6,0.224,0.32,5.79,0.049917,28.3,138.8,0.99482,3.39,0.47,9.7,6,rose
7.1,0.199,0.32,18.47,0.045883,39.3,170.6,0.999446,2.92,0.52,9.1,6,rose
6.6,0.367,0.34,3.72,0.036252,23.6,95.4,0.991503,3.18,0.38,11.3,6,rose
10.1,0.407,0.45,6.53,0.0727,6.3,16.8,0.997245,3.22,0.5,11.7,8,rose
7.9,0.422,0.37,4.7,0.035421,40.0,111.7,0.991814,3.17,0.53,12.4,5,rose
6.6,0.212,0.6,0.6,0.131042,61.1,147.5,0.99275,3.12,0.39,9.2,7,rose
7.7,0.482,0.36,0.6,0.039162,4.3,95.7,0.989718,3.02,0.39,11.5,6,rose
6.8,0.256,0.3,9.8,0.044253,54.4,156.0,0.995915,3.1,0.52,10.1,5,rose
8.9,0.353,0.41,3.9,0.106799,12.8,27.0,0.995581,3.23,0.7,12.1,6,rose
7.2,0.739,0.0,2.45,0.081391,20.0,37.7,0.997282,3.4,0.58,9.4,6,rose
6.2,0.302,0.91,7.88,0.033343,50.9,201.4,0.993812,3.37,0.5,11.7,6,rose
6.0,0.347,0.14,8.62,0.035602,37.6,156.2,0.996405,3.27,0.49,9.5,6,rose
5.1,0.501,0.2,1.51,0.039134,22.1,134.5,0.989459,3.35,0.77,13.4,6,rose
8.2,0.264,0.41,1.95,0.027869,29.8,95.5,0.991377,3.07,0.4,11.3,6,rose
7.7,0.448,0.24,10.84,0.030943,42.6,166.1,0.994346,3.12,0.44,11.0,5,rose
7.0,0.557,0.17,1.74,0.066079,13.2,26.4,0.995375,3.46,0.69,10.5,7,rose
8.1,0.263,0.44,1.28,0.062158,20.3,41.9,0.99473,3.37,0.57,11.9,5,rose
6.7,0.198,0.25,1.06,0.043726,29.1,185.4,0.990879,3.05,0.33,11.0,5,rose
5.8,0.35,0.24,5.12,0.054473,28.3,102.1,0.994528,3.13,0.52,9.0,6,rose
8.6,0.529,0.37,1.05,0.092326,5.5,20.3,0.996666,3.19,0.51,9.4,6,rose
7.9,0.398,0.29,6.13,0.032537,28.6,130.6,0.994546,3.35,0.45,10.9,5,rose
5.7,0.453,0.23,5.21,0.045434,23.0,69.8,0.990899,3.29,0.39,12.6,6,rose
5.8,0.268,0.21,12.47,0.061623,43.2,202.6,0.994531,3.31,0.39,12.3,6,rose
7.4,0.176,0.31,13.44,0.052798,35.8,168.1,0.998364,2.88,0.45,8.6,5,rose
12.0,0.484,0.62,0.6,0.073577,24.6,45.7,0.997647,2.93,0.68,10.6,8,rose
7.3,0.189,0.32,1.93,0.032179,31.8,116.0,0.991359,3.28,0.41,12.0,7,rose
8.1,0.439,0.35,8.63,0.02682,47.4,149.5,0.992928,3.06,0.25,12.9,5,rose
8.4,0.608,0.08,2.32,0.082945,11.5,104.1,0.996218,3.14,0.64,9.8,7,rose
6.7,0.375,0.24,2.16,0.032264,23.3,85.6,0.991042,3.16,0.37,11.7,8,rose
7.1,0.242,0.29,2.23,0.035098,39.2,106.3,0.992176,3.24,0.65,11.0,6,rose
6.9,0.298,0.36,8.24,0.039983,27.0,117.7,0.992693,3.02,0.36,11.3,6,rose
6.5,0.188,0.29,16.63,0.053461,17.5,146.5,0.998536,2.98,0.42,9.4,7,rose
6.5,0.322,0.3,4.11,0.041333,24.2,85.3,0.990264,3.26,0.64,12.5,6,rose
7.2,0.195,0.33,3.95,0.024398,40.9,151.6,0.992268,3.17,0.39,10.9,7,rose
7.5,0.198,0.3,15.33,0.042691,39.0,194.5,0.998314,3.1,0.5,9.3,6,rose
6.2,0.414,0.18,7.52,0.098706,25.2,206.7,0.998119,3.57,0.73,9.1,7,rose
6.0,0.288,0.27,3.14,0.046041,50.8,150.9,0.990905,3.28,0.57,11.5,5,rose
5.7,0.286,0.29,3.55,0.030687,34.4,105.8,0.989532,3.26,0.57,12.7,7,rose
6.0,0.219,0.24,2.72,0.052757,15.3,100.7,0.994971,3.12,0.42,8.6,5,rose
9.1,0.684,0.24,6.32,0.043166,16.6,84.2,0.994828,2.93,0.36,10.2,6,rose
8.3,0.219,0.42,1.99,0.029978,34.8,105.9,0.990282,3.0,0.59,12.9,7,rose
6.8,0.568,0.13,1.7,0.066554,15.1,21.2,0.993893,3.44,0.61,11.9,6,rose
6.5,0.24,0.28,11.21,0.046691,35.9,162.9,0.996525,3.31,0.44,9.7,5,rose
6.6,0.283,0.73,1.87,0.024145,21.4,96.6,0.989863,3.11,0.47,12.4,7,rose
6.6,0.256,0.26,13.08,0.056399,49.4,146.2,0.997421,3.39,0.47,9.7,5,rose
6.1,0.256,0.33,9.03,0.034294,39.8,135.0,0.992368,3.24,0.25,12.3,6,rose
5.6,0.186,0.27,0.77,0.038879,52.5,104.7,0.990123,3.51,0.37,11.0,5,rose
6.9,0.644,0.05,1.45,0.055635,26.4,129.1,0.992616,3.18,0.38,10.2,8,rose
7.1,0.166,0.74,13.19,0.048844,23.3,135.9,0.99414,3.28,0.38,12.2,6,rose
6.7,0.363,0.42,6.2,0.059075,23.8,149.7,0.995856,3.14,0.46,9.8,6,rose
6.1,0.256,0.34,3.47,0.035574,36.5,154.7,0.989944,3.18,0.36,12.5,5,rose
6.7,0.209,0.62,6.84,0.037499,6.4,113.7,0.993241,2.95,0.59,10.2,4,rose
7.2,0.28,0.73,13.03,0.045025,55.3,164.1,0.997859,3.03,0.44,8.9,6,rose
6.1,0.199,0.28,13.18,0.04458,50.0,146.8,0.997479,3.28,0.36,8.9,5,rose
5.8,0.234,0.27,0.98,0.032568,47.9,89.5,0.988403,3.21,0.39,12.5,7,rose
6.9,0.41,0.23,6.31,0.077407,74.9,313.0,0.996989,3.38,0.58,9.3,6,rose
8.5,0.42,0.39,1.06,0.071039,7.5,15.8,0.995032,3.35,0.7,11.7,6,rose
6.5,0.199,0.27,1.36,0.040167,27.6,83.9,0.990049,3.34,0.46,12.2,6,rose
8.2,0.324,0.37,8.06,0.039058,36.0,147.0,0.995674,3.2,0.55,10.7,6,rose
5.3,0.409,0.13,1.71,0.038348,8.7,46.2,0.990984,3.54,0.39,11.4,5,rose
7.2,0.248,0.31,0.65,0.036675,12.8,89.4,0.989255,2.98,0.39,12.5,7,rose
7.4,0.259,0.49,4.58,0.023323,30.8,111.5,0.994022,3.25,0.54,10.9,5,rose
7.5,0.487,0.48,12.75,0.23928,44.6,224.3,0.998896,2.97,0.51,9.1,5,rose
6.6,0.332,0.26,5.73,0.016492,42.9,103.0,0.991549,3.25,0.3,12.1,6,rose
7.3,0.297,0.3,5.94,0.053174,42.5,165.3,0.993952,3.11,0.5,10.3,7,rose
8.3,0.586,0.24,1.57,0.111952,10.0,35.6,0.995946,3.14,0.54,9.9,7,rose
8.1,0.704,0.23,2.37,0.075473,13.7,87.1,0.996764,3.24,0.55,9.5,5,rose
5.9,0.279,0.23,12.36,0.053284,46.2,223.1,0.997738,3.24,0.38,9.0,5,rose
7.0,0.253,0.42,18.29,0.050011,34.3,140.6,0.999752,3.23,0.4,8.9,7,rose
7.4,0.151,0.74,1.8,0.033003,19.7,123.6,0.993687,3.25,0.46,10.2,6,rose
7.3,0.286,0.36,1.36,0.052478,32.7,142.5,0.991861,3.19,0.47,10.7,6,rose
7.3,0.582,0.07,4.64,0.083578,25.4,108.4,0.996377,3.26,0.53,9.4,3,rose
6.9,0.259,0.43,12.06,0.043155,52.6,197.2,0.996591,3.25,0.57,9.6,6,rose
9.9,0.403,0.52,6.54,0.098786,4.7,18.2,0.998673,3.28,0.83,11.8,6,rose
9.4,0.405,0.4,2.7,0.036228,21.7,149.8,0.994795,3.05,0.51,10.9,5,rose
8.4,0.257,0.46,8.41,0.058461,32.0,136.5,0.996956,3.31,0.77,11.1,6,rose
9.0,0.273,0.36,6.19,0.030084,23.3,161.4,0.994723,3.08,0.52,10.9,7,rose
7.1,0.546,0.15,1.54,0.072267,14.3,37.8,0.995791,3.37,0.58,9.7,8,rose
5.8,0.348,0.14,10.59,0.033474,25.7,118.6,0.994818,3.26,0.49,9.8,5,rose
7.0,0.414,0.45,5.99,0.059514,43.9,172.7,0.995166,3.11,0.52,9.4,6,laranja
10.4,0.312,0.62,3.14,0.088441,5.1,24.1,1.000004,3.25,0.74,11.5,5,laranja
7.2,0.253,0.4,17.57,0.0449,39.0,145.4,1.000235,3.32,0.39,8.8,5,laranja
5.7,0.294,0.39,5.23,0.039952,22.2,84.4,0.989961,3.24,0.56,13.0,6,laranja
8.7,0.186,0.29,7.9,0.020933,15.5,110.1,0.994746,2.99,0.34,10.2,7,laranja
12.5,0.444,0.47,3.7,0.069161,26.6,45.6,0.998547,3.06,0.55,9.7,5,laranja
6.8,0.19,0.55,14.34,0.055826,33.7,160.0,0.997992,2.94,0.44,8.9,6,laranja
6.3,0.342,0.28,14.39,0.044763,48.5,192.1,0.99759,3.21,0.48,9.8,4,laranja
9.4,0.312,0.56,2.34,0.077387,6.8,11.8,0.996225,3.15,0.93,11.7,7,laranja
7.1,0.187,0.26,5.31,0.120615,28.6,96.5,0.995538,3.04,0.53,9.5,5,laranja
7.5,0.52,0.46,2.15,0.090846,19.9,77.9,0.996973,3.36,0.55,9.0,6,laranja
6.0,0.348,0.33,3.85,0.048091,12.1,119.3,0.991142,3.4,0.43,11.8,5,laranja
6.5,0.28,0.35,1.02,0.051132,28.6,195.5,0.992475,3.31,0.45,10.7,5,laranja
7.5,0.143,0.73,1.81,0.03894,25.9,107.1,0.99166,3.08,0.41,10.9,5,laranja
8.8,0.23,0.42,1.8,0.040989,35.8,124.6,0.99219,3.11,0.48,11.3,7,laranja
7.3,0.625,0.17,5.68,0.166226,54.2,98.5,0.997492,3.27,0.49,9.6,8,laranja
6.6,0.252,0.29,1.33,0.041194,11.6,64.1,0.991481,3.05,0.48,10.9,7,laranja
7.0,0.08,0.31,6.36,0.030853,22.2,127.0,0.993367,2.98,0.38,11.0,6,laranja
6.8,0.175,0.32,1.91,0.029822,26.2,123.2,0.993266,3.34,0.58,10.2,5,laranja
7.5,0.419,0.11,10.77,0.048313,20.5,100.5,0.995773,3.25,0.32,10.7,6,laranja
6.3,0.424,0.29,3.89,0.052996,21.2,149.0,0.990195,3.13,0.34,12.1,7,laranja
6.9,0.214,0.36,6.56,0.025705,31.8,105.3,0.992446,3.37,0.47,12.2,6,laranja
5.3,0.326,0.46,4.37,0.023284,25.2,190.5,0.992396,3.52,0.5,11.5,5,laranja
7.6,0.874,0.05,2.59,0.081186,4.1,11.9,0.996619,3.43,0.54,9.7,6,laranja
7.1,0.308,0.48,13.01,0.051561,70.2,189.5,0.998332,3.0,0.46,9.2,7,laranja
6.5,0.265,0.49,7.9,0.047187,46.7,198.1,0.994448,3.15,0.46,9.6,5,laranja
6.2,0.141,0.43,0.6,0.043116,65.1,143.2,0.990491,3.11,0.71,11.1,5,laranja
6.5,0.237,0.3,14.59,0.044285,50.2,138.7,0.996714,3.14,0.36,10.4,6,laranja
6.3,0.146,0.33,1.66,0.039036,85.1,153.3,0.990886,3.34,0.87,12.1,6,laranja
9.9,0.531,0.63,1.55,0.038763,4.1,24.0,0.995664,3.3,0.86,12.3,7,laranja
8.4,0.315,0.43,2.77,0.071265,21.4,31.3,0.993927,3.12,0.76,12.4,6,laranja
8.4,0.554,0.22,3.49,0.076063,15.7,99.6,0.997907,3.28,0.59,9.4,5,laranja
6.6,0.165,0.32,8.09,0.037416,18.7,89.1,0.99521,3.3,0.3,9.9,6,laranja
6.5,0.365,0.16,1.5,0.056334,9.9,103.7,0.993852,3.2,0.4,8.5,5,laranja
7.0,0.208,0.28,2.37,0.032365,20.3,107.1,0.994058,3.34,0.64,10.3,7,laranja
5.4,0.832,0.08,1.17,0.048738,14.1,96.6,0.992474,3.57,0.85,13.0,6,laranja
6.8,0.212,0.29,1.98,0.026021,26.5,140.7,0.990193,3.16,0.63,12.6,6,laranja
9.7,0.603,0.51,2.39,0.079138,25.3,67.2,0.99978,3.5,0.57,9.7,7,laranja
6.4,0.348,0.32,7.49,0.041305,41.6,165.5,0.993339,3.22,0.49,11.1,6,laranja
6.1,0.252,0.54,6.93,0.04006,56.9,167.2,0.994435,3.2,0.7,10.4,7,laranja
7.0,0.446,0.24,12.08,0.058027,66.4,208.4,0.997264,3.05,0.52,9.5,6,laranja
7.5,0.148,0.34,1.66,0.057662,49.6,153.5,0.994711,3.28,0.82,9.5,5,laranja
7.4,0.701,0.01,1.61,0.074023,9.9,32.3,0.99795,3.53,0.57,9.4,7,laranja
7.0,0.121,0.28,0.8,0.043712,35.2,139.4,0.993126,3.33,0.33,10.2,6,laranja
6.1,0.164,0.23,1.83,0.044681,16.1,69.4,0.993662,3.66,0.56,10.3,8,laranja
7.4,0.2,0.41,15.34,0.047724,55.7,188.1,1.000058,3.32,0.6,9.0,6,laranja
8.2,0.331,0.31,3.05,0.064145,2.9,8.3,0.994581,3.32,0.76,12.9,4,laranja
7.9,0.307,0.44,6.9,0.044214,41.6,164.4,0.995612,3.15,0.43,10.6,6,laranja
9.6,0.673,0.33,2.21,0.08761,22.9,87.2,0.997745,3.27,0.63,10.2,6,laranja
6.0,0.282,0.23,19.97,0.074183,33.9,165.0,0.999317,3.19,0.45,9.3,6,laranja
7.5,0.435,0.45,8.94,0.028599,20.8,133.7,0.995893,3.1,0.36,10.0,5,laranja
6.7,0.3,0.56,11.59,0.041729,69.5,226.9,0.997521,3.03,0.66,9.1,6,laranja
7.6,0.318,0.28,11.27,0.039862,23.6,142.7,0.996302,3.05,0.37,9.6,4,laranja
5.9,0.35,0.31,2.43,0.031187,37.9,146.8,0.9889,3.4,0.42,12.8,6,laranja
9.4,0.411,0.38,2.32,0.092195,11.1,28.7,0.997682,3.25,0.56,10.6,8,laranja
5.9,0.227,0.32,1.56,0.046012,36.5,100.0,0.989609,3.24,0.96,12.4,5,laranja
6.5,0.228,0.33,2.36,0.029335,38.3,88.5,0.990603,3.27,0.59,11.9,7,laranja
6.4,0.249,0.3,14.3,0.046773,54.4,136.9,0.998549,3.01,0.53,9.0,5,laranja
6.3,0.118,0.26,1.8,0.057118,43.7,134.3,0.992466,3.2,0.44,10.2,7,laranja
8.4,0.191,0.45,2.09,0.046193,9.9,105.2,0.994314,3.06,0.66,11.0,5,laranja
9.7,0.388,0.43,1.47,0.068306,7.1,14.9,0.995079,3.2,0.47,11.5,6,laranja
5.9,0.219,0.42,1.78,0.039205,44.0,124.0,0.990256,3.02,0.64,11.7,7,laranja
5.9,0.173,0.29,12.52,0.040972,29.1,132.2,0.994301,3.31,0.56,11.9,6,laranja
7.5,0.611,0.04,1.13,0.095784,23.2,95.2,0.995218,3.34,0.53,10.0,5,laranja
8.1,0.258,0.26,19.18,0.037555,50.4,208.3,1.000288,3.05,0.5,9.0,8,laranja
6.2,0.27,0.45,6.46,0.04177,60.3,227.3,0.995124,3.09,0.39,9.1,6,laranja
7.1,0.189,0.6,16.25,0.039719,15.6,104.1,0.999076,3.07,0.39,9.3,5,laranja
4.9,0.357,0.33,0.6,0.064395,31.3,147.1,0.991192,3.26,0.42,10.2,5,laranja
5.8,0.343,0.2,6.75,0.040988,49.4,162.2,0.993967,3.28,0.63,10.1,6,laranja
7.5,0.197,0.4,6.03,0.065425,41.1,212.3,0.995869,3.31,0.33,9.5,6,laranja
6.2,0.364,0.33,5.21,0.04684,13.8,84.3,0.993351,3.29,0.38,10.7,6,laranja
7.9,0.224,0.36,1.82,0.055977,21.8,151.7,0.992827,3.2,0.51,10.4,6,laranja
5.9,0.296,0.16,7.6,0.040189,50.7,200.4,0.994929,3.22,0.36,9.3,6,laranja
6.4,0.249,0.33,16.36,0.054963,57.8,197.7,1.000098,3.47,0.42,9.9,5,laranja
6.8,0.186,0.31,1.64,0.038151,33.8,96.0,0.993268,3.24,0.54,10.8,5,laranja
6.0,0.234,0.47,15.65,0.049997,27.4,91.4,0.997937,3.08,0.45,9.2,5,laranja
6.3,0.381,0.16,0.91,0.054265,9.5,108.1,0.994158,3.19,0.39,8.6,5,laranja
9.1,0.393,0.41,2.0,0.05767,13.9,45.5,0.994653,3.22,0.58,12.2,5,laranja
6.7,0.399,0.3,8.82,0.085269,27.5,33.7,0.997998,3.37,0.64,10.3,6,laranja
8.4,0.376,0.65,5.81,0.080342,1.3,6.0,0.997834,3.29,0.58,10.9,6,laranja
7.1,0.231,0.32,7.6,0.053839,32.2,211.4,0.996153,3.33,0.6,10.4,4,laranja
6.7,0.162,0.3,13.02,0.062149,20.8,167.4,0.99799,3.0,0.52,9.0,6,laranja
6.8,0.301,0.33,2.69,0.03427,10.7,159.5,0.991022,3.1,0.52,12.3,6,laranja
7.2,0.463,0.2,1.73,0.045069,22.9,63.6,0.993336,3.38,0.56,11.9,6,laranja
6.8,0.43,0.21,15.95,0.061326,61.8,187.8,0.998612,3.13,0.45,8.4,7,laranja
6.1,0.2,0.32,1.66,0.040386,44.7,126.0,0.990426,3.3,0.41,11.6,5,laranja
8.0,0.336,0.22,1.89,0.064965,47.7,104.0,0.996308,3.28,0.58,9.4,6,laranja
6.4,0.156,0.38,1.69,0.033786,28.5,108.3,0.993946,3.39,0.5,9.8,6,laranja
7.0,0.162,0.3,9.08,0.055523,49.0,188.1,0.997872,3.37,0.37,9.7,6,laranja
6.3,0.354,0.18,3.2,0.076972,16.1,36.0,0.995507,3.54,0.5,12.7,6,laranja
6.4,0.273,0.2,8.27,0.043808,35.2,105.5,0.994457,3.09,0.41,10.4,5,laranja
13.3,0.441,0.52,2.48,0.065182,12.4,38.5,1.000301,3.1,0.57,9.1,7,laranja
8.1,0.302,0.49,9.44,0.042768,49.2,186.4,0.996402,3.15,0.49,9.9,6,laranja
7.1,0.113,0.32,1.55,0.101546,19.4,42.6,0.990342,3.2,0.64,11.4,3,laranja
5.5,0.209,0.33,0.81,0.036785,38.0,124.4,0.991015,3.25,0.43,10.5,5,laranja
12.2,0.464,0.49,1.72,0.071915,1.0,6.0,0.997181,3.13,0.63,10.3,6,laranja
6.9,0.201,0.33,1.73,0.031772,45.7,133.6,0.98982,3.25,0.41,12.7,5,laranja
7.6,0.144,0.44,1.45,0.044544,25.2,109.3,0.993434,3.1,0.75,10.3,5,laranja
10.3,0.661,0.39,2.14,0.053023,3.6,18.2,0.997499,3.17,0.47,10.1,6,laranja
10.2,0.31,0.5,2.03,0.051074,2.8,19.8,0.994352,3.2,0.69,12.0,5,laranja
7.1,0.41,0.48,0.86,0.047455,12.0,134.6,0.992441,3.0,0.43,9.2,7,laranja
7.0,0.138,0.43,0.71,0.038209,22.1,92.2,0.991556,3.25,0.44,10.8,7,laranja
5.3,0.404,0.18,1.75,0.038469,25.2,90.1,0.992096,3.54,0.4,9.9,6,laranja
5.0,0.455,0.05,18.98,0.046395,39.6,125.9,0.998493,3.38,0.57,10.1,7,laranja
6.5,0.297,0.28,1.33,0.036817,10.1,123.4,0.991676,3.32,0.5,10.4,5,laranja
5.0,0.249,0.3,11.67,0.027558,32.2,120.3,0.995468,3.07,0.5,9.5,6,laranja
6.6,0.448,0.3,5.67,0.036731,28.4,159.8,0.991316,3.13,0.48,12.1,7,laranja
10.4,0.238,0.48,1.66,0.066289,4.8,27.6,0.997597,3.16,0.9,10.9,5,laranja
8.5,0.358,0.39,4.76,0.05232,2.1,6.7,0.997612,3.4,0.66,11.7,5,laranja
6.2,0.278,0.26,11.88,0.040422,42.8,130.7,0.994735,3.15,0.38,10.9,6,laranja
6.0,0.357,0.5,0.86,0.028569,11.8,97.2,0.990427,3.47,0.42,12.0,6,laranja
5.7,0.333,0.23,16.37,0.046807,25.0,165.2,0.997257,3.08,0.47,8.9,5,laranja
6.2,0.3,0.21,6.71,0.038458,50.4,217.0,0.994482,3.14,0.6,10.1,6,laranja
6.6,0.308,0.46,8.35,0.036258,56.9,198.9,0.995603,3.19,0.48,9.7,5,laranja
5.5,0.245,0.37,1.32,0.024127,75.8,119.3,0.989685,3.25,0.98,12.0,6,laranja
11.1,0.291,0.55,2.14,0.075336,15.9,54.8,0.998171,3.15,0.58,9.9,7,laranja
6.3,0.314,0.31,11.1,0.047652,25.6,240.1,0.997691,3.21,0.51,8.7,6,laranja
7.5,0.208,0.34,6.74,0.032584,47.8,142.1,0.994015,3.18,0.66,11.5,5,laranja
6.4,0.297,0.48,1.61,0.067459,16.2,60.1,0.995927,3.44,0.79,10.3,6,laranja
7.6,0.532,0.05,1.41,0.080908,9.9,31.1,0.99649,3.35,0.48,9.8,6,laranja
8.3,0.245,0.48,9.0,0.035291,50.3,146.8,0.99476,3.03,0.33,10.6,6,laranja
7.2,0.84,0.0,2.21,0.164084,3.7,15.1,0.995751,3.39,0.52,10.0,5,laranja
7.4,0.634,0.07,1.48,0.100166,7.8,21.4,0.996687,3.32,0.57,9.5,6,laranja
6.6,0.87,0.0,2.47,0.165814,6.6,7.2,0.995662,3.54,0.52,10.7,5,laranja
6.4,0.334,0.26,1.79,0.036395,12.8,122.0,0.992005,3.32,0.5,10.4,7,laranja
7.2,0.216,0.34,4.86,0.051591,36.7,178.8,0.994717,3.07,0.5,10.3,5,laranja
6.9,0.138,0.24,14.32,0.045212,28.3,150.4,0.997853,2.9,0.45,9.1,5,laranja
5.6,0.292,0.23,12.78,0.05612,42.1,202.3,0.994862,3.32,0.38,12.4,6,laranja
8.1,0.487,0.25,2.37,0.076073,19.4,37.3,0.997098,3.48,0.94,12.2,7,laranja
6.5,0.186,0.3,1.55,0.038947,32.9,136.3,0.992677,3.48,0.5,10.2,6,laranja
7.0,0.191,0.31,11.4,0.061071,21.2,173.4,0.997634,3.0,0.54,9.0,5,laranja
7.5,0.399,0.08,3.29,0.084502,11.4,45.4,0.996762,3.21,0.57,10.2,6,laranja
8.2,0.415,0.3,4.29,0.02788,29.3,104.9,0.991312,3.0,0.31,12.7,6,laranja
7.0,0.17,0.33,4.35,0.036356,16.3,129.2,0.993436,3.17,0.39,10.8,5,laranja
7.9,1.031,0.07,2.25,0.087141,15.7,29.1,0.995786,3.2,0.57,10.0,5,laranja
5.0,0.323,0.15,1.66,0.047314,9.7,104.3,0.99131,3.46,0.44,10.6,6,laranja
12.9,0.288,0.74,2.24,0.091342,11.7,36.4,0.99938,3.21,0.76,10.7,5,laranja
6.4,0.251,0.4,1.97,0.1788,5.1,66.0,0.992477,3.09,0.53,10.1,8,laranja
6.6,0.229,0.29,1.56,0.045235,21.7,95.7,0.992055,3.18,0.45,10.8,6,laranja
7.4,0.262,0.28,15.14,0.045019,4.8,38.1,0.996428,3.18,0.4,10.8,5,laranja
6.5,0.341,0.32,13.6,0.051514,22.8,115.2,0.995616,3.2,0.54,11.1,5,laranja
12.6,0.432,0.53,2.44,0.102875,17.8,42.2,0.999474,3.19,0.77,11.3,6,laranja
6.8,0.308,0.17,3.97,0.090962,28.4,133.1,0.99298,2.84,0.44,9.6,6,laranja
7.9,0.323,0.34,10.72,0.034179,46.9,203.6,0.996877,3.09,0.58,9.6,6,laranja
6.4,0.202,0.45,8.0,0.054729,52.3,188.1,0.996216,3.2,0.46,9.2,7,laranja
8.6,0.395,0.69,12.62,0.040982,22.5,157.5,0.998058,3.01,0.74,9.3,6,laranja
7.9,0.151,0.26,2.65,0.040068,42.3,183.4,0.995626,3.47,0.42,9.2,6,laranja
9.7,0.539,0.16,3.05,0.089261,23.3,52.3,1.000956,3.15,0.6,9.6,6,laranja
8.0,0.33,0.5,8.85,0.035324,39.2,173.7,0.993478,3.14,0.39,12.3,5,laranja
6.8,0.35,0.27,2.98,0.046823,19.1,127.4,0.989189,3.25,0.47,13.0,6,laranja
6.6,0.169,0.36,1.07,0.026089,27.7,99.6,0.988896,3.21,0.34,13.3,6,laranja
6.8,0.404,0.17,12.69,0.035309,56.2,188.0,0.997346,3.09,0.48,9.3,5,laranja
7.5,0.191,0.31,14.12,0.04061,39.6,188.0,0.998303,3.12,0.49,9.4,7,laranja
7.4,0.714,0.22,1.69,0.356372,13.4,57.7,0.996675,2.99,1.57,9.5,5,laranja
6.4,0.314,0.3,6.21,0.049991,44.7,179.1,0.995151,3.19,0.66,9.3,4,laranja
6.2,0.214,0.49,1.38,0.067599,17.7,149.8,0.993377,3.2,0.52,9.2,6,laranja
7.1,0.294,0.26,9.43,0.049698,48.2,149.2,0.99505,3.13,0.5,10.1,8,laranja
6.1,0.17,0.34,1.2,0.03633,20.5,242.1,0.992271,3.4,0.8,11.2,6,laranja
6.5,0.23,0.23,20.45,0.086763,36.5,153.2,0.999757,3.17,0.49,9.0,7,laranja
7.8,0.396,0.34,10.33,0.057787,34.5,172.8,0.997695,3.26,0.63,10.4,6,laranja
8.2,0.16,0.39,1.36,0.034744,14.9,126.7,0.993986,3.21,0.38,10.4,4,laranja
7.9,0.474,0.49,6.64,0.044191,28.9,145.1,0.995073,3.24,0.32,10.1,5,laranja
6.0,0.156,0.34,1.32,0.029651,38.0,92.8,0.99228,3.39,0.57,10.4,7,laranja
6.8,0.153,0.31,8.75,0.047075,37.2,128.1,0.995989,3.23,0.34,9.3,7,laranja
10.8,0.311,0.43,1.36,0.083394,18.6,20.9,0.995577,3.3,0.74,11.9,7,laranja
6.4,0.289,0.26,11.53,0.041749,27.9,118.3,0.994402,3.0,0.28,11.0,5,laranja
6.4,0.247,0.3,0.81,0.034636,61.5,141.3,0.989434,3.14,0.56,12.6,6,laranja
5.0,0.248,0.19,4.96,0.039673,16.1,107.3,0.994313,3.67,0.58,9.8,4,laranja
6.4,0.227,0.4,2.13,0.035847,41.9,99.2,0.989851,3.19,0.44,12.2,6,laranja
7.7,0.318,0.37,7.88,0.03955,43.8,215.3,0.996468,3.1,0.52,9.2,5,laranja
6.8,0.311,0.33,1.65,0.034518,34.0,112.4,0.990578,3.17,0.45,11.4,6,laranja
6.6,0.312,0.27,8.45,0.038549,19.2,121.8,0.993412,3.06,0.37,10.8,5,laranja
5.7,0.29,0.2,2.01,0.04753,17.9,135.0,0.993323,3.22,0.67,9.9,5,laranja
9.3,0.334,0.37,1.49,0.077822,42.5,54.6,0.996418,3.45,0.74,11.0,6,laranja
7.1,0.21,0.25,9.34,0.032465,42.6,215.7,0.996403,3.47,0.45,10.1,6,laranja
7.2,0.624,0.0,1.98,0.097027,14.5,33.4,0.996596,3.35,0.59,9.0,6,laranja
7.7,0.968,0.6,65.8,0.076269,9.1,165.4,1.03898,3.39,0.7,11.7,7,laranja
6.5,0.112,0.3,1.6,0.038748,44.6,134.7,0.991778,3.19,0.54,10.5,7,laranja
6.3,0.289,0.43,12.71,0.040712,64.7,239.1,0.997697,3.08,0.38,9.0,6,laranja
6.3,0.232,0.24,1.81,0.027422,35.8,100.3,0.990872,3.28,0.44,11.2,6,laranja
6.1,0.38,0.14,3.94,0.06592,24.4,109.7,0.992937,3.06,0.35,9.1,6,laranja
6.8,0.352,0.25,3.23,0.037608,29.2,98.7,0.989964,3.1,0.42,12.3,7,laranja
7.4,0.176,0.72,9.55,0.0347,54.5,144.9,0.99777,3.02,0.48,9.0,5,laranja
8.7,0.49,0.58,17.51,0.053238,33.3,243.7,1.000845,2.98,0.81,9.0,6,laranja
7.8,0.221,0.38,1.43,0.061575,21.5,158.0,0.992689,3.2,0.53,10.4,7,laranja
7.2,0.144,0.26,6.73,0.056054,40.2,224.4,0.996526,3.36,0.56,10.3,8,laranja
7.4,0.501,0.47,1.89,0.086311,19.2,74.3,0.997127,3.37,0.56,9.0,5,laranja
6.4,0.669,0.49,12.74,0.051855,55.4,219.3,0.997469,3.18,0.52,9.3,6,laranja
7.5,0.289,0.24,1.49,0.037706,38.3,147.1,0.99124,3.03,0.43,11.8,7,laranja
6.8,0.219,0.38,2.59,0.170352,62.3,154.2,0.993553,3.12,0.35,9.4,6,laranja
6.9,0.435,0.38,4.73,0.039983,47.0,206.1,0.993582,3.08,0.67,10.4,5,laranja
9.3,0.226,0.48,0.73,0.044749,19.7,121.5,0.996239,2.9,0.64,9.5,6,laranja
6.4,0.236,0.29,0.6,0.03972,16.3,126.7,0.990706,3.29,0.44,11.5,6,laranja
6.8,0.304,0.25,2.58,0.031417,10.9,108.6,0.991173,3.04,0.42,11.1,6,laranja
7.2,0.223,0.35,3.09,0.027723,23.1,160.2,0.993536,3.48,0.5,10.7,6,laranja
6.1,0.217,0.28,2.62,0.037295,26.7,124.3,0.991369,3.18,0.47,10.6,5,laranja
6.3,0.279,0.37,7.34,0.045924,59.1,221.0,0.995837,3.2,0.49,9.6,6,laranja
6.9,0.157,0.25,14.18,0.041952,27.9,142.4,0.998218,2.91,0.46,9.2,6,laranja
7.4,0.147,0.5,1.79,0.041282,33.9,134.8,0.992607,3.16,0.79,10.6,6,laranja
7.6,0.273,0.41,1.07,0.03941,14.2,129.3,0.993028,3.27,0.44,10.3,5,laranja
6.8,0.351,0.55,12.76,0.04202,22.7,112.1,0.997121,3.1,0.28,9.7,6,laranja
10.0,0.31,0.4,2.64,0.099094,8.1,27.6,1.000471,3.47,0.92,9.5,5,laranja
6.3,0.337,0.19,18.6,0.063453,36.2,161.1,0.99979,3.16,0.48,8.8,7,laranja
7.3,0.206,0.37,17.57,0.060031,129.1,216.1,1.001877,3.43,0.44,8.8,6,laranja
6.8,0.23,0.32,18.21,0.047401,41.2,145.8,0.999797,3.3,0.41,8.8,5,laranja
6.6,0.083,0.35,1.43,0.039032,16.2,108.9,0.993027,3.29,0.6,9.5,4,laranja
9.0,0.389,0.45,2.52,0.064409,30.6,41.3,0.994328,3.22,0.59,12.3,6,laranja
6.2,0.212,0.19,9.88,0.047073,56.3,155.5,0.996528,3.09,0.51,9.1,6,laranja
6.9,0.247,0.22,8.21,0.042915,55.2,215.6,0.995657,3.1,0.47,9.1,6,laranja
7.1,0.21,0.48,1.34,0.043856,17.8,137.3,0.992082,3.19,0.45,11.0,5,laranja
6.8,0.193,0.37,1.17,0.056901,47.0,148.9,0.993087,3.06,0.47,9.0,6,laranja
11.3,0.323,0.46,1.86,0.078737,4.4,15.6,0.998664,2.96,0.66,9.2,5,laranja
9.4,0.577,0.13,2.56,0.086525,24.1,46.9,0.998074,3.15,0.54,9.7,8,laranja
7.8,0.516,0.05,1.56,0.076062,20.8,22.9,0.995858,3.32,0.57,9.9,6,laranja
7.6,0.265,0.32,6.11,0.048153,34.9,164.0,0.993734,3.18,0.7,11.5,6,laranja
7.4,0.263,0.28,12.98,0.048898,48.4,165.5,0.997321,3.12,0.53,9.2,6,laranja
9.3,0.628,0.2,3.29,0.098146,29.3,62.9,0.998901,3.28,0.57,9.6,6,laranja
5.6,0.137,0.35,3.03,0.047127,21.9,74.0,0.988628,3.17,0.33,12.9,6,laranja
12.8,0.615,0.65,5.48,0.083259,8.2,43.0,1.002388,3.06,0.73,10.2,6,laranja
7.3,0.13,0.33,14.3,0.055345,32.8,104.4,0.996852,3.19,0.36,9.2,5,laranja
8.0,0.544,0.39,4.44,0.033044,18.6,123.2,0.991615,3.3,0.68,12.7,5,laranja
7.1,0.239,0.24,1.47,0.040617,33.8,113.0,0.991662,3.22,0.53,11.1,6,laranja
7.5,0.598,0.04,2.21,0.078943,8.1,39.4,0.995639,3.37,0.62,10.8,5,laranja
6.5,0.312,0.28,5.37,0.018906,41.6,106.1,0.991155,3.24,0.31,12.3,7,laranja
6.4,0.332,0.24,16.08,0.051263,35.9,183.1,0.998759,3.24,0.53,9.0,5,laranja
5.5,0.187,0.37,2.84,0.048701,14.6,130.5,0.992943,3.51,0.49,10.1,6,laranja
6.3,0.217,0.27,2.52,0.039422,25.2,115.5,0.991844,3.2,0.48,10.5,6,laranja
8.2,0.193,0.5,11.37,0.045828,46.4,211.7,0.996562,3.1,0.45,10.1,7,laranja
6.4,0.233,0.27,1.8,0.042005,35.3,108.1,0.989207,3.14,0.3,12.5,6,laranja
7.1,0.459,0.13,2.82,0.07345,16.9,40.2,0.996391,3.34,0.5,10.7,5,laranja
6.3,1.018,0.0,1.76,0.079012,16.3,30.6,0.994166,3.59,0.57,11.3,5,laranja
7.1,0.703,0.09,2.67,0.092917,16.0,21.5,0.995973,3.39,0.61,11.3,5,laranja
6.9,0.227,0.42,7.21,0.04268,54.9,183.5,0.995447,3.2,0.47,9.3,5,laranja
7.3,0.216,0.37,2.82,0.045494,23.5,97.4,0.992375,3.14,0.47,11.0,6,laranja
10.5,0.32,0.65,2.64,0.086099,3.8,24.9,0.999733,3.27,0.74,11.2,6,laranja
6.6,0.289,0.41,7.33,0.044838,61.4,202.0,0.995904,3.13,0.47,9.5,6,laranja
8.5,0.279,0.4,2.27,0.058606,16.7,104.4,0.995792,3.27,0.59,10.2,6,laranja
7.1,0.365,0.21,1.81,0.27046,23.8,142.7,0.993642,3.12,0.64,9.9,5,laranja
6.2,0.245,0.28,3.2,0.030745,32.8,142.4,0.990798,3.17,0.32,12.1,6,laranja
13.8,0.504,0.66,3.32,0.09298,6.6,18.6,0.998771,3.03,0.94,12.1,6,laranja
8.9,0.313,0.2,5.39,0.037349,25.0,65.6,0.99307,2.95,0.55,11.0,5,laranja
6.7,0.22,0.26,11.55,0.039484,59.6,159.0,0.995152,2.99,0.56,10.7,6,laranja
5.4,0.296,0.29,0.77,0.030339,23.2,88.9,0.987763,3.29,0.39,13.5,6,laranja
10.7,0.399,0.68,3.63,0.119069,6.6,26.1,0.99695,3.05,0.66,13.4,6,laranja
10.4,0.584,0.48,2.77,0.067569,15.0,40.8,0.999171,3.29,0.58,9.7,6,laranja
6.5,0.141,0.41,0.69,0.051341,59.1,143.1,0.991416,3.19,0.69,10.9,6,laranja
5.8,0.082,0.26,1.8,0.045918,20.0,94.3,0.992496,3.27,0.46,9.5,6,laranja
7.5,0.469,0.3,2.25,0.077217,24.2,88.2,0.996639,3.41,0.6,8.9,7,laranja
6.6,0.192,0.25,17.33,0.049038,17.5,153.7,0.998013,3.0,0.44,9.4,5,laranja
7.3,0.279,0.34,1.48,0.054571,32.2,147.7,0.992111,3.19,0.49,10.6,7,laranja
8.1,0.203,0.3,7.85,0.037231,41.6,136.2,0.993933,3.11,0.66,11.8,7,laranja
7.2,0.456,0.17,6.5,0.046513,15.7,137.8,0.994526,3.11,0.48,9.9,5,laranja
8.5,0.183,0.27,0.6,0.031579,25.8,68.9,0.991331,2.99,0.39,11.1,6,laranja
6.6,0.225,0.23,17.5,0.047345,40.8,118.0,0.999028,3.08,0.45,8.9,7,laranja
11.8,0.29,0.46,2.17,0.056252,17.1,24.7,0.996633,3.14,0.65,10.7,5,laranja
11.8,0.327,0.47,3.6,0.092144,55.8,81.1,1.000299,3.32,0.76,10.7,5,laranja
7.8,0.616,0.18,2.13,0.084084,5.9,21.4,0.996081,3.3,0.6,10.2,6,laranja
9.7,0.658,0.39,2.3,0.086085,20.6,60.7,0.999118,3.38,0.71,11.5,6,laranja
6.0,0.278,0.31,15.01,0.045547,15.3,142.2,0.996805,3.12,0.53,10.3,7,laranja
8.5,0.18,0.33,1.17,0.022225,13.0,84.7,0.992995,2.79,0.39,10.2,7,laranja
6.7,0.526,0.16,2.03,0.075196,19.9,40.7,0.996047,3.42,0.61,10.1,5,laranja
5.8,0.319,0.38,4.66,0.043821,22.0,82.2,0.989917,3.23,0.58,13.1,6,laranja
8.5,0.304,0.32,0.67,0.04393,16.4,119.4,0.992542,2.95,0.37,10.1,7,laranja
8.2,0.299,0.39,2.38,0.05297,4.7,6.0,0.993416,3.33,0.7,12.7,7,laranja
7.3,0.539,0.26,1.97,0.081894,10.7,68.8,0.996566,3.39,0.7,10.8,6,laranja
7.8,0.254,0.27,1.81,0.020986,40.9,193.8,0.993032,3.03,0.37,11.2,6,laranja
9.1,0.196,0.47,10.16,0.049039,52.1,195.6,0.998392,3.31,0.42,10.0,5,laranja
6.1,0.297,0.35,2.59,0.040624,58.3,165.3,0.992045,3.28,0.45,10.8,5,laranja
12.4,0.31,0.72,2.08,0.070007,3.2,31.8,0.999079,2.89,0.82,9.9,6,laranja
6.6,0.325,0.38,8.17,0.044101,69.5,174.5,0.995056,3.14,0.5,9.5,5,laranja
8.1,0.347,0.3,3.26,0.06183,2.9,16.5,0.994654,3.3,0.76,12.9,3,laranja
7.1,0.35,0.13,1.43,0.058706,25.5,82.3,0.994234,3.14,0.41,9.0,6,laranja
7.5,0.187,0.31,1.42,0.036619,52.4,144.7,0.991381,3.23,0.44,11.4,4,laranja
8.4,0.689,0.14,2.55,0.091163,12.3,32.6,0.999236,3.5,0.71,9.9,6,laranja
10.2,0.579,0.22,2.99,0.089597,20.4,41.5,0.999197,3.22,0.62,10.3,6,laranja
6.4,0.278,0.49,0.6,0.05779,34.7,91.2,0.990845,3.39,0.42,12.1,6,laranja
6.4,0.169,0.32,8.24,0.049411,15.3,132.0,0.996409,3.26,0.45,8.7,5,laranja
7.5,0.249,0.59,12.38,0.046628,57.8,162.9,0.998246,3.18,0.46,8.9,7,laranja
9.6,0.219,0.42,1.22,0.047056,17.8,140.3,0.993797,2.97,0.48,11.1,5,laranja
7.9,0.233,0.26,13.66,0.043942,38.2,254.8,0.99885,3.01,0.57,8.7,5,laranja
7.7,0.159,0.25,2.11,0.042005,7.3,140.3,0.994183,3.05,0.74,9.8,6,laranja
6.4,0.869,0.03,3.2,0.072559,28.1,54.0,0.995106,3.6,0.51,12.8,4,laranja
6.1,0.309,0.11,5.29,0.049116,5.5,100.5,0.994399,3.16,0.5,9.4,5,laranja
6.6,0.469,0.27,4.67,0.036519,34.2,86.9,0.991238,3.15,0.44,12.4,5,laranja
6.9,0.195,0.32,1.73,0.042372,42.1,122.8,0.990839,2.99,0.45,10.5,6,laranja
6.3,0.143,0.37,1.9,0.034954,41.8,149.3,0.991778,3.41,0.71,10.9,6,laranja
6.5,0.314,0.3,5.59,0.049405,43.8,174.2,0.995127,3.19,0.67,9.3,6,laranja
7.3,0.259,0.33,1.92,0.036583,39.4,163.3,0.991552,3.2,0.54,11.5,5,laranja
6.4,0.294,0.25,10.08,0.034608,32.8,125.7,0.996432,3.31,0.33,10.1,5,laranja
5.9,0.248,0.13,1.72,0.034009,60.7,243.9,0.993524,3.32,0.43,9.8,7,laranja
6.9,0.696,0.07,3.93,0.070784,12.0,27.4,0.995296,3.39,0.54,11.2,6,laranja
6.8,0.331,0.34,1.65,0.033956,11.4,147.7,0.992146,3.06,0.52,9.7,6,laranja
12.1,0.332,0.5,2.73,0.063851,7.3,18.2,0.999951,3.13,1.17,9.2,8,laranja
7.5,0.271,0.27,15.52,0.045985,1.3,38.1,0.996896,3.19,0.4,10.6,5,laranja
6.4,0.281,0.32,3.16,0.036963,26.5,73.0,0.990438,3.31,0.6,12.4,6,laranja
6.5,0.277,0.28,2.11,0.014615,36.2,91.9,0.990791,3.26,0.41,11.7,5,laranja
6.1,0.297,0.2,0.87,0.031825,31.6,113.0,0.989303,2.96,0.42,12.1,6,laranja
6.9,0.432,0.3,2.11,0.082724,5.3,38.6,0.993599,3.31,0.46,11.9,6,laranja
6.9,0.235,0.39,1.71,0.067857,21.0,69.8,0.995571,3.47,0.63,11.0,6,laranja
11.4,0.312,0.54,2.55,0.081579,34.1,69.3,1.000467,3.32,0.93,10.8,7,laranja
8.5,0.163,0.31,1.36,0.026067,13.4,96.9,0.99271,2.78,0.34,10.1,5,laranja
6.5,0.314,0.39,7.61,0.04201,34.9,186.9,0.99572,3.1,0.37,9.2,4,laranja
6.8,0.41,0.27,9.22,0.056792,28.7,185.7,0.995655,3.16,0.45,9.5,6,laranja
7.3,0.282,0.35,16.02,0.052423,26.4,115.7,0.99653,3.06,0.54,10.4,5,laranja
7.6,0.469,0.29,10.56,0.048188,59.9,206.0,0.99719,3.24,0.44,9.2,6,laranja
7.1,0.174,0.38,1.29,0.02522,24.8,78.2,0.992216,3.29,0.46,10.8,6,laranja
8.6,0.288,0.61,1.66,0.043904,9.2,67.9,0.993867,3.05,0.55,10.9,7,laranja
7.8,0.209,0.42,2.23,0.049841,8.7,90.2,0.992159,3.29,0.48,11.7,7,laranja
8.7,0.497,0.27,1.59,0.108618,18.2,136.8,0.997126,2.94,1.94,9.8,7,laranja
7.2,0.206,0.25,5.05,0.042417,60.2,202.5,0.994688,3.18,0.8,10.0,6,laranja
4.9,0.354,0.25,6.7,0.035219,35.4,119.5,0.992017,3.4,0.39,11.6,4,laranja
6.2,0.166,0.23,5.37,0.041372,42.4,139.2,0.993781,3.09,0.54,9.9,7,laranja
7.5,0.257,0.32,7.95,0.04567,52.1,172.3,0.996289,3.1,0.45,9.1,5,laranja
6.9,0.272,0.31,17.16,0.062317,48.6,176.3,0.999524,3.45,0.4,9.6,6,laranja
8.5,0.26,0.47,8.38,0.043829,40.2,199.0,0.9975,3.14,0.57,9.5,6,laranja
6.4,0.268,0.25,11.21,0.029194,1.9,76.7,0.994134,3.08,0.38,11.2,5,laranja
6.4,0.28,0.28,1.33,0.04412,19.6,120.9,0.993227,3.37,0.63,10.5,6,laranja
5.9,0.248,0.42,5.65,0.033205,71.9,177.9,0.992183,3.42,0.4,12.2,6,laranja
7.1,0.23,0.41,17.97,0.044814,41.6,145.8,0.999702,3.34,0.4,8.6,5,laranja
9.3,0.692,0.23,1.89,0.072633,5.7,8.4,0.996548,3.12,0.57,9.9,8,laranja
6.1,0.245,0.29,1.75,0.029663,48.8,87.8,0.988901,3.23,0.4,12.6,4,laranja
7.2,0.26,0.32,10.09,0.036692,65.9,269.2,0.996893,3.17,0.54,9.3,6,laranja
6.7,0.343,0.35,6.21,0.048707,3.8,121.0,0.995098,3.19,0.4,9.2,3,laranja
8.0,0.279,0.27,8.33,0.037353,22.9,114.5,0.993953,2.95,0.46,11.8,7,laranja
7.4,0.324,0.32,2.09,0.070483,5.4,21.6,0.994799,3.34,0.61,11.9,6,laranja
6.3,0.223,0.36,16.74,0.033494,37.3,132.3,0.999237,3.24,0.43,8.8,4,laranja
7.0,0.43,0.25,11.73,0.058322,69.6,211.1,0.997254,3.04,0.5,9.3,6,laranja
6.7,0.337,0.4,7.75,0.044074,68.4,169.1,0.994796,3.15,0.48,9.6,5,laranja
9.2,0.527,0.99,3.15,0.605571,30.6,61.9,0.999343,2.75,2.0,9.5,6,laranja
7.0,0.177,0.32,5.3,0.035184,28.1,88.4,0.993113,3.2,0.46,11.5,5,laranja
6.9,0.454,0.39,3.54,0.028209,29.0,138.8,0.990188,3.16,0.39,12.3,7,laranja
6.7,0.252,0.31,7.98,0.036349,48.2,205.0,0.99589,3.45,0.55,9.7,5,laranja
7.8,0.291,0.4,1.71,0.025468,18.3,93.0,0.991037,3.17,0.45,11.8,6,laranja
14.2,0.311,0.75,1.41,0.075181,7.8,13.3,1.001257,2.86,0.78,8.5,6,laranja
6.0,0.267,0.28,4.76,0.063795,30.6,201.3,0.996365,3.69,0.7,10.1,8,laranja
7.6,0.393,0.2,3.48,0.048291,6.3,106.5,0.994114,3.13,0.4,9.4,3,laranja
6.3,0.256,0.37,1.25,0.029696,27.1,91.1,0.989041,3.25,0.38,12.5,7,laranja
5.7,0.157,0.3,5.38,0.041405,28.6,103.2,0.994225,3.31,0.45,9.4,5,laranja
6.9,0.217,0.27,3.31,0.058242,32.9,96.2,0.99233,3.16,0.4,10.7,7,laranja
8.5,0.229,0.31,1.06,0.044114,19.4,113.6,0.992734,3.01,0.48,10.2,6,laranja
7.6,0.812,0.0,2.84,0.086555,6.5,16.6,0.997486,3.33,0.52,9.2,8,laranja
5.9,0.173,0.34,1.72,0.043292,95.9,176.0,0.990767,3.38,0.89,11.7,8,laranja
7.5,0.257,0.33,7.4,0.046136,41.9,177.5,0.996805,3.38,0.59,10.1,6,laranja
7.6,0.623,0.23,1.9,0.079214,42.2,57.0,0.994765,3.12,0.41,9.2,7,laranja
9.6,0.87,0.3,2.47,0.085495,29.3,146.4,0.998108,3.24,0.51,9.4,6,laranja
6.8,0.561,0.15,10.45,0.036334,36.6,162.7,0.996782,3.3,0.53,9.4,5,laranja
6.4,0.41,0.25,13.64,0.047267,23.2,111.4,0.998361,3.43,0.53,9.9,5,laranja
7.7,0.588,0.08,2.18,0.060792,33.8,39.2,0.994089,3.46,0.75,12.6,6,laranja
6.4,0.415,0.12,2.43,0.076973,30.4,50.2,0.995308,3.36,0.49,9.4,6,laranja
4.9,0.343,0.19,4.68,0.030627,38.1,129.2,0.991449,3.18,0.37,11.0,7,laranja
6.5,0.39,0.23,8.04,0.050523,27.3,82.9,0.995326,3.43,0.56,12.2,7,laranja
7.1,0.694,0.1,2.43,0.055289,41.1,54.5,0.996025,3.43,0.59,10.2,6,laranja
8.9,0.3,0.57,1.92,0.114336,25.8,92.3,0.99709,3.26,0.53,9.7,6,laranja
6.0,0.348,0.21,4.74,0.039676,17.1,135.6,0.993997,3.02,0.55,9.5,6,laranja
7.5,0.259,0.28,15.09,0.066205,32.4,170.0,0.998541,3.0,0.45,9.0,7,laranja
8.3,0.197,0.74,4.31,0.046438,34.3,129.3,0.992268,3.24,0.42,12.2,5,laranja
7.1,0.258,0.32,9.46,0.049732,55.1,243.5,0.995466,3.26,0.52,10.3,6,laranja
6.3,0.453,0.41,2.24,0.069276,8.0,20.2,0.995975,3.54,0.72,10.6,8,laranja
10.3,0.412,0.46,1.94,0.103309,6.4,12.3,0.996689,3.13,0.64,11.8,5,laranja
8.0,0.186,0.31,2.25,0.054062,46.9,135.8,0.99404,3.18,0.5,9.5,7,laranja
5.9,0.162,0.21,1.68,0.043424,55.7,134.7,0.993102,3.3,0.46,9.4,7,laranja
8.2,0.166,0.31,1.31,0.047355,17.1,99.2,0.99401,3.14,0.57,9.5,5,laranja
6.7,0.245,0.35,8.53,0.04258,43.4,124.3,0.994741,3.34,0.52,11.0,5,laranja
5.8,0.315,0.2,14.63,0.042292,38.9,109.7,0.996405,3.16,0.44,10.3,5,laranja
7.3,0.323,0.26,9.14,0.049624,46.5,198.2,0.99626,3.26,0.37,9.3,6,laranja
7.4,0.444,0.42,14.33,0.042937,67.0,220.7,0.998541,3.48,0.37,10.1,6,laranja
6.0,0.226,0.27,16.62,0.033956,48.1,133.1,0.997139,3.24,0.37,10.5,7,laranja
7.3,0.263,0.28,14.66,0.057079,56.2,212.8,0.998448,3.13,0.38,8.9,6,laranja
7.2,0.348,0.37,4.41,0.016549,38.6,120.6,0.990418,3.07,0.5,12.7,8,laranja
6.3,0.252,0.37,7.88,0.047973,57.7,206.6,0.995469,3.17,0.48,9.6,5,laranja
7.0,0.388,0.25,1.85,0.04828,53.2,190.6,0.991359,3.01,0.56,11.4,5,laranja
7.1,0.206,0.26,2.58,0.036918,22.6,115.6,0.994438,3.35,0.64,10.2,7,laranja
7.2,0.439,0.26,7.98,0.059905,57.3,163.7,0.992722,3.16,0.37,11.9,5,laranja
6.5,0.169,0.31,12.23,0.031785,17.8,155.2,0.996253,2.89,0.38,9.1,6,laranja
7.6,0.161,0.52,5.88,0.020204,21.2,92.2,0.993234,3.15,0.41,12.0,5,laranja
7.3,0.57,0.17,1.97,0.080901,14.9,64.3,0.996191,3.33,0.53,9.7,7,laranja
6.3,0.374,0.36,5.11,0.043523,38.8,223.0,0.994109,3.1,0.49,9.8,5,laranja
8.7,0.642,0.68,1.79,0.403233,18.5,61.7,0.996458,3.02,1.14,9.4,7,laranja
6.3,0.327,0.45,2.93,0.023169,38.8,89.9,0.990067,3.26,0.6,12.4,6,laranja
8.6,0.153,0.46,7.38,0.044658,9.0,63.1,0.99529,3.13,0.6,10.4,6,laranja
6.1,0.354,0.25,4.57,0.036632,46.3,138.7,0.991918,3.23,0.43,11.2,4,laranja
4.9,0.353,0.35,0.73,0.070012,32.5,143.3,0.991413,3.23,0.41,10.1,5,laranja
5.4,0.227,0.57,1.16,0.039516,45.5,140.1,0.991164,3.15,0.62,9.8,6,laranja
7.8,0.327,0.33,2.28,0.037026,17.9,102.8,0.990979,3.18,0.64,11.7,6,laranja
6.5,0.448,0.36,8.29,0.038831,30.1,168.2,0.996417,3.21,0.6,9.3,8,laranja
6.5,0.398,0.0,5.17,0.046699,22.0,65.7,0.9935,3.19,0.43,10.0,6,laranja
6.5,0.944,0.01,1.64,0.077231,7.8,19.0,0.993815,3.49,0.45,11.9,6,laranja
5.8,0.353,0.38,2.7,0.025806,18.6,123.6,0.990979,3.39,0.4,11.3,5,laranja
7.4,0.368,0.34,8.7,0.052061,46.1,166.6,0.996235,3.13,0.54,9.2,6,laranja
6.8,0.201,0.24,6.13,0.051047,23.2,111.0,0.993137,3.1,0.53,10.7,5,laranja
6.4,0.188,0.34,16.49,0.041135,55.4,139.3,0.996555,3.12,0.37,10.6,7,laranja
7.6,0.571,0.03,2.85,0.081323,10.1,37.2,0.995235,3.4,0.61,10.8,6,laranja
6.8,0.256,0.31,1.04,0.045804,45.3,167.8,0.993275,3.11,0.43,10.5,7,laranja
6.8,0.276,0.37,6.81,0.041966,57.6,209.3,0.995347,3.15,0.49,9.7,5,laranja
5.7,0.159,0.26,5.51,0.046358,51.9,128.7,0.993435,3.48,0.51,11.0,6,laranja
7.0,0.375,0.54,0.6,0.045284,25.1,106.8,0.991993,3.24,0.33,10.6,5,laranja
6.2,0.436,0.24,4.45,0.066806,61.4,210.0,0.993628,3.26,0.51,9.7,4,laranja
9.0,0.597,0.49,1.94,0.270777,25.5,112.5,0.996973,3.12,1.01,9.2,6,laranja
6.1,0.406,0.14,1.47,0.072189,7.0,20.1,0.995322,3.42,0.56,9.3,5,laranja
6.2,0.251,0.55,7.24,0.048254,57.7,170.7,0.994485,3.21,0.7,10.5,6,laranja
7.2,0.536,0.01,0.9,0.092322,6.1,12.5,0.995131,3.34,0.6,11.1,5,laranja
7.5,0.239,0.23,1.56,0.034764,28.5,86.9,0.98894,2.9,0.36,12.2,6,laranja
6.8,0.17,0.27,9.6,0.038496,27.5,120.8,0.994048,3.11,0.46,10.8,5,laranja
8.8,0.331,0.37,1.93,0.029799,20.3,133.7,0.991827,2.97,0.98,12.7,5,laranja
8.4,0.647,0.18,3.62,0.093413,19.7,119.0,0.998108,3.09,0.51,9.4,6,laranja
8.6,0.343,0.34,1.45,0.05368,12.9,168.8,0.994726,3.14,0.45,9.8,4,laranja
6.3,0.212,0.5,6.79,0.042496,29.4,118.1,0.994722,3.24,0.5,9.8,7,laranja
5.5,0.248,0.45,1.68,0.044596,21.6,107.6,0.992452,3.22,0.48,10.0,6,laranja
7.0,0.348,0.16,0.93,0.053841,60.7,176.3,0.993944,3.1,0.42,9.1,7,laranja
6.2,0.2,0.43,14.58,0.036602,26.8,121.6,0.996832,2.86,0.45,9.7,6,laranja
6.6,0.768,0.51,1.69,0.044746,30.0,131.9,0.991538,3.25,0.49,11.6,5,laranja
6.4,0.321,0.15,7.55,0.039618,33.9,135.8,0.995625,3.22,0.49,9.7,5,laranja
7.0,0.396,0.2,15.83,0.040195,54.5,200.6,0.998428,3.08,0.55,9.5,4,laranja
6.9,0.659,0.0,1.94,0.083576,24.3,39.7,0.997035,3.41,0.75,9.7,6,laranja
7.6,0.335,0.47,18.95,0.052383,54.8,244.7,1.000998,2.95,0.4,8.7,5,laranja
8.2,0.203,0.51,1.72,0.037823,32.5,163.9,0.994132,3.03,0.38,10.3,6,laranja
11.6,0.481,0.4,0.95,0.095176,5.5,30.7,0.997233,3.05,0.65,9.9,5,laranja
6.6,0.316,0.43,2.39,0.047212,3.6,66.9,0.993167,3.26,0.47,10.7,6,laranja
7.1,0.2,0.27,9.23,0.035973,20.9,108.0,0.994567,3.04,0.38,10.6,6,laranja
8.1,0.247,0.39,3.99,0.044493,47.9,175.2,0.995968,3.37,0.74,10.9,6,laranja
7.4,0.307,0.45,7.27,0.052901,40.8,227.0,0.996812,3.1,0.5,9.0,5,laranja
8.9,0.595,0.19,4.03,0.091633,32.2,69.0,0.997681,3.21,0.51,10.0,8,laranja
7.8,0.567,0.35,2.42,0.068229,18.4,60.2,0.997003,3.22,0.55,9.0,7,laranja
7.0,0.234,0.48,1.26,0.037864,36.4,143.9,0.993341,3.46,0.57,10.7,8,laranja
7.7,0.33,0.31,7.65,0.04743,26.0,197.5,0.994673,2.97,0.48,10.9,6,laranja
7.6,0.327,0.37,2.32,0.030398,25.5,171.0,0.994784,3.44,0.48,10.4,6,laranja
8.0,0.266,0.22,1.17,0.04651,22.0,102.9,0.99301,3.28,0.44,11.0,5,laranja
6.1,0.364,0.59,14.82,0.040031,41.5,113.5,0.997411,3.13,0.5,9.0,5,laranja
7.5,0.302,0.5,1.98,0.025969,40.6,110.0,0.990964,3.07,0.47,12.5,6,laranja
8.9,0.134,0.45,2.43,0.069439,8.7,27.4,0.995429,3.42,0.76,12.0,5,laranja
5.8,0.192,0.21,1.49,0.034274,36.9,93.7,0.99064,3.34,0.48,12.0,5,laranja
5.9,0.328,0.21,2.0,0.036084,46.7,152.3,0.99234,3.42,0.53,10.9,7,laranja
6.4,0.271,0.53,6.59,0.033613,60.6,240.0,0.99592,3.0,0.41,8.8,4,laranja
7.1,0.225,0.35,1.01,0.041276,2.8,134.3,0.991548,3.16,0.47,11.2,7,laranja
7.3,0.194,0.48,3.63,0.037535,81.2,184.1,0.993521,3.19,0.6,11.2,7,laranja
8.3,0.242,0.38,1.29,0.041406,5.1,9.2,0.993898,3.26,0.71,12.4,6,laranja
10.6,0.4,0.47,2.02,0.120554,13.6,55.0,0.998196,3.03,0.81,9.6,5,laranja
6.6,0.392,0.29,3.39,0.039982,15.1,69.1,0.989449,3.21,0.47,13.2,6,laranja
6.2,0.637,0.07,1.95,0.07855,16.8,24.8,0.995605,3.56,0.63,12.0,5,laranja
7.1,0.194,0.37,0.6,0.033891,34.1,79.0,0.991628,3.17,0.52,10.5,6,laranja
6.9,0.222,0.36,1.26,0.051215,38.2,122.8,0.99294,3.03,0.52,9.2,5,laranja
6.8,0.175,0.24,5.98,0.058299,24.1,104.5,0.993477,3.07,0.54,10.9,6,laranja
6.9,0.272,0.62,1.27,0.13515,39.3,132.5,0.993646,3.11,0.47,9.0,5,laranja
8.0,0.267,0.47,0.75,0.036869,32.5,147.6,0.99384,3.12,0.4,9.9,6,laranja
5.1,0.347,0.27,5.97,0.037205,38.4,125.0,0.99173,3.41,0.37,11.4,6,laranja
8.0,0.336,0.3,2.48,0.070018,3.0,19.2,0.994561,3.3,0.76,12.8,6,laranja
7.0,0.704,0.0,2.37,0.084099,18.2,21.9,0.997734,3.45,0.53,9.6,5,laranja
6.6,0.166,0.35,1.05,0.029405,30.1,134.8,0.990826,3.32,0.65,11.5,6,laranja
7.1,0.262,0.31,10.6,0.060032,24.6,107.1,0.996163,3.23,0.49,10.6,5,laranja
6.4,0.155,0.45,13.3,0.051556,66.1,156.8,0.996651,3.24,0.69,10.2,6,laranja
6.5,0.146,0.33,5.92,0.031586,60.1,128.7,0.992005,3.19,0.7,11.9,6,laranja
6.2,0.163,0.31,2.87,0.030495,32.3,130.6,0.991711,3.03,0.48,10.5,7,laranja
6.6,0.208,0.34,2.11,0.030161,38.0,88.1,0.990823,3.26,0.59,11.9,6,laranja
6.6,0.32,0.28,5.05,0.033537,26.1,100.1,0.990231,3.07,0.46,12.4,5,laranja
7.9,0.165,0.33,2.85,0.067258,13.6,67.4,0.99468,3.38,0.79,11.7,6,laranja
7.8,0.193,0.27,8.85,0.0454,37.2,124.3,0.997061,3.26,0.52,10.3,6,laranja
6.2,0.355,0.31,7.83,0.053557,52.6,181.1,0.996867,3.39,0.64,9.4,7,laranja
7.9,0.496,0.47,1.59,0.035931,22.6,117.4,0.9943,3.22,0.4,10.8,5,laranja
6.4,0.22,0.37,15.0,0.036023,63.5,146.3,0.998321,3.03,0.39,9.2,6,laranja
7.9,0.19,0.39,0.6,0.041042,35.7,159.2,0.990807,3.07,0.44,11.9,6,laranja
5.7,0.133,0.28,4.74,0.036454,17.4,102.1,0.994533,3.3,0.43,9.3,8,laranja
7.1,0.138,0.39,2.12,0.048567,32.7,107.3,0.992575,3.13,0.4,10.3,6,laranja
7.7,0.328,0.61,11.14,0.036435,42.1,152.7,0.997359,3.06,0.49,8.6,6,laranja
5.3,0.264,0.45,3.74,0.026491,20.3,126.1,0.99207,3.56,0.49,11.1,4,laranja
7.0,0.171,0.32,8.6,0.047708,29.6,133.5,0.994769,3.4,0.42,10.7,6,laranja
6.8,0.197,0.41,9.58,0.051273,32.3,154.5,0.99519,3.13,0.75,9.8,6,laranja
6.6,0.176,0.39,1.68,0.032879,20.0,78.3,0.990316,3.08,0.52,11.4,5,laranja
7.2,0.267,0.4,1.52,0.035498,53.5,170.3,0.990978,3.28,0.39,12.2,6,laranja
12.8,0.345,0.49,6.27,0.066004,5.5,43.4,1.001643,3.19,0.66,12.1,6,laranja
9.9,0.564,0.24,2.05,0.077005,20.3,57.9,0.999104,3.16,0.57,10.2,7,laranja
7.5,0.26,0.28,7.84,0.049318,37.0,169.9,0.996104,3.42,0.4,9.6,5,laranja
8.3,0.702,0.13,2.1,0.083721,10.8,57.9,0.997,3.23,0.75,9.4,6,laranja
8.3,0.263,0.37,1.54,0.077421,8.0,25.9,0.997448,3.25,0.71,9.6,7,laranja
8.9,0.218,0.33,6.5,0.041167,35.1,149.4,0.996498,3.11,0.45,9.7,6,laranja
6.8,0.555,0.13,1.53,0.073233,16.3,43.9,0.997243,3.6,0.63,9.9,6,laranja
5.4,0.25,0.29,7.94,0.053116,25.3,87.1,0.994422,3.18,0.37,10.2,6,laranja
7.0,0.293,0.41,6.55,0.046293,50.1,172.0,0.995582,3.2,0.46,9.1,5,laranja
6.7,0.277,0.33,8.22,0.039384,31.8,178.4,0.996521,3.31,0.4,9.0,6,laranja
7.0,0.322,0.27,6.96,0.068499,30.2,160.3,0.995699,3.11,0.46,9.8,6,laranja
9.0,0.647,0.16,3.35,0.073655,5.7,15.2,0.997695,3.27,0.57,10.2,5,laranja
7.1,0.598,0.04,2.71,0.085126,24.1,94.1,0.997331,3.54,0.53,9.6,6,laranja
7.2,0.201,0.28,2.44,0.039855,44.9,190.8,0.991284,3.32,0.42,11.8,5,laranja
10.0,0.455,0.48,2.19,0.077882,10.5,11.2,0.996324,3.23,0.62,11.7,6,laranja
5.1,0.511,0.18,2.49,0.040393,24.9,128.7,0.989907,3.36,0.76,13.3,5,laranja
5.9,0.225,0.26,11.84,0.054026,31.4,142.8,0.997154,3.34,0.44,9.4,5,laranja
6.8,0.549,0.32,13.53,0.040117,53.1,221.5,0.997109,3.25,0.49,9.6,7,laranja
8.4,0.409,0.41,8.39,0.055013,16.4,125.9,0.997641,3.4,0.48,9.2,5,laranja
7.3,0.681,0.03,1.69,0.073188,30.6,92.7,0.995734,3.32,0.68,11.1,7,laranja
6.2,0.157,0.29,1.14,0.023139,36.7,101.1,0.990879,3.42,0.56,11.4,7,laranja
6.8,0.561,0.23,1.43,0.071841,13.5,12.0,0.994471,3.39,0.8,11.1,5,laranja
7.7,0.281,0.29,7.08,0.039166,49.1,172.6,0.995213,3.13,0.6,10.0,7,laranja
8.4,0.368,0.54,2.4,0.405522,8.3,21.6,0.997789,3.07,1.06,9.1,5,laranja
7.0,0.384,0.24,2.11,0.024079,30.7,101.4,0.990384,3.34,0.6,12.7,6,laranja
6.9,0.157,0.3,12.7,0.064341,20.8,171.6,0.998087,3.0,0.52,9.0,7,laranja
6.2,0.298,0.25,12.95,0.042456,55.8,207.9,0.99738,3.14,0.41,9.5,9,laranja
7.3,0.282,0.53,13.16,0.050843,62.4,160.2,0.99899,3.09,0.48,9.0,3,laranja
6.8,0.214,0.31,2.27,0.04564,30.8,97.2,0.993076,3.32,0.64,10.5,6,laranja
8.0,0.413,0.38,4.62,0.029679,39.2,115.1,0.99155,3.15,0.52,12.4,7,laranja
8.0,0.212,0.38,6.9,0.051879,30.4,134.4,0.995318,3.24,0.53,10.7,5,laranja
9.3,0.167,0.23,2.04,0.043994,14.8,59.6,0.994125,3.07,0.33,9.5,6,laranja
8.4,0.303,0.37,11.61,0.022916,2.5,47.9,0.99408,3.02,0.36,11.6,6,laranja
7.1,0.223,0.32,3.59,0.021957,39.0,137.0,0.991771,3.14,0.38,10.9,5,laranja
6.3,0.384,0.22,1.5,0.04131,35.2,145.8,0.992421,3.12,0.45,10.2,6,laranja
7.3,0.335,0.35,7.28,0.046124,43.7,172.6,0.99576,3.14,0.54,9.7,5,laranja
7.7,0.369,0.45,11.33,0.08816,60.1,182.8,0.998143,2.87,0.45,9.0,5,laranja
8.0,0.758,0.33,1.61,0.078079,19.8,68.8,0.996754,3.27,0.53,10.0,7,laranja
7.1,0.32,0.29,2.19,0.040753,20.4,181.3,0.991715,3.18,0.56,11.3,6,laranja
9.6,0.634,0.29,2.76,0.087757,17.1,75.7,0.999766,3.33,0.55,9.6,5,laranja
7.2,0.435,0.49,0.67,0.046923,11.5,140.1,0.992773,3.0,0.43,9.3,8,laranja
7.1,0.686,0.02,2.2,0.070404,12.7,19.4,0.997026,3.44,0.51,9.3,5,laranja
8.6,0.276,0.42,9.22,0.047249,36.1,136.9,0.998791,3.4,0.46,9.3,7,laranja
6.7,0.257,0.52,8.43,0.046648,62.8,195.3,0.996309,3.23,0.49,9.2,7,laranja
6.3,0.366,0.5,6.49,0.048761,35.1,147.4,0.993949,3.07,1.0,10.5,8,laranja
6.4,0.236,0.4,2.19,0.034213,43.3,95.8,0.989869,3.18,0.43,11.9,6,laranja
6.7,0.271,0.34,1.26,0.033499,27.7,92.3,0.990447,3.19,0.44,12.3,8,laranja
5.7,0.427,0.13,6.45,0.028605,29.6,181.6,0.991207,3.33,0.48,12.6,4,laranja
6.5,0.31,0.4,6.38,0.039722,45.1,174.9,0.995387,3.12,0.47,9.3,6,laranja
10.6,0.233,0.48,2.73,0.068685,9.1,21.4,0.998135,3.15,0.9,11.2,6,laranja
6.5,0.265,0.19,1.97,0.08187,23.2,196.9,0.995656,3.48,0.64,9.6,6,laranja
6.9,0.1,0.29,8.59,0.04524,47.3,105.1,0.994618,3.22,0.35,9.8,6,laranja
8.8,0.197,0.43,14.73,0.048413,59.6,194.3,1.000361,3.26,0.77,8.7,6,laranja
6.6,0.257,0.3,4.72,0.042827,56.7,185.6,0.995183,3.32,0.8,9.9,8,laranja
7.3,0.209,0.36,15.65,0.045179,70.2,202.5,0.999659,3.26,0.76,9.5,7,laranja
7.3,0.207,0.25,11.56,0.059236,46.5,152.6,0.997989,3.0,0.59,9.3,7,laranja
8.2,0.197,0.39,11.61,0.059214,52.7,177.7,1.000083,3.33,0.8,8.9,5,laranja
5.4,0.219,0.18,2.39,0.046092,39.6,170.5,0.992121,3.19,0.44,10.5,7,laranja
6.7,0.216,0.26,1.44,0.045558,13.3,127.1,0.993465,3.36,0.61,9.9,5,laranja
6.5,0.377,0.26,5.05,0.044653,33.2,109.9,0.990806,3.06,0.47,12.2,5,laranja
6.7,0.265,0.51,9.03,0.043286,53.6,192.2,0.995781,3.16,0.45,9.6,5,laranja
7.1,0.476,0.19,2.57,0.067904,13.6,29.4,0.997529,3.52,0.72,9.8,6,laranja
6.3,0.445,0.47,5.71,0.009045,41.1,139.6,0.989436,3.11,0.33,12.9,5,laranja
13.5,0.543,0.79,4.37,0.11742,21.9,78.3,1.002167,3.18,0.78,13.0,5,laranja
7.4,0.319,0.22,4.37,0.028374,4.6,43.9,0.990991,3.02,0.34,11.9,7,laranja
4.9,0.427,0.0,2.49,0.051478,16.7,46.0,0.991772,3.69,0.74,14.0,5,laranja
6.6,0.287,0.24,5.44,0.055802,48.1,161.4,0.993692,3.16,0.5,10.3,7,laranja
6.9,0.249,0.33,7.86,0.047335,77.1,196.6,0.995867,3.24,0.44,9.3,6,laranja
9.8,0.682,0.1,1.77,0.083931,8.8,29.9,0.99572,2.87,0.48,9.8,5,laranja
6.3,0.473,0.73,7.31,0.097023,46.2,209.9,0.995655,3.22,0.45,9.2,7,laranja
8.7,0.627,0.25,2.59,0.097562,18.0,71.0,0.997015,3.28,0.64,10.3,8,laranja
8.5,0.288,0.56,1.98,0.093659,35.2,98.3,0.996907,3.31,0.75,10.6,6,laranja
5.7,0.25,0.29,11.51,0.056066,45.1,177.0,0.997561,3.43,0.45,9.5,6,laranja
6.5,0.236,0.22,7.19,0.036957,34.0,170.8,0.995774,3.41,0.57,9.9,5,laranja
10.6,0.247,0.46,2.19,0.078613,6.4,17.6,0.997756,3.23,1.03,10.8,6,laranja
5.0,0.228,0.25,12.06,0.029186,33.6,116.9,0.995469,3.07,0.5,9.3,8,laranja
7.7,0.314,0.37,5.45,0.039925,11.6,130.3,0.992083,3.17,0.38,11.8,5,laranja
6.9,0.178,0.71,17.49,0.045136,21.0,110.9,0.998,2.84,0.51,9.4,5,laranja
6.2,0.736,0.01,2.8,0.038984,20.2,116.3,0.990218,3.19,0.94,13.6,8,laranja
6.1,0.234,0.24,7.75,0.051548,44.7,141.8,0.995512,3.23,0.52,9.4,5,laranja
6.9,0.157,0.38,13.95,0.045647,39.5,107.2,0.995947,3.05,0.54,10.7,6,laranja
6.8,0.483,0.24,0.73,0.075924,18.2,25.7,0.994846,3.37,0.59,10.8,5,laranja
8.4,0.654,0.23,1.76,0.070882,9.0,24.9,0.99655,3.28,1.21,10.4,6,laranja
7.2,0.734,0.06,5.38,0.089392,2.5,17.1,0.996383,3.42,0.39,10.9,5,laranja
5.6,0.239,0.28,1.53,0.046508,31.6,134.6,0.991101,3.32,0.52,10.9,4,laranja
8.4,0.208,0.37,11.85,0.053516,51.9,166.9,1.00095,3.35,0.82,8.9,4,laranja
7.0,0.211,0.44,6.42,0.040475,34.1,119.4,0.992951,3.04,0.52,10.7,5,laranja
8.0,0.713,0.04,1.71,0.07525,8.7,22.9,0.995831,3.35,0.95,10.5,5,laranja
8.7,0.465,0.3,3.31,0.069805,7.8,26.2,0.996415,3.35,0.68,11.3,7,laranja
8.6,0.517,0.38,0.62,0.102374,4.9,22.4,0.997094,3.22,0.51,9.4,7,laranja
6.3,0.257,0.4,7.11,0.047321,63.3,205.8,0.995323,3.2,0.53,9.4,5,laranja
6.7,0.203,0.29,1.55,0.023953,15.1,75.7,0.991085,3.1,0.43,11.2,6,laranja
8.3,0.314,0.36,12.48,0.028395,4.3,44.0,0.994762,3.03,0.34,11.8,6,laranja
6.1,0.325,0.32,8.01,0.049216,49.5,181.6,0.996355,3.4,0.65,9.5,5,laranja
7.1,0.251,0.41,1.08,0.059413,12.4,120.7,0.991748,3.17,0.47,10.6,4,laranja
5.7,0.265,0.26,3.3,0.073143,26.4,72.8,0.989679,3.08,0.37,11.6,6,laranja
6.3,0.687,0.55,13.22,0.054702,59.6,256.4,0.997693,3.33,0.52,8.7,6,laranja
8.8,0.821,0.34,1.23,0.05139,4.7,12.9,0.995402,3.12,0.47,9.2,6,laranja
6.5,0.185,0.33,1.36,0.029848,13.6,107.9,0.992649,3.24,0.57,10.0,5,laranja
10.9,0.28,0.67,2.41,0.090874,10.1,22.2,0.99665,3.19,0.59,11.8,6,laranja
7.4,0.242,0.36,2.16,0.052281,32.7,92.2,0.991627,3.18,0.45,10.8,5,laranja
6.4,0.265,0.18,6.82,0.046197,96.6,168.3,0.993946,3.17,0.35,10.0,5,laranja
7.8,0.132,0.48,4.7,0.052524,33.0,159.2,0.995116,3.16,0.47,10.6,5,laranja
8.5,0.231,0.41,10.03,0.035329,22.5,92.4,0.9949,3.02,0.43,10.5,7,laranja
12.5,0.409,0.53,2.17,0.102004,16.7,38.7,0.999469,3.2,0.74,11.1,5,laranja
8.0,0.221,0.31,1.1,0.037108,9.1,43.7,0.992403,2.98,0.71,10.1,5,laranja
6.4,0.391,0.26,8.47,0.044656,27.6,104.5,0.992349,2.99,0.29,11.4,6,laranja
5.8,0.236,0.45,11.22,0.090138,50.0,162.2,0.997114,3.02,0.53,8.8,5,laranja
6.2,0.371,0.29,2.48,0.032146,14.5,77.8,0.989486,2.89,0.7,12.6,5,laranja
9.5,0.691,0.26,1.98,0.089648,6.5,27.7,0.999028,3.14,0.59,10.1,6,laranja
6.8,0.337,0.33,2.27,0.045985,34.1,107.7,0.990798,3.29,0.48,12.0,5,laranja
6.1,0.169,0.22,5.92,0.054158,26.5,131.5,0.99372,3.08,0.55,9.7,6,laranja
7.1,0.64,0.51,2.03,0.053381,19.5,123.5,0.994617,3.32,0.6,10.6,6,laranja
7.9,0.301,0.39,1.19,0.025652,19.1,85.5,0.991161,3.14,0.47,11.8,6,laranja
8.6,0.631,0.19,2.12,0.096406,21.3,118.5,0.998014,3.06,0.52,9.2,7,laranja
5.8,0.29,0.31,3.67,0.030594,34.9,111.0,0.989521,3.25,0.6,12.9,7,laranja
6.7,0.299,0.36,7.03,0.058033,35.3,201.9,0.997015,3.58,0.54,10.3,6,laranja
7.6,0.208,0.29,1.31,0.041339,32.9,89.2,0.99044,3.04,0.39,11.5,6,laranja
6.3,0.41,0.31,3.6,0.047499,12.6,55.1,0.993033,3.37,0.63,12.1,5,laranja
9.3,0.681,0.23,2.07,0.097343,5.1,34.0,0.997453,3.26,0.42,9.5,6,laranja
6.9,0.117,0.28,13.08,0.047767,34.1,86.8,0.996713,3.21,0.36,10.1,5,laranja
6.5,0.197,0.3,1.64,0.026796,16.2,81.0,0.99077,3.11,0.45,10.8,5,laranja
6.7,0.228,0.42,10.02,0.039323,49.3,164.7,0.995161,3.11,0.59,10.0,5,laranja
6.2,0.413,0.15,1.01,0.03125,24.7,100.5,0.992728,3.14,0.4,9.5,7,laranja
6.4,0.266,0.24,2.21,0.046871,27.4,137.8,0.991092,3.14,0.54,11.2,5,laranja
6.1,0.181,0.35,6.38,0.036775,29.5,111.0,0.993648,3.34,0.58,10.2,7,laranja
6.9,0.283,0.28,2.13,0.045376,32.7,129.9,0.992818,3.45,0.49,10.7,8,laranja
11.8,0.398,0.69,3.06,0.093881,16.2,32.6,0.999377,3.08,0.59,10.8,7,laranja
6.5,0.29,0.21,2.72,0.08508,21.2,195.5,0.995176,3.49,0.64,9.5,6,laranja
7.6,0.237,0.3,7.07,0.049062,36.8,153.2,0.996096,3.13,0.49,8.8,6,laranja
6.5,0.288,0.27,3.59,0.042635,38.7,105.6,0.990537,3.19,0.59,12.8,5,laranja
7.7,0.486,0.23,1.32,0.041795,9.5,96.0,0.992245,3.06,0.28,10.6,6,laranja
8.8,0.223,0.45,0.6,0.04969,10.7,65.6,0.994008,2.94,0.48,9.1,5,laranja
7.9,0.191,0.49,4.4,0.043763,38.3,150.0,0.995292,3.19,0.48,10.6,6,laranja
8.0,0.324,0.36,4.35,0.04358,57.6,173.8,0.992639,3.31,0.48,11.9,7,laranja
8.7,0.486,0.49,3.11,0.07849,16.6,107.5,0.998146,3.28,0.6,9.9,6,laranja
6.5,0.306,0.39,16.55,0.054912,16.5,171.4,1.00018,3.39,0.6,9.2,6,laranja
8.5,0.393,0.67,13.55,0.045164,31.9,193.0,0.997746,3.05,0.63,9.9,6,laranja
7.9,0.328,0.44,6.48,0.031236,44.7,133.6,0.991321,2.96,0.37,12.7,7,laranja
6.1,0.376,0.17,6.68,0.03657,36.0,200.4,0.994315,3.15,0.62,9.9,7,laranja
10.9,0.33,0.52,1.66,0.126023,16.8,47.1,0.997166,3.29,0.75,11.5,7,laranja
7.8,0.218,0.37,1.94,0.058486,22.8,136.0,0.992119,3.06,0.51,10.9,5,laranja
6.6,0.345,0.34,0.6,0.041844,34.9,119.4,0.989763,3.05,0.37,12.2,5,laranja
7.5,0.176,0.29,1.62,0.060425,32.2,169.1,0.991289,3.11,0.41,11.5,5,laranja
5.9,0.224,0.26,2.03,0.066436,19.1,129.3,0.993793,3.22,0.44,9.1,6,laranja
7.1,0.202,0.33,11.97,0.048403,34.4,122.3,0.996825,2.94,0.55,9.3,6,laranja
6.6,0.339,0.27,3.99,0.037902,15.9,123.3,0.992207,3.37,0.69,12.6,5,laranja
6.8,0.331,0.3,2.0,0.040097,29.9,117.4,0.992349,3.24,0.51,11.1,7,laranja
7.1,0.203,0.2,4.86,0.052051,39.3,162.5,0.994424,3.34,0.47,10.3,6,laranja
6.5,0.42,0.23,2.96,0.034217,23.9,90.4,0.990974,3.04,0.39,11.4,5,laranja
6.9,0.218,0.28,3.15,0.033519,14.9,71.1,0.993037,2.9,0.79,11.5,6,laranja
7.7,0.439,0.24,10.93,0.030934,41.8,170.4,0.994754,3.12,0.44,11.3,6,laranja
5.8,0.303,0.66,9.07,0.037811,29.0,153.9,0.996787,3.65,0.54,10.8,6,laranja
5.9,0.323,0.2,15.81,0.044274,25.1,167.3,0.997192,3.08,0.46,8.9,7,laranja
10.8,0.353,0.51,2.48,0.065354,4.6,15.1,0.997534,3.14,0.64,10.9,6,laranja
6.7,0.208,0.29,6.37,0.033064,33.7,162.6,0.991804,3.25,0.66,12.7,6,laranja
7.8,0.3,0.3,2.4,0.043463,27.8,211.5,0.994522,3.21,0.63,9.8,8,laranja
7.3,0.183,0.66,1.18,0.048828,28.9,151.6,0.994519,3.31,0.59,9.4,5,laranja
7.4,0.285,0.36,14.55,0.050012,34.6,165.0,0.996675,3.13,0.54,10.7,7,laranja
6.2,0.291,0.41,1.79,0.0352,28.8,128.0,0.989967,3.12,0.36,11.6,6,laranja
6.9,0.16,0.4,1.36,0.040406,21.8,157.3,0.994438,3.5,0.47,10.1,5,laranja
7.7,0.203,0.35,0.93,0.042957,24.8,127.0,0.993214,3.12,0.7,10.4,6,laranja
7.2,0.285,0.54,16.43,0.044338,55.8,197.1,0.999027,3.07,0.5,9.5,6,laranja
7.5,0.18,0.3,10.6,0.04684,41.2,180.4,0.99675,3.11,0.55,9.7,6,laranja
7.2,0.251,0.4,2.16,0.036814,52.2,171.6,0.991525,3.28,0.37,12.0,5,laranja
5.6,0.261,0.5,10.79,0.026562,26.3,90.5,0.99473,3.21,0.47,10.4,8,laranja
6.9,0.112,0.4,12.08,0.04603,79.9,188.3,0.997471,3.23,0.78,10.2,5,laranja
6.6,0.211,0.42,14.73,0.03771,82.0,156.9,0.998641,3.15,0.5,9.3,6,laranja
7.7,0.286,0.35,14.99,0.059792,29.7,128.8,1.000169,3.28,0.5,9.7,4,laranja
7.4,0.193,0.28,13.07,0.050495,46.0,233.5,0.99887,3.14,0.5,9.0,6,laranja
6.3,0.194,0.33,7.43,0.029878,14.0,82.5,0.992981,3.14,0.54,10.9,7,laranja
10.3,0.383,0.42,2.76,0.213958,7.9,6.4,0.999163,3.16,0.6,9.6,5,laranja
7.2,0.287,0.36,4.75,0.027442,26.2,111.0,0.991942,3.13,0.85,12.8,6,laranja
6.8,0.392,0.24,9.05,0.056682,22.8,111.1,0.995984,3.23,0.44,9.4,7,laranja
5.7,0.396,0.41,4.15,0.047442,38.6,244.5,0.993342,3.24,0.57,9.8,7,laranja
6.6,0.165,0.54,8.65,0.077035,62.4,162.4,0.996321,2.9,0.39,8.8,7,laranja
6.9,0.404,0.33,1.17,0.089376,16.9,42.3,0.996291,3.36,0.55,9.1,6,laranja
6.2,0.536,0.28,2.16,0.05286,13.4,52.4,0.993679,3.41,0.59,12.9,7,laranja
6.9,0.171,0.27,10.11,0.037165,29.6,114.5,0.994468,3.13,0.45,10.8,6,laranja
8.5,0.37,0.36,11.87,0.032553,17.8,129.1,0.992475,2.97,0.37,13.0,5,laranja
7.4,0.286,0.23,12.36,0.051609,19.9,135.0,0.998398,3.15,0.51,9.8,5,laranja
7.6,0.429,0.49,12.81,0.031063,35.0,151.5,0.995196,3.16,0.37,11.5,6,laranja
6.0,0.561,0.01,0.92,0.035075,31.0,99.5,0.989922,3.1,0.4,10.9,6,laranja
7.3,0.207,0.4,15.01,0.051407,55.8,189.0,1.000105,3.3,0.61,8.9,7,laranja
6.6,0.251,0.34,3.3,0.053357,50.8,171.8,0.993523,3.01,0.46,9.3,6,laranja
8.1,0.397,0.44,2.0,0.090681,10.9,44.7,0.997543,3.5,0.62,10.6,5,laranja
7.4,0.534,0.06,1.3,0.071162,3.1,23.5,0.997506,3.33,0.83,9.4,7,laranja
6.1,0.36,0.34,4.28,0.035775,45.4,91.9,0.989506,3.21,0.52,13.2,5,laranja
7.1,0.349,0.5,1.19,0.026855,26.8,123.4,0.990159,3.33,0.32,12.1,4,laranja
5.6,0.269,0.44,1.82,0.046226,20.8,117.4,0.991944,3.2,0.48,9.9,5,laranja
7.1,0.337,0.14,11.65,0.042225,35.9,221.4,0.997601,3.13,0.5,8.8,5,laranja
7.7,0.257,0.3,4.73,0.057821,29.9,151.5,0.99587,3.46,0.61,10.3,5,laranja
7.2,0.221,0.36,1.82,0.028175,22.4,68.1,0.990938,3.12,0.62,12.5,7,laranja
6.6,0.557,0.03,2.74,0.033184,46.4,113.5,0.990494,3.16,0.32,11.8,7,laranja
6.3,0.249,0.49,5.42,0.050502,26.5,116.3,0.99446,3.01,0.99,10.5,5,laranja
7.1,0.261,0.34,1.36,0.03772,34.7,166.7,0.990734,3.02,0.58,11.3,6,laranja
7.9,1.177,0.21,2.24,0.086828,13.2,41.0,0.995159,3.34,0.47,10.5,5,laranja
7.2,0.495,0.22,1.96,0.047094,145.3,307.8,0.992478,3.25,0.39,11.0,5,laranja
7.2,0.661,0.0,1.73,0.071663,11.5,30.2,0.995771,3.43,0.71,11.2,6,laranja
7.2,0.287,0.25,7.48,0.047085,52.3,210.0,0.995812,3.11,0.36,9.1,4,laranja
7.7,0.29,0.3,4.11,0.047375,25.3,135.4,0.994092,3.15,0.4,10.1,7,laranja
6.9,0.32,0.51,7.58,0.054817,24.7,157.7,0.996403,3.43,0.63,11.0,7,laranja
6.3,0.404,0.25,4.88,0.033797,43.5,131.0,0.991949,3.22,0.45,11.3,7,laranja
6.2,0.207,0.31,12.64,0.05561,108.2,155.3,0.997197,3.09,0.47,9.5,5,laranja
6.3,0.288,0.27,3.97,0.0344,20.5,102.0,0.989219,2.99,0.65,13.2,6,laranja
8.1,0.722,0.09,2.66,0.084057,16.8,45.5,0.999154,3.42,0.74,11.2,7,laranja
10.4,0.451,0.42,2.24,0.143553,33.0,48.9,0.998024,3.39,0.85,10.1,5,laranja
7.8,0.145,0.24,7.78,0.046344,20.9,107.6,0.99501,2.94,0.31,9.5,5,laranja
6.0,0.114,0.29,6.13,0.045413,38.8,158.2,0.994526,3.6,0.43,10.6,4,laranja
10.2,0.419,0.57,3.02,0.073506,3.1,6.0,0.996643,3.04,0.62,9.6,4,laranja
7.2,0.26,0.37,9.5,0.043784,36.0,131.4,0.998171,3.49,0.74,9.9,5,laranja
6.4,0.177,0.24,3.15,0.05189,20.1,122.1,0.99381,3.1,0.52,9.1,5,laranja
6.9,0.243,0.37,6.68,0.039789,30.5,104.1,0.992091,2.98,0.83,11.5,7,laranja
7.6,0.173,0.45,4.95,0.041996,67.3,158.4,0.992352,3.0,0.39,10.7,4,laranja
7.7,0.31,0.25,5.15,0.053072,22.4,116.7,0.995739,3.13,0.49,9.1,5,laranja
6.4,0.328,0.17,17.55,0.061775,51.7,185.8,0.999281,3.13,0.48,8.7,5,laranja
7.0,0.669,0.01,1.88,0.080403,16.8,18.6,0.997369,3.43,0.56,9.3,5,laranja
6.3,0.294,0.17,17.53,0.063395,49.9,186.5,0.998993,3.14,0.49,9.0,7,laranja
4.8,0.442,0.19,1.89,0.037233,34.5,99.1,0.987651,3.21,0.83,14.1,6,laranja
7.3,0.284,0.38,12.56,0.036791,37.4,142.4,0.998071,3.28,0.79,9.7,6,laranja
5.2,0.429,0.03,0.83,0.036088,41.4,113.9,0.989285,3.35,0.32,12.3,6,laranja
6.7,0.482,0.2,1.68,0.079738,15.1,17.7,0.995263,3.35,0.62,10.0,5,laranja
7.1,0.196,0.26,6.47,0.050906,27.3,214.9,0.996342,3.37,0.57,10.0,8,laranja
6.9,0.367,0.63,10.47,0.041373,70.2,188.5,0.998104,3.09,0.5,8.6,4,laranja
10.1,0.677,0.11,1.73,0.08285,8.7,27.0,0.995588,2.87,0.47,9.8,5,laranja
6.5,0.19,0.22,1.17,0.041095,42.6,154.5,0.993297,3.48,0.58,10.1,6,laranja
7.9,0.152,0.31,5.17,0.031438,37.2,165.7,0.996711,3.49,0.44,9.0,5,laranja
6.4,0.177,0.27,9.66,0.046588,27.8,97.1,0.995789,3.35,0.5,9.8,6,laranja
7.1,0.132,0.32,9.01,0.058904,65.5,164.9,0.995992,3.39,0.41,9.4,5,laranja
7.2,0.252,0.33,14.94,0.07373,27.0,108.2,0.998124,2.97,0.44,9.1,5,laranja
6.2,0.333,0.27,1.33,0.185214,10.2,175.5,0.992363,3.11,0.61,9.3,6,laranja
6.8,0.297,0.43,7.39,0.028781,29.3,109.7,0.991327,3.07,0.6,12.4,5,laranja
7.2,0.233,0.42,15.47,0.051743,74.1,225.5,0.998637,3.17,0.72,9.2,6,laranja
7.1,0.323,0.48,1.83,0.044085,31.2,102.6,0.994075,3.4,0.59,10.1,6,laranja
8.3,0.17,0.32,0.86,0.019501,12.4,91.5,0.993101,2.79,0.37,10.1,5,laranja
6.1,0.388,0.52,6.29,0.051118,35.8,135.7,0.994264,3.08,1.01,10.6,4,laranja
7.3,0.342,0.4,5.27,0.043879,45.7,165.5,0.992669,3.29,0.48,12.2,6,laranja
5.0,0.274,0.3,5.28,0.037334,63.1,137.6,0.989626,3.19,0.34,12.5,5,laranja
6.5,0.327,0.28,7.25,0.04731,53.6,175.2,0.994823,3.14,0.47,9.6,5,laranja
6.5,0.236,0.33,1.31,0.034785,23.9,182.0,0.992221,3.28,0.46,10.7,6,laranja
7.9,0.156,0.33,0.65,0.042782,71.1,165.2,0.991676,3.06,0.47,11.0,5,laranja
7.7,0.488,1.01,19.39,0.025995,27.3,128.0,0.997395,3.25,0.38,11.9,4,laranja
6.8,0.122,0.32,5.08,0.04441,27.9,117.8,0.994331,3.39,0.45,9.8,6,laranja
5.8,0.24,0.31,6.55,0.023458,31.5,132.7,0.994708,3.52,0.41,10.4,5,laranja
6.1,0.268,0.41,1.91,0.023574,20.0,89.9,0.989205,3.24,0.95,13.1,6,laranja
6.5,0.171,0.28,1.82,0.040037,53.6,157.5,0.992309,3.14,0.44,10.1,6,laranja
8.1,0.769,0.1,3.73,0.086596,4.3,22.2,0.998713,3.36,0.51,9.6,5,laranja
8.0,0.292,0.49,7.47,0.045252,21.5,127.0,0.994558,3.14,0.42,10.7,6,laranja
7.6,0.402,0.2,3.33,0.047826,8.5,119.8,0.994295,3.14,0.4,9.2,6,laranja
7.3,0.158,0.39,12.56,0.041456,68.5,169.9,0.997551,3.15,0.79,10.2,6,laranja
5.6,0.163,0.23,3.0,0.040729,8.2,110.8,0.992849,3.27,0.51,10.0,7,laranja
6.3,0.302,0.3,2.8,0.039911,30.0,88.9,0.990736,3.32,0.61,11.9,5,laranja
6.8,0.218,0.62,5.99,0.039529,6.4,112.7,0.994046,2.95,0.6,10.2,6,laranja
10.4,0.259,0.5,1.14,0.042186,27.9,164.3,0.997906,3.19,0.6,9.8,6,laranja
7.1,0.295,0.38,1.85,0.033164,34.2,129.7,0.990404,3.26,0.47,12.3,4,laranja
6.4,0.67,0.0,3.69,0.108614,31.7,51.9,0.99618,3.5,0.67,11.5,7,laranja
6.5,0.612,0.02,1.98,0.06336,5.9,6.0,0.993437,3.33,0.38,10.2,6,laranja
8.1,0.299,0.36,7.46,0.028713,29.7,147.6,0.992368,3.01,0.34,13.0,5,laranja
6.9,0.583,0.27,1.94,0.038666,11.6,80.2,0.993382,3.34,0.74,10.0,5,laranja
7.3,0.202,1.01,0.68,0.151641,46.8,110.7,0.993005,2.96,0.42,9.2,6,laranja
12.2,0.324,0.49,2.23,0.064977,8.7,23.3,0.999738,3.12,1.19,9.1,6,laranja
11.1,0.308,0.49,3.54,0.094419,14.4,51.5,0.998501,3.13,1.03,10.6,5,laranja
6.2,0.339,0.29,11.0,0.049207,27.0,238.5,0.998108,3.17,0.47,8.7,6,laranja
6.6,0.371,0.21,2.21,0.051421,45.7,171.2,0.993272,3.15,0.5,9.6,7,laranja
8.2,0.241,0.4,8.53,0.041473,40.3,153.0,0.993917,3.11,0.38,12.1,5,laranja
8.3,0.351,0.59,13.13,0.049207,59.6,135.7,0.99899,2.97,0.39,8.6,6,laranja
5.5,0.254,0.2,9.66,0.04658,49.1,129.5,0.995697,3.19,0.46,10.2,6,laranja
6.8,0.108,0.27,14.89,0.047936,44.1,86.4,0.996663,3.21,0.34,9.6,6,laranja
7.0,0.353,0.29,2.2,0.068244,15.4,156.5,0.993822,3.17,0.47,9.3,6,laranja
7.3,0.156,0.3,13.95,0.053192,33.2,168.2,0.998441,2.9,0.45,8.7,5,laranja
6.2,0.26,0.28,16.5,0.045329,50.6,167.7,0.999944,3.4,0.45,9.4,6,laranja
6.1,0.349,0.16,6.61,0.035315,36.5,195.7,0.994777,3.18,0.63,10.0,6,laranja
6.5,0.412,0.25,1.52,0.066104,4.3,12.4,0.9957,3.33,0.57,9.2,5,laranja
9.2,0.254,0.41,1.63,0.095899,7.9,13.7,0.997885,3.28,0.69,9.7,4,laranja
6.5,0.399,0.28,2.9,0.036659,17.5,71.0,0.989659,3.2,0.48,13.2,7,laranja
6.9,0.363,0.33,10.59,0.043063,34.4,135.1,0.993575,3.08,0.33,11.5,6,laranja
6.8,0.225,0.36,17.89,0.046825,31.7,139.4,0.99976,3.29,0.47,8.7,6,laranja
8.4,0.323,0.29,1.16,0.041995,12.9,107.4,0.992527,2.95,0.39,10.1,5,laranja
5.7,0.28,0.29,2.22,0.032665,75.5,127.3,0.990141,3.2,0.38,11.5,5,laranja
8.3,0.231,0.3,1.73,0.049083,22.5,154.5,0.995047,3.1,0.48,9.6,6,laranja
7.2,0.249,0.33,14.01,0.067947,35.3,182.5,0.998293,3.06,0.53,9.0,5,laranja
8.0,0.744,0.09,2.79,0.08185,18.0,49.3,0.999358,3.43,0.73,11.1,5,laranja
7.4,0.59,0.01,1.8,0.070201,11.0,39.9,0.997303,3.48,0.66,9.8,6,laranja
6.5,0.274,0.44,6.92,0.050554,48.0,189.0,0.995282,3.13,0.49,9.1,6,laranja
6.4,0.281,0.3,6.55,0.208797,64.0,157.6,0.994834,3.09,0.39,9.3,6,laranja
5.6,0.316,0.2,2.65,0.051639,16.1,138.3,0.993907,3.2,0.67,9.9,5,laranja
6.5,0.315,0.16,17.72,0.058754,52.6,190.9,0.99908,3.14,0.49,8.8,6,laranja
6.2,0.184,0.38,1.36,0.029132,37.5,114.6,0.992903,3.47,0.54,9.8,7,laranja
4.9,0.168,0.28,2.41,0.024244,23.9,116.9,0.990138,3.41,0.33,11.2,7,laranja
13.0,0.472,0.49,3.75,0.086626,2.7,55.6,1.00187,3.3,0.68,12.7,6,laranja
6.9,0.213,0.35,2.32,0.031995,26.3,121.0,0.990122,3.14,0.37,12.4,6,laranja
6.9,0.321,0.28,2.36,0.050866,37.4,125.9,0.996661,2.93,1.62,9.4,6,laranja
6.9,0.248,0.34,4.92,0.039222,31.4,104.1,0.992168,3.26,0.47,11.9,6,laranja
7.2,0.215,1.01,0.62,0.155846,46.9,106.4,0.993214,2.94,0.43,9.1,5,laranja
7.1,0.251,0.24,0.88,0.047294,49.4,185.3,0.992263,3.19,0.41,10.8,6,laranja
6.6,0.4,0.14,12.63,0.040849,28.3,156.0,0.997788,3.23,0.48,9.0,6,laranja
6.0,0.186,0.23,2.2,0.040054,39.5,96.1,0.99028,3.37,0.48,12.0,4,laranja
8.8,0.415,0.4,2.35,0.076301,16.5,49.1,0.998307,3.43,0.64,9.2,7,laranja
13.9,0.48,0.67,2.79,0.090889,7.4,22.2,0.998691,3.02,0.93,12.0,6,laranja
6.0,0.338,0.23,5.37,0.061818,22.6,125.0,0.99484,3.24,0.46,9.1,6,laranja
7.3,0.229,0.28,2.11,0.031844,38.7,98.0,0.992126,3.28,0.67,10.9,5,laranja
6.5,0.302,0.37,5.47,0.055365,11.9,162.4,0.99595,3.23,0.39,8.8,7,laranja
7.0,0.445,0.25,2.48,0.043394,25.1,89.0,0.988694,2.94,0.39,13.2,4,laranja
9.1,0.466,0.29,1.93,0.094118,20.5,99.2,0.998105,3.34,0.62,9.5,7,laranja
6.3,0.244,0.3,0.96,0.031459,25.1,106.4,0.989675,3.37,0.4,12.3,5,laranja
7.6,0.267,0.32,1.38,0.046021,33.2,105.3,0.993026,3.24,0.56,10.6,7,laranja
8.0,0.221,0.41,1.7,0.032918,34.6,119.6,0.992185,3.13,0.39,10.6,6,laranja
7.1,0.288,0.33,14.41,0.04389,47.9,166.3,0.999088,3.34,0.67,8.9,5,laranja
6.4,0.411,0.76,12.24,0.076438,48.5,208.8,0.997105,3.13,0.57,9.0,6,laranja
11.7,0.446,0.44,1.53,0.146171,37.5,47.6,0.998694,3.38,0.85,9.8,6,laranja
6.7,0.169,0.69,17.5,0.044032,20.5,112.4,0.99787,2.87,0.5,9.6,5,laranja
7.7,0.281,0.31,10.26,0.043915,21.3,146.1,0.996936,3.04,0.36,9.4,5,laranja
6.0,0.411,0.36,2.05,0.03493,19.1,76.8,0.992032,3.24,0.5,10.9,5,laranja
7.0,0.246,0.47,2.59,0.030059,31.0,86.7,0.990355,3.14,0.38,12.3,5,laranja
6.8,0.2,0.27,10.18,0.040487,29.7,108.5,0.994093,3.11,0.42,10.9,6,laranja
7.4,0.282,0.33,17.18,0.050533,33.4,170.8,0.998698,3.07,0.63,10.2,6,laranja
6.4,0.216,0.34,1.01,0.051507,24.9,116.7,0.991872,3.36,0.43,10.9,6,laranja
6.1,0.176,0.28,0.6,0.032149,22.2,70.2,0.990399,3.21,0.51,11.2,6,laranja
6.8,0.197,0.35,1.15,0.034022,40.3,111.8,0.993638,3.28,0.94,9.4,6,laranja
10.2,0.406,0.41,2.76,0.067705,42.4,57.6,0.997302,3.38,0.86,10.6,5,laranja
6.8,0.169,0.27,10.35,0.037449,29.5,108.2,0.994818,3.15,0.44,10.9,6,laranja
6.6,0.233,0.35,4.09,0.042919,25.7,138.0,0.991252,2.98,0.51,11.8,6,laranja
7.0,0.31,0.3,3.07,0.038259,30.1,110.2,0.991284,3.07,0.32,12.3,7,laranja
7.7,0.206,0.41,2.37,0.047018,29.0,182.2,0.994232,3.47,0.45,10.9,5,laranja
5.7,0.353,0.2,6.34,0.037136,51.0,165.9,0.993711,3.28,0.62,10.1,5,laranja
9.4,0.218,0.26,1.25,0.038283,12.1,48.8,0.99262,2.81,0.5,10.7,7,laranja
7.1,0.259,0.3,1.9,0.047835,25.9,123.7,0.993639,3.24,0.47,10.6,6,laranja
5.9,0.298,0.31,2.08,0.022432,19.3,115.7,0.988385,3.09,0.65,13.5,6,laranja
8.1,0.189,0.37,0.9,0.050967,36.6,107.9,0.990063,2.89,0.43,12.6,7,laranja
6.5,0.112,0.3,5.86,0.046268,24.4,104.7,0.992043,3.25,0.33,12.3,6,laranja
11.0,0.652,0.24,2.88,0.088315,11.9,50.6,0.999173,3.04,0.71,10.9,6,laranja
5.9,0.293,0.29,1.52,0.035624,22.5,59.3,0.990333,3.2,0.39,11.4,6,laranja
6.7,0.343,0.4,7.53,0.047399,56.8,185.2,0.995315,3.19,0.45,9.4,5,laranja
7.0,0.181,0.37,0.76,0.046164,14.7,106.1,0.992442,3.18,0.48,10.8,6,laranja
7.7,0.489,0.32,2.69,0.075139,26.9,84.0,0.996699,3.42,0.56,9.2,6,laranja
5.3,0.31,0.38,5.54,0.031927,45.7,142.7,0.990286,3.15,0.33,12.5,8,laranja
7.1,0.199,0.35,2.94,0.042276,41.2,189.5,0.991429,3.3,0.59,12.5,6,laranja
6.0,0.257,0.15,1.02,0.052921,35.2,130.6,0.993591,3.12,0.45,9.0,6,laranja
5.8,0.318,0.3,7.56,0.049124,54.7,233.2,0.994896,3.19,0.44,9.9,8,laranja
6.5,0.172,0.31,1.41,0.034062,18.2,64.9,0.98956,3.18,0.4,12.4,5,laranja
6.3,0.23,0.19,0.6,0.061328,34.8,193.0,0.993095,3.07,0.49,9.5,7,laranja
7.3,0.195,0.29,0.6,0.043436,12.5,145.7,0.99168,3.2,0.5,11.4,6,laranja
7.0,0.252,0.36,8.96,0.036144,40.1,149.1,0.99432,3.21,0.35,11.5,6,laranja
7.9,0.272,0.44,6.56,0.045793,41.5,168.6,0.995914,3.18,0.44,10.5,6,laranja
6.8,0.222,0.42,7.22,0.046784,58.1,186.0,0.996152,3.21,0.48,9.5,6,laranja
7.1,0.289,0.24,1.64,0.052294,19.8,117.8,0.992592,3.16,0.35,10.5,5,laranja
7.0,0.536,0.14,2.25,0.07245,13.6,32.8,0.995998,3.36,0.58,9.6,5,laranja
5.9,0.461,0.26,0.99,0.027214,21.0,112.8,0.991537,3.28,0.35,10.5,6,laranja
6.1,0.215,0.14,9.28,0.047431,100.4,209.9,0.995391,3.05,0.29,9.0,5,laranja
6.4,0.614,0.01,2.35,0.095182,48.6,60.1,0.995672,3.6,0.7,11.5,3,laranja
6.4,0.214,0.33,7.17,0.029149,15.6,79.8,0.992954,3.13,0.54,10.9,6,laranja
5.7,0.336,0.16,6.32,0.038742,26.6,116.2,0.994608,3.46,0.45,10.1,5,laranja
5.8,0.186,0.26,11.1,0.037487,32.0,122.6,0.996501,3.21,0.42,9.2,6,laranja
5.5,0.314,0.1,6.57,0.042312,36.6,143.1,0.99374,3.15,0.47,10.0,4,laranja
6.3,0.13,0.34,1.38,0.043479,41.0,122.6,0.994332,3.44,0.5,9.1,5,laranja
6.8,0.622,0.03,1.6,0.056348,23.6,135.6,0.992791,3.14,0.39,10.1,6,laranja
9.1,0.521,0.3,1.97,0.06988,6.9,18.1,0.997641,3.32,0.68,10.5,5,laranja
6.4,0.218,0.27,12.74,0.051112,60.3,145.7,0.995085,3.28,0.34,10.7,5,laranja
7.5,0.3,0.3,5.33,0.061322,26.3,156.4,0.995934,3.5,0.6,10.2,6,laranja
6.8,0.254,0.35,6.93,0.049069,46.9,174.1,0.994018,3.28,0.57,10.6,5,laranja
6.6,0.258,0.22,12.56,0.057748,34.0,140.1,0.996744,3.1,0.68,9.5,6,laranja
6.8,0.22,0.28,1.93,0.02623,25.8,137.7,0.990273,3.16,0.6,12.6,5,laranja
7.4,0.175,0.27,14.88,0.04374,23.9,128.3,0.99842,2.89,0.43,8.5,5,laranja
7.4,0.611,0.05,2.89,0.079743,16.3,74.4,0.997426,3.52,0.54,9.7,5,laranja
7.9,0.25,0.36,11.14,0.037581,40.3,211.3,0.996856,3.15,0.45,10.3,5,laranja
7.2,0.261,0.28,14.32,0.051431,56.4,207.5,0.998636,3.14,0.36,9.0,5,laranja
6.6,0.311,0.11,0.7,0.03543,51.7,141.0,0.991804,3.13,0.44,9.9,4,laranja
7.4,0.37,0.39,1.67,0.046059,36.6,110.8,0.990576,3.38,0.47,12.4,5,laranja
8.8,0.352,0.33,9.62,0.03401,46.0,173.4,0.996821,3.09,0.41,10.4,6,laranja
6.2,0.235,0.38,4.11,0.038714,40.3,143.7,0.991899,3.19,0.4,11.2,5,laranja
7.0,0.212,0.41,6.5,0.039019,39.5,117.1,0.991948,3.17,0.46,11.5,5,laranja
9.2,0.398,0.46,1.55,0.106105,33.4,117.4,0.997572,3.15,1.23,9.5,5,laranja
7.7,0.574,0.0,2.58,0.055865,11.0,15.9,0.996299,3.4,0.57,10.8,6,laranja
7.4,0.533,0.01,1.85,0.081184,13.2,27.4,0.994924,3.36,0.53,10.5,7,laranja
5.7,0.183,0.28,1.08,0.045618,19.0,65.8,0.991016,3.28,0.48,10.1,7,laranja
8.0,0.34,0.26,0.6,0.046517,24.6,106.9,0.993375,3.19,0.54,10.5,5,laranja
6.1,0.212,0.23,8.03,0.035103,20.3,129.4,0.99421,3.38,0.59,10.9,6,laranja
7.0,0.221,0.26,8.43,0.044421,36.0,216.1,0.995386,3.24,0.55,10.5,7,laranja
6.6,0.268,0.29,0.69,0.045513,32.5,133.1,0.992608,3.43,0.5,10.1,7,laranja
6.7,0.326,0.47,8.9,0.058714,33.9,173.7,0.996098,3.06,0.49,9.3,6,laranja
5.6,0.338,0.15,6.52,0.035752,24.2,121.4,0.994927,3.46,0.48,10.1,6,laranja
8.8,0.341,0.35,0.96,0.052347,11.9,177.5,0.99476,3.14,0.46,9.6,6,laranja
7.1,0.228,0.45,1.26,0.047859,38.4,115.6,0.990387,3.15,0.47,11.8,7,laranja
7.2,0.179,0.35,0.85,0.045736,17.7,94.0,0.992075,3.14,0.41,11.0,6,laranja
5.7,0.195,0.33,1.0,0.043031,38.6,118.1,0.990716,3.24,0.44,10.6,6,laranja
7.0,0.209,0.35,5.97,0.045291,21.8,118.7,0.993359,3.3,0.52,10.7,6,laranja
5.2,0.103,0.32,1.58,0.027891,10.7,94.4,0.99021,3.58,0.51,12.3,6,laranja
6.5,0.306,0.37,7.21,0.035478,58.0,218.5,0.996582,3.19,0.5,9.2,6,laranja
10.2,0.269,0.48,1.85,0.042039,27.5,160.9,0.997976,3.19,0.59,9.6,5,laranja
6.3,0.239,0.26,5.1,0.030093,28.2,92.0,0.990129,3.1,0.58,12.7,5,laranja
6.2,0.314,0.15,7.06,0.047691,48.9,175.1,0.995714,3.22,0.4,9.1,6,laranja
6.9,0.203,0.41,5.67,0.03447,42.8,119.5,0.992319,3.18,0.52,12.0,6,laranja
6.5,0.176,0.42,1.15,0.057687,32.5,100.2,0.992629,3.13,0.37,9.8,7,laranja
5.7,0.325,0.2,16.15,0.046164,24.5,167.1,0.998021,3.09,0.46,8.8,6,laranja
7.2,0.45,0.24,13.92,0.039923,41.9,194.6,0.998081,3.12,0.53,9.3,4,laranja
11.9,0.454,0.56,2.67,0.077019,25.9,50.8,1.000255,3.12,0.77,10.3,5,laranja
6.6,0.36,0.47,6.65,0.068038,22.7,156.7,0.994968,3.13,0.46,9.4,5,laranja
7.8,0.326,0.25,1.73,0.03734,39.3,152.8,0.990921,3.05,0.43,11.8,5,laranja
7.9,0.362,0.25,15.4,0.071407,43.6,224.7,0.997749,3.03,0.6,10.6,6,laranja
6.7,0.45,0.3,1.71,0.027088,39.1,98.1,0.990023,3.29,0.62,12.5,7,laranja
7.2,0.336,0.21,3.06,0.050838,13.1,141.1,0.993445,3.25,0.43,10.1,7,laranja
7.2,0.347,0.35,14.98,0.037567,45.1,147.9,0.994974,3.37,0.5,12.4,7,laranja
7.1,0.643,0.02,1.95,0.069222,11.1,30.8,0.996982,3.48,0.67,9.2,6,laranja
5.9,0.285,0.16,8.07,0.04016,45.9,204.9,0.995315,3.22,0.36,9.5,6,laranja
7.4,0.59,0.2,1.51,0.074284,35.5,63.3,0.994756,3.08,0.4,9.4,7,laranja
8.1,0.591,0.19,2.09,0.078462,25.4,95.1,0.996248,3.33,0.47,10.0,6,laranja
6.6,0.408,0.33,8.78,0.083841,26.7,43.0,0.998244,3.37,0.64,10.1,6,laranja
11.7,0.386,0.55,2.83,0.06922,5.3,29.9,0.99851,3.09,0.62,10.9,5,laranja
7.9,0.124,0.49,4.04,0.046524,27.2,131.4,0.994808,3.24,0.42,10.6,7,laranja
7.1,0.515,0.25,2.75,0.077008,12.3,41.6,0.996569,3.46,0.49,11.0,6,laranja
8.3,0.343,0.43,3.02,0.067799,9.8,19.7,0.994248,3.36,0.77,12.7,7,laranja
8.5,0.171,0.29,1.22,0.040401,21.6,65.4,0.991267,3.02,0.51,10.9,8,laranja
6.4,0.107,0.3,0.88,0.03098,38.2,104.5,0.989857,3.02,0.53,11.6,6,laranja
6.4,0.319,0.51,11.04,0.048582,57.2,209.5,0.997066,3.08,0.59,9.5,6,laranja
7.5,0.181,0.37,1.76,0.061636,18.9,74.3,0.993896,3.54,0.9,10.9,6,laranja
7.7,0.49,0.18,2.25,0.330049,9.0,12.3,0.996997,3.22,0.91,10.6,6,laranja
5.9,0.286,0.35,1.73,0.035441,16.4,122.9,0.993326,3.17,0.68,10.7,5,laranja
7.1,0.328,0.32,6.23,0.030254,38.6,116.9,0.99195,3.38,0.59,12.2,5,laranja
7.5,0.293,0.43,13.92,0.046666,45.3,212.0,0.998761,3.19,0.62,9.1,8,laranja
7.2,0.406,0.37,2.18,0.029823,39.5,103.2,0.990767,3.26,0.45,12.7,6,laranja
6.9,0.272,0.23,7.72,0.027953,53.1,206.9,0.996115,3.21,0.52,8.9,6,laranja
7.0,0.704,0.05,1.9,0.088832,16.4,12.4,0.995726,3.4,0.59,11.2,5,laranja
6.8,0.29,0.31,16.42,0.034912,45.7,182.1,0.997688,3.26,0.56,9.5,6,laranja
4.4,0.524,0.11,4.89,0.037585,50.8,100.6,0.990458,3.4,0.38,12.1,5,laranja
6.6,0.224,0.31,3.85,0.047563,18.9,95.9,0.990946,3.15,0.31,11.4,6,laranja
7.3,0.157,0.28,16.01,0.053096,28.4,144.0,0.998541,2.89,0.42,8.9,6,laranja
7.0,0.554,0.07,1.05,0.1088,13.7,154.7,0.994059,3.06,0.57,9.2,5,laranja
8.0,0.81,0.1,3.12,0.086767,2.9,7.6,0.998735,3.37,0.51,9.4,5,laranja
7.5,0.252,0.27,11.46,0.056337,54.1,179.5,0.99673,3.12,0.61,9.6,6,laranja
12.9,0.609,0.66,6.04,0.078737,6.1,32.2,1.002217,3.08,0.72,10.0,5,laranja
8.1,0.59,0.31,2.27,0.083524,9.4,82.4,0.996879,3.32,0.68,9.4,5,laranja
7.3,0.654,0.1,2.16,0.076967,16.6,33.8,0.997286,3.59,0.69,10.8,7,laranja
4.9,0.253,0.23,2.21,0.038136,44.3,147.8,0.992109,3.74,0.77,11.2,5,laranja
7.9,0.191,0.33,5.2,0.017363,31.3,105.8,0.991796,3.03,0.39,10.9,6,laranja
9.7,0.664,0.25,2.21,0.085334,4.7,29.7,0.99865,3.12,0.61,10.3,6,laranja
12.0,0.491,0.58,1.29,0.071819,21.5,39.5,0.997756,2.9,0.69,10.5,5,laranja
6.5,0.24,0.28,5.26,0.042676,13.1,128.2,0.995123,3.14,0.52,9.7,5,laranja
6.2,0.144,0.25,4.57,0.026494,35.9,140.2,0.993157,3.5,0.5,10.7,5,laranja
7.9,0.608,0.27,1.94,0.080703,29.9,131.7,0.995765,3.21,0.52,9.9,7,laranja
6.1,0.301,0.3,14.62,0.047323,16.4,145.8,0.996765,3.12,0.52,10.2,4,laranja
8.1,0.205,0.39,14.86,0.054716,33.6,122.3,1.000093,3.21,0.51,9.7,5,laranja
7.1,0.19,0.34,0.81,0.044061,35.1,96.2,0.990841,3.11,0.76,11.0,6,laranja
6.6,0.419,0.43,9.87,0.051552,65.7,221.8,0.999119,3.22,0.49,9.1,5,laranja
6.8,0.258,0.41,8.98,0.039506,48.0,167.6,0.995358,3.11,0.62,9.8,5,laranja
6.2,0.192,0.25,1.62,0.049757,31.1,93.7,0.990442,3.28,0.58,11.4,5,laranja
6.3,0.321,0.21,15.03,0.059821,39.3,154.1,0.998374,3.12,0.44,9.0,6,laranja
7.5,0.389,0.56,2.56,0.109615,4.8,16.2,0.996019,3.36,0.55,11.2,4,laranja
7.4,0.569,0.24,1.95,0.082287,9.7,27.5,0.998186,3.47,0.77,9.6,5,laranja
6.1,0.187,0.38,9.92,0.02704,16.2,42.5,0.993311,3.08,0.65,11.8,7,laranja
12.6,0.587,0.65,2.28,0.05977,5.2,16.6,0.999606,3.02,0.58,9.9,7,laranja
6.5,0.301,0.48,11.42,0.039006,55.6,151.6,0.997659,3.08,0.56,8.9,5,laranja
7.1,0.221,0.4,13.86,0.054792,55.6,194.6,0.997987,3.1,0.46,9.1,6,laranja
6.2,0.256,0.43,7.74,0.047967,65.3,254.4,0.99569,3.13,0.48,9.0,7,laranja
6.9,0.494,0.18,1.9,0.082804,13.0,28.4,0.995027,3.39,0.66,9.8,8,laranja
7.7,0.186,0.3,1.0,0.04533,48.6,203.5,0.994543,3.03,0.38,9.4,6,laranja
6.1,0.297,0.24,16.72,0.06454,28.5,140.4,0.998262,3.09,0.51,9.1,6,laranja
6.9,0.552,0.35,12.93,0.047073,52.5,236.7,0.997407,3.18,0.5,9.7,6,laranja
6.7,0.257,0.32,1.68,0.055881,29.6,216.2,0.994136,3.16,0.54,9.5,6,laranja
5.5,0.476,0.0,1.63,0.065182,6.2,103.3,0.993928,3.65,0.4,9.7,6,laranja
8.5,0.155,0.34,1.22,0.072127,19.8,50.4,0.992102,3.13,0.47,10.7,7,laranja
6.5,0.362,0.15,0.95,0.053142,9.1,102.2,0.994701,3.19,0.37,8.7,6,laranja
6.1,0.19,0.37,4.88,0.021397,22.3,80.2,0.989703,3.05,0.36,12.8,6,laranja
7.6,0.294,0.41,2.15,0.048283,31.7,177.7,0.994094,3.21,0.56,9.8,5,laranja
6.4,0.444,0.11,1.93,0.054877,33.2,66.2,0.997319,3.43,0.68,10.2,6,laranja
8.7,0.473,0.49,2.19,0.422901,15.7,57.4,0.998453,3.02,1.16,9.1,8,laranja
6.8,0.301,0.28,7.22,0.026495,34.5,122.3,0.991368,3.13,0.65,12.7,5,laranja
6.6,0.477,0.22,4.21,0.041466,35.7,137.7,0.99027,3.26,0.55,13.0,7,laranja
7.5,0.199,0.33,10.08,0.032935,24.9,145.4,0.9968,3.08,0.48,9.8,6,laranja
6.1,0.657,0.05,1.63,0.064407,8.6,14.8,0.994875,3.52,0.77,10.6,7,laranja
7.3,0.685,0.02,2.0,0.073386,14.5,44.0,0.997257,3.43,0.52,9.4,6,laranja
8.2,0.438,0.22,2.6,0.065058,11.8,26.1,0.996479,3.25,0.54,10.1,7,laranja
6.5,0.672,0.01,5.53,0.129055,17.7,55.0,0.999575,3.46,0.72,10.3,6,laranja
6.5,0.185,0.26,12.0,0.043001,52.3,129.2,0.994854,3.17,0.38,10.9,8,laranja
7.1,0.517,0.06,1.11,0.071729,3.6,15.9,0.99729,3.33,0.81,9.6,5,laranja
6.3,0.235,0.35,17.11,0.039921,35.0,135.8,0.999731,3.23,0.45,8.8,7,laranja
6.9,0.475,0.27,25.94,0.026199,27.8,117.8,1.002968,3.06,0.41,10.7,6,laranja
8.5,0.261,0.33,1.2,0.053412,59.5,110.6,0.991672,3.09,0.56,11.1,7,laranja
6.8,0.168,0.35,2.38,0.037142,27.8,87.4,0.991566,3.15,0.55,10.8,5,laranja
6.7,0.369,0.24,5.17,0.036288,15.2,118.4,0.991818,3.36,0.71,12.5,6,laranja
6.7,0.327,0.55,15.92,0.046961,45.4,180.4,0.999205,3.05,0.56,8.7,5,laranja
6.5,0.384,0.81,1.65,0.22131,16.1,73.5,0.993826,3.11,0.5,9.7,5,laranja
7.0,0.372,0.29,13.96,0.048512,51.3,191.1,0.997637,3.0,0.6,9.7,5,laranja
7.4,0.274,0.3,2.01,0.009,14.5,142.4,0.991045,3.06,0.67,12.2,5,laranja
5.1,0.154,0.26,0.83,0.039561,10.4,61.7,0.99233,3.32,0.43,10.0,5,laranja
12.7,0.587,0.5,2.54,0.079813,5.7,20.9,0.999178,3.12,0.57,11.4,6,laranja
6.7,0.215,0.3,4.95,0.042039,53.0,177.7,0.994987,3.3,0.76,9.4,6,laranja
5.6,0.12,0.28,4.27,0.04324,19.8,99.6,0.994735,3.32,0.43,9.3,6,laranja
6.2,0.117,0.29,1.51,0.050644,17.9,70.5,0.991785,3.43,0.63,10.7,5,laranja
12.3,0.46,0.5,1.22,0.079166,2.4,10.0,0.997357,3.12,0.64,10.4,7,laranja
8.1,0.358,0.56,13.69,0.047507,58.8,141.6,0.998803,2.97,0.4,8.6,6,laranja
8.3,0.613,0.1,2.57,0.083453,14.2,107.6,0.996328,3.14,0.66,9.9,6,laranja
7.7,0.169,0.34,5.71,0.052223,23.6,147.8,0.99582,3.24,0.53,10.1,6,laranja
6.4,0.251,0.28,8.03,0.055702,47.2,185.6,0.99615,3.13,0.51,9.5,7,laranja
5.8,0.339,0.21,6.31,0.037497,49.9,169.5,0.994581,3.29,0.61,9.9,7,laranja
12.4,0.407,0.63,2.27,0.094422,5.4,24.1,1.000391,3.14,0.5,9.5,7,laranja
6.9,0.276,0.22,9.7,0.055086,35.8,122.0,0.997174,3.1,0.45,9.6,5,laranja
8.1,0.721,0.22,2.0,0.102355,14.1,81.4,0.996881,3.17,0.71,9.4,5,laranja
7.2,0.297,0.49,12.2,0.047684,49.5,126.3,0.996906,3.02,0.44,9.0,6,laranja
6.1,0.24,0.23,12.15,0.046038,51.2,163.1,0.997538,3.34,0.44,9.5,5,laranja
6.6,0.116,0.28,5.27,0.064412,46.2,131.0,0.995347,3.47,0.43,10.3,5,laranja
9.8,1.025,0.46,1.78,0.040913,36.6,177.0,0.996446,3.02,0.5,10.1,5,laranja
6.3,0.325,0.32,2.62,0.03847,30.6,69.2,0.990709,3.31,0.6,11.8,6,laranja
8.0,0.397,0.31,7.67,0.030887,22.1,120.0,0.991824,3.06,0.46,13.5,6,laranja
6.1,0.308,0.33,1.13,0.051091,32.5,185.9,0.992656,3.28,0.45,10.2,5,laranja
6.8,0.174,0.36,2.0,0.046741,48.8,156.5,0.99326,3.1,0.47,9.2,5,laranja
7.6,0.175,0.33,1.35,0.039859,13.0,96.6,0.992078,3.05,0.73,10.9,6,laranja
6.7,0.237,0.33,2.87,0.031153,24.8,119.2,0.990449,3.15,0.38,12.5,7,laranja
6.2,0.296,0.21,3.54,0.038076,35.1,128.0,0.991482,2.98,0.39,10.8,6,laranja
7.0,0.3,0.27,11.07,0.049124,50.9,147.9,0.995287,3.04,0.58,10.4,6,laranja
9.3,0.353,0.39,1.28,0.047241,15.9,61.4,0.991578,2.96,0.26,10.5,6,laranja
7.1,0.476,0.08,5.41,0.086093,9.8,21.0,0.997012,3.39,0.68,11.2,5,laranja
5.8,0.203,0.18,6.98,0.048248,35.7,113.9,0.99409,3.28,0.41,9.5,7,laranja
5.9,0.668,0.04,1.4,0.088394,20.2,93.3,0.994396,3.54,0.52,9.9,6,laranja
6.0,0.326,0.45,4.19,0.027733,19.2,97.0,0.991097,3.31,0.64,12.5,5,laranja
6.4,0.296,0.41,7.89,0.036515,62.6,221.5,0.996525,3.2,0.52,9.4,5,laranja
5.9,0.363,0.32,1.75,0.030225,22.9,97.1,0.989459,3.03,0.4,11.3,6,laranja
6.1,0.251,0.32,1.89,0.040542,43.5,132.7,0.992133,3.45,0.58,11.0,6,laranja
6.8,0.236,0.37,5.93,0.022395,37.4,113.5,0.99096,3.19,0.33,12.3,6,laranja
5.8,0.341,0.27,3.9,0.036523,41.1,151.4,0.991347,3.34,0.55,11.4,6,laranja
8.8,0.206,0.29,5.68,0.027713,34.1,117.3,0.99252,2.95,0.46,11.1,4,laranja
7.3,0.246,0.26,1.59,0.041833,35.8,176.7,0.991548,3.27,0.48,11.5,5,laranja
6.8,0.409,0.21,10.68,0.097945,14.6,89.4,0.996952,3.02,0.46,9.4,7,laranja
8.0,0.193,0.35,9.71,0.04353,60.7,158.8,0.997035,3.1,0.5,9.9,8,laranja
10.3,0.537,0.49,3.07,0.061025,7.0,23.1,0.999703,3.11,0.58,9.3,7,laranja
7.3,0.188,0.5,10.19,0.035069,28.5,133.6,0.993384,2.97,0.32,11.1,7,laranja
6.5,0.315,0.28,4.55,0.030083,17.7,124.0,0.991429,3.36,0.72,12.5,5,laranja
6.3,0.28,0.29,2.66,0.037369,33.0,133.1,0.989628,3.22,0.39,12.9,6,laranja
7.4,0.267,0.3,1.19,0.03766,34.8,172.3,0.991862,3.18,0.52,11.5,6,laranja
6.9,0.177,0.22,5.07,0.036839,67.4,209.9,0.994169,3.24,0.7,10.1,4,laranja
5.8,0.321,0.25,0.83,0.034942,38.9,126.7,0.98966,3.31,0.43,12.4,6,laranja
8.6,0.521,0.25,1.69,0.100984,8.3,29.3,0.997132,3.2,0.58,10.4,6,laranja
7.0,0.292,0.24,4.17,0.096942,38.0,119.3,0.993725,3.14,0.47,9.6,6,laranja
6.4,0.232,0.46,2.55,0.029266,41.8,109.9,0.990618,3.03,0.52,11.3,7,laranja
7.4,0.244,0.5,9.13,0.045881,53.4,151.2,0.996349,3.16,0.61,10.4,6,laranja
5.9,0.205,0.35,1.2,0.034869,41.4,92.3,0.990014,3.49,0.39,11.7,7,laranja
5.8,0.298,0.19,12.86,0.046784,46.3,188.1,0.997074,3.32,0.43,9.5,7,laranja
6.6,0.581,0.3,5.1,0.054459,30.0,120.2,0.995346,3.25,0.38,9.0,7,laranja
7.4,0.321,0.6,2.47,0.073994,21.0,53.3,0.995954,3.38,0.81,11.1,5,laranja
12.8,0.585,0.49,2.94,0.069672,7.3,19.3,0.99954,3.12,0.57,11.4,6,laranja
6.4,0.253,0.37,2.08,0.024271,34.7,139.6,0.989724,3.29,0.36,12.4,6,laranja
6.6,0.382,0.3,5.03,0.036739,18.4,119.2,0.99217,3.35,0.73,12.5,6,laranja
6.4,0.617,0.0,4.34,0.089805,51.9,84.7,0.995396,3.22,0.43,9.4,8,laranja
7.0,0.381,0.51,2.65,0.094976,33.2,95.1,0.995681,3.35,0.77,11.4,6,laranja
10.5,0.297,0.48,2.19,0.061088,18.5,43.6,0.997589,3.13,0.52,9.9,5,laranja
7.5,0.178,0.24,1.75,0.045604,19.9,113.6,0.993748,3.55,0.62,10.3,6,laranja
7.7,0.424,0.33,2.35,0.064861,10.5,76.1,0.995749,3.26,0.55,9.8,6,laranja
6.0,0.215,0.41,1.42,0.0296,25.7,100.0,0.989939,3.04,0.29,11.7,5,laranja
7.0,0.238,0.27,5.0,0.041168,31.4,112.5,0.990241,3.14,0.3,12.5,8,laranja
7.1,0.57,0.21,1.59,0.060147,4.5,22.5,0.993107,3.38,0.49,11.8,5,laranja
6.8,0.299,0.39,6.4,0.05312,12.7,166.2,0.9963,3.24,0.39,8.9,6,laranja
7.3,0.467,0.28,4.01,0.049378,22.5,113.8,0.991796,3.22,0.37,11.6,6,laranja
7.0,0.26,0.3,6.78,0.045,35.8,177.8,0.99406,3.31,0.49,11.4,8,laranja
7.1,0.179,0.28,7.01,0.049259,28.9,224.6,0.996354,3.39,0.57,10.2,5,laranja
6.7,0.268,0.26,4.46,0.047738,10.0,80.8,0.992401,3.37,0.57,12.0,3,laranja
6.7,0.265,0.3,1.25,0.040621,17.8,88.9,0.990786,3.31,0.66,11.5,6,laranja
6.4,0.202,0.37,5.84,0.020935,23.5,83.5,0.98981,3.04,0.35,12.3,6,laranja
7.4,0.681,0.02,2.36,0.07666,6.0,13.9,0.995978,3.32,0.37,9.6,7,laranja
6.3,0.798,0.04,2.16,0.063281,11.5,8.9,0.996183,3.52,0.65,10.4,6,laranja
4.3,0.177,0.33,2.23,0.031317,94.6,156.1,0.990089,3.65,0.89,11.8,6,laranja
5.4,0.174,0.39,0.64,0.02982,40.2,100.7,0.991404,3.55,0.6,10.6,6,laranja
7.1,0.72,0.08,2.74,0.089079,14.8,26.8,0.995863,3.38,0.59,11.4,6,laranja
6.2,0.222,0.36,0.6,0.048859,22.2,110.2,0.991909,3.38,0.41,10.9,6,laranja
7.4,0.197,0.38,17.49,0.048262,44.3,196.1,0.999639,3.03,0.4,9.3,5,laranja
6.0,0.281,0.28,15.95,0.036998,30.7,134.7,0.994659,3.19,0.44,12.9,6,laranja
6.7,0.561,0.23,1.91,0.074931,14.8,29.5,0.994321,3.41,0.81,11.2,6,laranja
6.4,0.213,0.32,0.98,0.02488,10.6,82.7,0.98888,3.3,0.36,12.9,6,laranja
6.8,0.204,0.31,6.79,0.015745,53.6,194.2,0.993685,3.25,0.37,11.1,6,laranja
7.0,0.243,0.31,1.73,0.05032,22.5,114.3,0.991797,3.12,0.49,11.1,5,laranja
8.0,0.375,0.43,10.02,0.057656,29.6,148.1,0.997823,3.39,0.46,9.5,6,laranja
6.7,0.363,0.27,2.03,0.065681,21.7,120.9,0.995129,3.34,0.54,9.3,5,laranja
7.1,0.198,0.26,1.25,0.053585,40.5,99.7,0.99414,3.52,0.65,10.3,5,laranja
7.2,0.132,0.46,1.12,0.04651,48.6,106.7,0.991284,2.96,0.45,11.0,6,laranja
7.1,0.407,0.24,7.76,0.055179,46.3,149.1,0.99598,3.19,0.52,9.2,5,laranja
7.7,0.3,0.37,4.87,0.021299,22.0,195.1,0.991658,3.06,0.65,11.8,7,laranja
8.8,0.325,0.49,2.12,0.054146,15.8,131.9,0.995611,3.14,0.35,9.4,5,laranja
6.8,0.815,0.0,1.45,0.264448,18.3,29.6,0.994904,3.3,0.5,9.9,6,laranja
6.0,0.382,0.26,2.03,0.095454,17.7,46.4,0.994912,3.57,0.54,11.7,5,laranja
10.0,0.267,0.53,1.74,0.084436,42.4,77.9,0.994075,2.97,0.63,11.8,6,laranja
8.1,0.091,0.48,1.42,0.038128,41.5,160.2,0.993452,3.13,0.48,9.7,5,laranja
7.2,0.271,0.23,5.15,0.05571,31.8,179.1,0.992383,3.13,0.44,11.6,5,laranja
6.6,0.252,0.33,7.84,0.042928,37.8,123.5,0.993532,3.25,0.54,10.8,6,laranja
7.6,0.494,0.22,2.66,0.090588,7.3,41.1,0.997776,3.48,0.66,9.5,6,laranja
6.4,0.239,0.36,3.46,0.031357,35.4,123.3,0.990043,3.19,0.4,12.8,6,laranja
4.9,0.279,0.4,0.65,0.080875,39.7,113.3,0.992121,3.32,0.45,10.0,7,laranja
9.3,0.242,0.33,1.09,0.028171,33.8,90.1,0.991518,2.95,0.37,11.2,6,laranja
9.7,0.662,0.27,2.84,0.081259,3.7,33.1,0.99863,3.14,0.62,10.4,3,laranja
10.3,0.403,0.41,2.28,0.212262,5.6,17.3,0.999109,3.2,0.62,9.5,7,laranja
8.8,0.673,0.26,1.27,0.074295,4.3,24.0,0.997282,3.15,0.73,9.2,5,laranja
7.3,0.15,0.38,1.52,0.048591,23.8,108.2,0.993599,3.28,0.43,10.7,5,laranja
8.9,0.112,0.49,1.16,0.029536,7.4,19.2,0.992612,2.89,0.32,9.9,6,laranja
6.2,0.268,0.51,7.26,0.044199,34.6,201.3,0.995099,3.18,0.53,9.2,7,laranja
10.7,0.388,0.41,2.41,0.085827,6.6,17.1,0.998032,3.08,0.67,9.2,5,laranja
7.5,0.146,0.34,2.52,0.046319,72.5,211.5,0.99335,3.19,0.59,9.9,5,laranja
6.0,0.344,0.3,5.31,0.047666,28.7,131.8,0.995071,3.47,0.59,10.8,6,laranja
7.7,0.293,0.32,7.26,0.037571,37.7,152.2,0.993978,3.07,0.3,10.8,6,laranja
5.8,1.024,0.64,2.64,0.043466,14.8,91.5,0.993616,3.67,0.61,11.5,7,laranja
7.6,0.174,0.45,5.16,0.043293,65.1,163.2,0.992799,2.98,0.38,10.5,6,laranja
6.3,0.259,0.25,5.93,0.03953,50.6,156.0,0.994871,3.29,0.37,9.2,7,laranja
7.7,0.217,0.33,9.71,0.036648,26.5,143.8,0.99638,3.07,0.5,9.8,5,laranja
7.3,0.351,0.34,1.89,0.060148,21.8,41.8,0.995354,3.36,0.77,12.1,5,laranja
9.2,0.204,0.33,3.83,0.051247,8.9,40.5,0.994547,3.16,0.36,9.7,5,laranja
7.7,0.571,0.17,1.8,0.067772,3.4,11.6,0.994248,3.16,0.57,9.7,6,laranja
7.0,0.269,0.57,11.81,0.039743,63.6,218.2,0.997123,3.03,0.63,9.4,7,laranja
5.8,0.236,0.28,3.6,0.03284,60.1,132.6,0.991637,3.3,0.53,11.3,5,laranja
7.8,0.388,0.26,4.7,0.031728,31.1,108.1,0.991285,3.2,0.62,12.2,5,laranja
8.1,0.417,0.17,1.86,0.07378,5.3,7.3,0.996939,3.31,0.64,9.3,7,laranja
5.2,0.355,0.25,6.67,0.032073,37.9,136.9,0.992018,3.37,0.4,11.7,7,laranja
7.5,0.188,0.31,14.71,0.045858,38.2,194.6,0.9989,3.11,0.51,9.4,5,laranja
6.4,0.246,0.76,1.31,0.168057,25.4,101.8,0.993238,3.26,0.4,9.9,7,laranja
6.8,0.382,0.37,3.14,0.050126,66.5,165.7,0.99145,3.05,0.57,11.2,6,laranja
7.4,0.625,0.05,2.55,0.076352,18.3,82.2,0.997368,3.52,0.53,10.0,7,laranja
6.9,0.263,0.35,6.78,0.041122,59.2,196.0,0.99574,3.19,0.5,9.6,7,laranja
7.3,0.477,0.17,5.58,0.048136,13.5,131.3,0.994439,3.09,0.47,9.9,6,laranja
7.7,0.295,0.33,10.06,0.034438,46.6,197.6,0.996836,3.07,0.61,9.8,5,laranja
7.2,0.309,0.27,7.09,0.051826,39.5,157.6,0.996597,3.1,0.4,9.0,7,laranja
6.9,0.189,0.3,3.37,0.056271,32.1,92.7,0.99227,3.15,0.38,10.9,5,laranja
7.0,0.16,0.23,5.18,0.052203,36.0,105.5,0.994005,3.3,0.41,9.3,5,laranja
7.4,0.172,0.41,1.95,0.038085,33.4,189.4,0.993674,3.36,0.41,10.6,6,laranja
9.4,0.741,0.09,2.13,0.077264,6.3,29.8,0.998162,3.23,0.57,10.1,7,laranja
8.6,0.457,0.31,2.91,0.075203,31.4,127.4,0.997753,3.3,0.51,9.5,5,laranja
7.0,0.36,0.25,5.44,0.012192,16.5,88.7,0.989616,2.82,0.6,13.3,6,laranja
6.8,0.244,0.38,8.13,0.048152,46.3,183.5,0.995965,3.13,0.5,9.3,5,laranja
9.7,0.208,0.4,1.59,0.045712,18.8,138.2,0.993625,2.95,0.5,10.9,6,laranja
7.3,0.543,0.28,3.07,0.084205,9.8,78.3,0.996184,3.39,0.72,11.1,7,laranja
7.1,0.278,0.35,7.15,0.044645,46.9,180.6,0.996122,3.16,0.55,9.8,7,laranja
4.6,0.434,0.0,0.95,0.056432,11.7,186.3,0.994294,3.78,0.54,10.3,5,laranja
6.9,0.258,0.32,9.63,0.043873,56.7,240.5,0.995736,3.25,0.5,10.3,7,laranja
6.4,0.337,0.25,14.3,0.04611,20.7,89.1,0.994562,3.07,0.29,11.6,6,laranja
5.5,0.347,0.34,4.42,0.022491,21.0,75.8,0.990604,3.42,0.45,11.9,6,laranja
10.0,0.585,0.07,3.39,0.103366,30.8,70.7,1.000222,3.3,0.71,9.7,5,laranja
6.7,0.31,0.27,6.88,0.045563,18.6,110.5,0.993798,3.16,0.38,10.4,6,laranja
5.4,0.138,0.31,2.42,0.040738,11.3,51.5,0.988797,3.05,0.57,12.6,5,laranja
8.2,0.432,0.23,2.79,0.060784,10.6,25.2,0.996385,3.27,0.55,10.2,7,laranja
7.7,0.336,0.58,10.72,0.037743,43.6,150.0,0.997677,3.05,0.5,8.7,6,laranja
6.6,0.309,0.28,8.83,0.048323,55.2,205.5,0.996458,3.09,0.54,9.0,7,laranja
7.6,0.277,0.32,2.37,0.053131,4.3,12.0,0.995018,3.39,0.67,11.1,5,laranja
5.8,0.246,0.46,5.96,0.066845,32.3,181.3,0.994352,3.1,0.46,9.6,5,laranja
7.1,0.335,0.64,13.63,0.058226,12.0,107.2,0.997073,3.05,0.39,9.1,7,laranja
9.6,1.239,0.33,1.45,0.076537,33.9,146.3,0.997908,3.15,0.53,9.5,5,laranja
5.7,0.23,0.29,1.69,0.027534,23.6,93.1,0.989769,3.37,0.42,12.4,5,laranja
8.1,0.631,0.34,2.76,0.093295,15.8,33.0,0.997168,3.32,0.56,10.5,5,laranja
7.3,0.196,0.3,12.79,0.050421,48.1,226.1,0.998865,3.15,0.49,9.1,6,laranja
7.4,0.196,0.41,2.45,0.053522,21.7,82.9,0.990381,2.93,0.34,12.0,6,laranja
6.6,0.608,0.02,2.68,0.077491,13.8,39.0,0.994982,3.35,0.56,10.9,6,laranja
6.4,0.258,0.25,1.22,0.033523,37.1,119.2,0.98931,3.16,0.39,12.3,5,laranja
8.6,0.337,0.37,1.72,0.043495,10.6,117.7,0.99551,3.16,0.5,9.4,6,laranja
6.1,0.394,0.27,2.95,0.036108,39.9,189.4,0.993151,3.39,0.5,10.8,5,laranja
7.5,0.316,0.52,1.74,0.032173,44.1,120.2,0.990105,3.07,0.44,12.5,6,laranja
6.4,0.266,0.44,12.21,0.043869,47.2,202.2,0.996712,3.19,0.52,9.4,6,laranja
6.1,0.322,0.16,6.6,0.03153,35.0,194.6,0.994646,3.17,0.61,9.9,7,laranja
7.6,0.207,0.23,1.54,0.025749,24.8,185.1,0.991066,3.08,0.75,12.1,5,laranja
6.8,0.202,0.48,14.74,0.050406,31.7,184.9,0.999328,2.94,0.76,8.9,6,laranja
6.7,0.21,0.41,1.95,0.050713,25.7,149.6,0.99356,3.5,0.47,10.0,5,laranja
8.0,0.238,0.15,17.51,0.036307,48.4,220.3,0.99971,2.97,0.45,9.7,6,laranja
6.9,0.133,0.32,6.94,0.059485,24.1,87.9,0.996498,3.3,0.38,9.2,5,laranja
9.3,0.299,0.39,2.05,0.091874,3.6,16.4,0.998296,3.28,0.7,9.7,6,laranja
8.4,0.477,0.29,4.7,0.027065,18.7,101.5,0.992015,2.99,0.39,12.5,6,laranja
6.4,0.619,0.28,4.27,0.031341,17.5,74.4,0.990306,3.1,0.62,12.9,5,laranja
7.7,0.291,0.28,5.97,0.041061,30.0,161.1,0.994351,3.14,0.46,10.7,7,laranja
7.3,0.588,0.06,1.36,0.075556,10.9,26.4,0.997197,3.34,0.69,9.6,6,laranja
7.1,0.269,0.58,0.84,0.037423,41.1,121.1,0.991966,3.33,0.42,11.1,7,laranja
6.2,0.199,0.35,2.01,0.04126,41.3,151.2,0.991578,3.3,0.57,11.6,6,laranja
6.6,0.254,0.52,8.17,0.050659,60.5,187.6,0.995923,3.24,0.48,9.3,5,laranja
6.3,0.344,0.26,7.97,0.029493,13.6,82.6,0.990009,3.05,0.27,13.0,6,laranja
6.5,0.171,0.3,9.81,0.03299,42.1,142.6,0.995589,3.1,0.48,9.9,8,laranja
7.3,0.277,0.22,5.92,0.056177,32.7,182.2,0.992303,3.13,0.44,11.8,5,laranja
8.2,0.621,0.45,6.04,0.032746,15.9,116.3,0.995563,3.14,0.34,9.6,6,laranja
6.7,0.871,0.03,1.81,0.066399,14.5,21.9,0.996223,3.55,0.58,10.9,6,laranja
6.2,0.396,0.16,1.95,0.066283,8.5,28.8,0.995478,3.41,0.75,10.1,5,laranja
7.3,0.281,0.48,1.21,0.033156,21.6,128.3,0.991872,2.97,0.37,10.7,6,laranja
7.7,0.308,0.21,10.41,0.047927,55.3,184.7,0.996792,3.09,0.4,9.2,6,laranja
6.1,0.497,0.2,8.0,0.023539,26.1,144.8,0.991425,3.21,0.44,12.4,5,laranja
8.3,0.664,0.14,1.96,0.080396,16.0,48.9,0.997541,3.33,0.53,9.3,5,laranja
7.2,0.173,0.37,1.13,0.041568,17.7,111.0,0.991592,3.21,0.43,11.0,5,laranja
7.5,0.245,0.53,12.79,0.046605,61.5,170.0,0.99844,3.05,0.46,8.9,6,laranja
9.2,0.771,0.7,1.92,0.412317,18.2,70.8,0.996368,2.92,1.34,9.0,5,laranja
7.4,0.292,0.32,9.0,0.055775,21.7,153.6,0.997211,3.09,0.53,9.2,6,laranja
6.5,0.261,0.36,5.31,0.049904,23.2,126.1,0.99232,3.24,0.47,11.9,6,laranja
8.2,0.255,0.37,1.89,0.040822,38.6,117.1,0.992425,2.97,0.35,10.1,6,laranja
6.9,0.199,0.33,8.46,0.031175,31.1,256.6,0.995813,3.22,0.58,10.5,7,laranja
6.8,0.248,0.3,2.38,0.044049,18.9,198.2,0.99521,3.47,0.54,10.3,4,laranja
7.1,0.08,0.29,5.45,0.027294,22.6,127.6,0.993038,2.98,0.39,11.0,5,laranja
6.8,0.285,0.42,19.01,0.055286,66.2,215.4,0.999407,3.12,0.53,9.2,4,laranja
6.7,0.869,0.04,1.5,0.066132,10.7,11.8,0.996544,3.54,0.58,10.0,7,laranja
6.4,0.141,0.26,0.73,0.047718,30.7,86.9,0.991868,3.47,0.53,11.2,6,laranja
7.7,0.21,0.47,17.61,0.052181,51.6,180.1,0.999244,3.08,0.62,9.3,6,laranja
6.8,0.436,0.28,4.9,0.041613,41.8,173.2,0.991096,3.18,0.42,12.3,6,laranja
7.7,0.248,0.37,2.97,0.062741,16.8,176.6,0.994106,3.2,0.56,9.7,5,laranja
8.0,0.489,0.34,2.06,0.081075,14.3,140.7,0.996343,3.21,0.55,9.5,5,laranja
7.5,0.3,0.26,15.41,0.066486,43.0,178.7,0.998007,3.04,0.49,9.0,7,laranja
7.2,0.448,0.36,2.17,0.0426,36.3,130.7,0.98991,3.05,0.42,13.5,6,laranja
7.2,0.429,0.23,7.11,0.054701,39.1,154.6,0.994567,3.2,0.39,9.8,6,laranja
7.0,0.302,0.37,2.28,0.035528,34.6,116.3,0.990226,3.08,0.71,12.4,5,laranja
7.5,0.281,0.25,2.4,0.046235,31.3,163.3,0.992855,3.26,0.57,10.7,6,laranja
7.6,0.319,0.28,10.46,0.042905,30.7,125.2,0.998173,3.27,0.3,9.1,6,laranja
7.4,0.266,0.36,6.96,0.035653,42.9,174.2,0.993483,3.03,0.34,11.2,7,laranja
7.0,0.389,0.63,10.91,0.048808,66.4,187.4,0.997353,3.15,0.49,8.7,6,laranja
6.9,0.663,0.01,1.64,0.077389,9.2,17.6,0.995008,3.36,0.64,10.5,6,laranja
8.0,0.298,0.36,11.71,0.036001,9.3,68.9,0.993699,3.05,0.42,12.1,7,laranja
5.4,0.441,0.02,2.0,0.033149,42.6,119.5,0.98954,3.36,0.31,12.1,6,laranja
8.2,0.247,0.26,11.78,0.03873,41.3,215.3,0.996802,3.1,0.5,10.0,7,laranja
6.2,0.322,0.27,2.13,0.088294,2.9,31.8,0.994569,3.34,0.45,10.0,6,laranja
5.5,0.176,0.22,4.08,0.025179,30.2,101.4,0.994113,3.23,0.36,9.3,6,laranja
7.1,0.185,0.29,7.43,0.047758,17.8,106.2,0.995113,3.42,0.45,10.4,6,laranja
7.3,0.42,0.25,7.37,0.055322,41.2,163.4,0.99469,3.2,0.39,9.8,6,laranja
7.3,0.22,0.36,2.06,0.038165,46.6,138.5,0.990246,3.16,0.39,12.8,6,laranja
7.2,0.208,0.25,8.93,0.024787,38.3,120.6,0.992364,3.06,0.36,12.3,5,laranja
7.1,0.327,0.27,1.54,0.03285,26.2,121.3,0.990103,3.21,0.33,12.2,7,laranja
5.6,0.363,0.38,1.21,0.03741,1.6,80.0,0.99031,3.28,0.35,11.4,6,laranja
9.7,0.671,0.23,2.22,0.087552,6.1,34.6,0.998312,3.13,0.6,10.3,5,laranja
6.7,0.269,0.3,16.94,0.055793,49.2,180.4,1.000028,3.45,0.43,9.6,5,laranja
11.4,0.637,0.68,5.62,0.085228,6.4,17.8,0.998834,3.09,1.0,13.5,6,laranja
6.3,0.299,0.58,0.6,0.05744,16.5,121.5,0.992198,3.04,0.42,9.5,6,laranja
6.7,0.309,0.36,3.33,0.032237,7.4,162.0,0.99163,3.07,0.53,12.0,5,laranja
9.0,0.213,0.23,2.19,0.080728,2.7,23.9,0.998728,3.44,0.85,10.2,5,laranja
6.8,0.292,0.29,1.34,0.050454,27.0,181.3,0.993226,3.3,0.52,9.8,6,laranja
6.8,0.376,0.24,10.07,0.057096,55.5,172.3,0.995456,3.23,0.42,9.9,7,laranja
7.5,0.3,0.38,19.12,0.055808,45.1,166.4,0.999838,2.99,0.44,8.9,5,laranja
6.2,0.327,0.23,2.53,0.073196,23.8,49.2,0.996751,3.41,0.96,10.6,5,laranja
9.7,0.358,0.53,2.2,0.078375,6.3,29.7,0.998236,3.17,0.51,9.5,6,laranja
6.5,0.263,0.29,4.65,0.04189,56.0,191.7,0.995107,3.33,0.79,10.0,7,laranja
6.4,0.275,0.2,9.9,0.040767,30.6,109.4,0.992804,3.07,0.3,10.9,7,laranja
7.4,0.256,0.25,12.03,0.048788,56.9,175.3,0.997118,3.13,0.6,9.7,5,laranja
6.1,0.214,0.46,1.95,0.163156,34.4,68.2,0.988617,3.2,0.35,13.3,6,laranja
7.9,0.574,0.14,2.41,0.080518,3.0,20.8,0.997331,3.42,0.59,10.6,5,laranja
6.7,0.366,0.23,1.95,0.069845,22.9,119.9,0.994837,3.31,0.56,9.6,5,laranja
6.1,0.283,0.35,2.49,0.019547,27.4,119.7,0.988328,3.09,0.32,12.6,6,laranja
12.7,0.837,0.64,2.5,0.086265,13.0,32.2,1.000057,3.1,0.6,10.4,6,laranja
6.7,0.572,0.08,2.66,0.079373,5.1,18.8,0.996885,3.47,0.61,10.2,6,laranja
6.4,0.279,0.23,6.87,0.033789,40.6,173.3,0.995682,3.5,0.66,9.7,6,laranja
8.3,0.218,0.48,7.2,0.037922,43.4,109.8,0.993333,3.01,0.31,11.9,5,laranja
7.2,0.415,0.24,6.89,0.056768,42.4,165.4,0.994661,3.2,0.41,9.9,5,laranja
8.6,0.605,0.1,1.83,0.085282,13.0,112.7,0.996557,3.15,0.67,9.8,8,laranja
7.6,0.322,0.35,1.98,0.033001,25.8,162.4,0.99449,3.43,0.49,10.3,6,laranja
7.0,0.514,0.23,1.67,0.070551,14.0,20.1,0.99462,3.39,0.85,11.1,5,laranja
6.5,0.223,0.28,3.07,0.055657,27.6,154.0,0.991565,3.22,0.4,12.0,5,laranja
6.0,0.313,0.33,4.62,0.041131,40.2,188.7,0.992455,3.23,0.55,10.9,6,laranja
6.6,0.239,0.25,17.13,0.049463,42.1,133.8,0.999809,3.3,0.38,8.9,6,laranja
9.3,0.792,0.25,2.82,0.078485,25.5,46.0,0.998676,3.34,0.68,10.5,6,laranja
6.9,0.127,0.38,1.63,0.045097,14.8,106.4,0.99208,3.32,0.88,11.9,6,laranja
7.5,0.328,0.21,12.67,0.051548,21.9,139.0,0.998511,3.17,0.49,9.8,6,laranja
7.6,0.267,0.4,2.86,0.050419,29.4,110.0,0.991352,3.3,0.52,12.7,6,laranja
5.5,0.24,0.49,10.99,0.028094,26.1,94.8,0.993845,3.23,0.46,10.6,4,laranja
5.1,0.241,0.55,0.6,0.043301,47.4,149.8,0.991253,3.17,0.61,9.7,6,laranja
7.4,0.188,0.3,1.72,0.03227,27.9,114.2,0.99217,3.3,0.52,11.1,5,laranja
7.1,0.217,0.24,5.86,0.121682,27.1,106.2,0.995127,3.03,0.56,9.6,7,laranja
7.4,0.314,0.26,8.87,0.046762,46.3,213.5,0.996496,3.27,0.35,9.1,5,laranja
7.1,0.188,0.29,5.23,0.055215,13.7,148.0,0.995352,3.29,0.37,9.2,7,laranja
7.8,0.361,0.52,10.94,0.097007,57.0,177.2,0.997516,2.92,0.52,9.1,5,laranja
7.3,0.324,0.24,13.69,0.05247,48.7,194.0,0.998746,3.2,0.47,8.7,5,laranja
9.8,0.598,0.07,3.68,0.104611,33.3,73.9,0.999856,3.29,0.67,9.7,6,laranja
7.7,0.383,0.48,7.14,0.039927,10.5,107.9,0.996442,3.33,0.76,9.9,7,laranja
8.0,0.538,0.4,13.13,0.213841,38.0,225.6,0.999042,2.97,0.57,9.3,6,laranja
8.3,0.336,0.43,2.02,0.096565,5.5,13.2,0.99484,3.29,0.54,12.3,5,laranja
8.8,0.191,0.32,1.68,0.019832,16.3,67.4,0.992331,2.97,0.35,10.4,6,laranja
5.4,0.293,0.19,0.86,0.075317,48.6,162.8,0.994133,3.32,0.54,8.8,6,laranja
5.9,0.585,0.03,1.02,0.04282,21.2,77.9,0.99375,3.31,0.4,9.3,7,laranja
6.6,0.374,0.38,12.28,0.05212,50.6,224.5,0.998577,3.26,0.51,8.8,7,laranja
6.5,0.337,0.36,5.07,0.03714,11.9,118.8,0.992475,3.32,0.81,12.0,5,laranja
7.6,0.315,0.34,1.43,0.04909,5.0,124.1,0.990999,3.21,0.34,12.0,5,laranja
8.2,0.593,0.24,2.58,0.121915,10.5,44.4,0.996016,3.14,0.53,9.8,7,laranja
7.9,0.495,0.11,1.18,0.176183,6.3,13.2,0.995925,3.27,0.88,9.8,5,laranja
10.8,0.411,0.38,2.31,0.081508,13.8,27.9,0.996921,3.11,0.64,11.2,5,laranja
6.6,0.369,0.47,6.36,0.058406,20.1,148.0,0.995219,3.14,0.43,9.6,7,laranja
6.3,0.411,0.16,8.54,0.081969,50.7,216.3,0.997956,3.45,0.67,9.4,5,laranja
8.5,0.312,0.39,2.02,0.067135,8.8,20.3,0.995823,3.39,0.58,10.6,6,laranja
7.2,0.327,0.2,6.24,0.060281,49.3,169.3,0.994765,3.17,0.42,10.1,6,laranja
7.4,0.187,0.62,15.91,0.044893,12.0,97.7,0.998343,3.06,0.35,9.2,8,laranja
9.8,0.583,0.08,3.65,0.101276,32.5,65.8,0.999994,3.29,0.7,9.5,4,laranja
7.2,0.388,0.31,9.12,0.036448,30.9,126.2,0.994332,3.09,0.42,11.0,5,laranja
6.2,0.275,0.52,7.83,0.046466,51.9,205.5,0.99565,3.25,0.41,9.2,6,laranja
7.9,0.365,0.24,11.16,0.026396,30.1,93.9,0.991518,2.92,0.42,13.6,5,laranja
7.6,0.262,0.29,2.64,0.059292,38.2,119.5,0.993288,3.07,0.37,9.7,5,laranja
6.5,0.243,0.37,11.93,0.036043,9.3,74.7,0.993762,3.08,0.57,12.8,5,laranja
7.3,0.214,0.5,13.97,0.049254,53.9,195.9,0.999575,3.24,0.66,9.0,5,laranja
7.6,0.298,0.72,1.2,0.162239,43.7,152.4,0.994711,3.1,0.41,8.9,6,laranja
8.2,0.125,0.49,1.98,0.043632,43.1,155.6,0.993455,3.12,0.49,9.8,6,laranja
7.3,0.74,0.23,1.44,0.108417,16.4,103.2,0.996421,3.27,0.59,9.2,6,laranja
7.6,0.401,0.33,9.46,0.040591,19.1,115.0,0.994301,3.07,0.42,11.2,6,laranja
6.7,0.725,0.08,5.34,0.117589,8.6,24.0,0.996201,3.33,0.47,10.8,6,laranja
6.8,0.159,0.36,8.08,0.04873,43.6,175.4,0.995682,3.31,0.53,9.9,5,laranja
11.1,0.166,0.48,1.71,0.067848,7.9,6.0,0.997111,3.22,0.65,10.1,5,laranja
7.6,0.204,0.29,13.11,0.054892,51.1,226.5,0.998203,3.14,0.46,9.2,5,laranja
7.4,0.516,0.13,2.83,0.078531,31.9,64.6,0.995011,3.43,0.61,11.0,6,laranja
8.7,0.267,0.36,1.93,0.05862,7.1,19.3,0.995284,3.3,0.76,11.8,6,laranja
7.0,0.209,0.46,6.64,0.067931,47.8,175.8,0.996054,3.57,0.49,10.4,6,laranja
7.5,0.346,0.4,11.66,0.068343,31.0,127.4,0.997539,3.18,0.4,9.4,7,laranja
5.0,0.21,0.47,5.89,0.067489,39.1,186.5,0.993308,3.18,0.42,9.9,6,laranja
9.3,0.629,0.27,3.18,0.091956,17.1,74.1,1.00014,3.29,0.54,9.6,5,laranja
7.3,0.146,0.39,1.92,0.057237,25.6,129.5,0.991864,3.17,0.51,10.7,6,laranja
8.0,0.387,0.32,2.21,0.159209,1.2,44.6,0.997669,3.3,0.88,9.6,5,laranja
7.1,0.191,0.44,0.94,0.048296,21.7,94.9,0.992235,3.14,0.46,9.9,5,laranja
6.7,0.294,0.24,11.14,0.029707,3.3,76.2,0.994257,3.07,0.36,11.2,6,laranja
10.5,0.303,0.52,2.39,0.103434,4.4,15.2,0.998335,3.25,0.61,9.6,6,laranja
7.8,0.513,0.24,2.42,0.080394,18.7,43.6,0.99773,3.49,0.97,12.2,5,laranja
5.9,0.299,0.3,2.55,0.038335,40.8,142.0,0.989349,3.27,0.4,12.9,6,laranja
8.0,0.2,0.49,3.63,0.041292,27.3,100.5,0.993192,3.11,0.38,10.5,6,laranja
8.6,0.192,0.4,5.07,0.035445,5.7,80.5,0.99406,3.17,0.5,11.7,8,laranja
7.3,0.221,0.24,1.46,0.046693,17.0,156.6,0.992081,3.29,0.52,11.1,5,laranja
7.9,0.216,0.37,1.67,0.035502,21.1,80.7,0.991486,3.08,0.38,10.6,6,laranja
6.8,0.169,0.27,0.95,0.027489,30.2,108.0,0.991056,3.15,0.44,11.1,7,laranja
7.1,0.565,0.01,2.1,0.077141,28.1,42.3,0.9954,3.42,0.56,10.5,6,laranja
6.2,0.471,0.49,2.03,0.033282,35.5,98.6,0.990787,3.49,0.74,12.3,7,laranja
7.2,0.239,0.38,12.86,0.061627,26.7,170.8,0.997618,2.88,0.44,9.0,8,laranja
5.3,0.461,0.03,1.58,0.034973,43.0,114.3,0.98955,3.36,0.34,12.1,5,laranja
11.4,0.639,0.66,6.04,0.085168,5.4,25.1,0.998628,3.12,1.0,13.3,6,laranja
8.9,0.558,0.05,2.11,0.117319,12.3,56.8,0.995838,3.2,0.62,10.8,6,laranja
9.3,0.56,0.18,1.23,0.074752,9.5,23.2,0.995681,3.16,0.5,9.9,6,laranja
7.7,0.189,0.33,7.14,0.015663,47.7,129.2,0.99306,3.01,0.4,11.1,6,laranja
6.6,0.393,0.31,1.93,0.036481,38.6,82.6,0.990951,3.59,0.51,12.6,3,laranja
6.8,0.3,0.21,1.38,0.037004,17.7,119.6,0.993678,3.09,0.38,9.2,6,laranja
5.6,0.193,0.28,2.46,0.036335,5.4,48.4,0.991155,3.07,0.45,10.2,6,laranja
6.4,0.177,0.45,0.71,0.03849,66.4,146.7,0.990359,3.13,0.74,11.1,7,laranja
8.9,0.346,0.32,2.08,0.062163,15.7,173.7,0.994826,3.14,0.47,9.7,5,laranja
8.0,0.408,0.19,1.38,0.074841,4.3,17.6,0.997503,3.3,0.6,9.3,4,laranja
6.7,0.327,0.3,2.37,0.04103,32.3,83.7,0.988238,3.08,0.37,12.8,5,laranja
8.5,0.457,0.26,2.6,0.051024,15.8,25.7,0.995069,3.19,0.83,11.2,6,laranja
8.0,0.445,0.71,2.16,0.4614,21.7,67.9,0.997548,3.15,1.26,9.5,6,laranja
8.2,0.378,0.27,2.4,0.070218,13.5,26.0,0.996474,3.21,0.71,9.5,5,laranja
9.1,0.518,1.02,3.88,0.611,31.1,69.5,0.999807,2.73,2.0,9.5,6,laranja
11.6,0.189,0.49,3.66,0.105077,4.9,28.0,0.999743,3.29,0.96,9.9,5,laranja
9.3,0.567,0.19,1.56,0.078527,10.0,29.7,0.995729,3.15,0.5,9.9,7,laranja
6.6,0.339,0.46,1.22,0.01931,4.9,78.9,0.989071,3.15,0.56,12.7,7,laranja
8.0,0.433,0.37,5.94,0.033664,24.8,88.4,0.991941,3.15,0.54,12.6,5,laranja
6.7,0.301,0.33,1.23,0.036517,42.9,121.0,0.988853,3.02,0.37,12.5,5,laranja
6.3,0.217,0.3,12.08,0.04869,49.6,142.4,0.994528,3.22,0.39,10.8,5,laranja
5.7,0.166,0.37,2.22,0.046552,9.4,81.9,0.991517,3.68,0.68,10.8,6,laranja
6.7,0.439,0.09,2.11,0.058101,6.9,18.8,0.99415,3.41,0.68,11.2,6,laranja
6.4,0.305,0.23,8.36,0.054981,18.2,137.7,0.994168,3.06,0.44,10.6,6,laranja
11.8,0.326,0.49,3.77,0.091316,54.2,78.6,1.000322,3.31,0.77,10.7,5,laranja
8.4,0.745,0.11,2.14,0.090646,12.4,59.6,0.996403,3.19,0.83,9.5,7,laranja
7.0,0.243,0.37,1.69,0.029993,12.5,65.9,0.990036,3.24,0.4,12.8,5,laranja
7.2,0.226,0.38,14.09,0.059313,50.4,189.0,0.99794,3.0,0.47,8.9,6,laranja
6.1,0.412,0.17,6.4,0.030671,20.9,128.8,0.991388,3.23,0.45,12.2,6,laranja
7.5,0.242,0.5,13.36,0.048246,64.9,184.9,0.998136,3.11,0.46,8.8,7,laranja
5.9,0.225,0.29,4.39,0.051438,38.0,197.5,0.996444,3.71,0.69,10.0,7,laranja
8.5,0.24,0.35,1.39,0.031877,53.4,107.4,0.991924,3.08,0.56,10.9,5,laranja
9.8,0.378,0.41,2.14,0.081076,10.7,62.6,0.997928,3.2,0.5,9.3,6,laranja
8.7,0.292,0.29,0.75,0.048438,18.0,108.9,0.992969,2.96,0.39,10.3,6,laranja
6.5,0.527,0.21,16.34,0.056796,40.7,187.4,0.998735,3.33,0.57,10.4,7,laranja
6.9,0.469,0.29,1.8,0.025154,41.3,102.7,0.990309,3.3,0.62,12.6,7,laranja
6.9,0.359,0.24,9.1,0.059502,53.9,165.1,0.995862,3.23,0.42,10.0,6,laranja
7.3,0.247,0.42,1.69,0.048995,33.6,141.4,0.991533,2.95,0.46,11.0,8,laranja
7.4,0.326,0.35,6.55,0.034855,25.4,109.5,0.99498,3.22,0.45,9.6,6,laranja
7.1,0.259,0.3,3.97,0.057463,29.0,195.7,0.995847,3.55,0.6,10.3,7,laranja
6.5,0.246,0.25,9.14,0.051085,47.1,185.2,0.995838,3.1,0.5,9.4,5,laranja
7.0,0.551,0.08,1.86,0.083775,11.4,8.4,0.994654,3.42,0.58,11.5,5,laranja
10.3,0.399,0.57,3.95,0.075901,20.2,53.9,0.999561,3.16,0.9,10.0,6,laranja
6.3,0.265,0.26,15.41,0.041567,72.3,216.1,0.997194,3.19,0.4,9.8,5,laranja
6.2,0.239,0.46,7.46,0.054735,65.1,225.3,0.995581,3.15,0.47,9.0,6,laranja
6.1,0.291,0.21,1.25,0.051806,39.8,165.8,0.991408,3.33,0.44,11.1,5,laranja
6.4,0.512,0.2,1.91,0.060766,16.5,114.7,0.992989,3.17,0.39,9.1,5,laranja
5.6,0.175,0.6,1.72,0.038483,28.1,135.8,0.989661,3.52,0.6,12.0,6,laranja
6.3,0.553,0.45,13.61,0.046003,35.3,185.8,0.99773,3.21,0.47,9.2,4,laranja
7.6,0.389,0.1,1.33,0.098836,19.4,29.8,0.996212,3.14,0.51,9.6,5,laranja
6.5,0.383,0.45,7.2,0.061158,23.5,153.7,0.995667,3.13,0.46,9.7,6,laranja
7.3,0.646,0.08,2.47,0.077068,18.6,85.6,0.997524,3.49,0.54,9.6,5,laranja
7.5,0.208,0.3,12.69,0.05344,48.1,231.2,0.998766,3.14,0.48,9.0,6,laranja
8.2,0.267,0.32,1.27,0.044782,27.1,95.0,0.990324,2.99,0.43,12.4,6,laranja
7.3,0.415,0.63,11.07,0.045904,56.0,156.2,0.997665,3.09,0.43,8.8,7,laranja
6.4,0.339,0.34,5.27,0.033873,30.5,106.4,0.991016,3.37,0.58,12.5,3,laranja
7.7,0.973,0.11,2.63,0.113317,9.2,21.9,0.99628,3.25,0.5,9.6,7,laranja
6.5,0.324,0.49,8.07,0.024531,16.1,80.4,0.991504,3.21,0.79,12.7,5,laranja
7.2,0.294,0.37,6.79,0.053548,43.3,225.5,0.997073,3.51,0.64,10.2,6,laranja
8.0,0.292,0.25,0.97,0.051052,11.2,89.2,0.994694,3.24,0.38,9.4,6,laranja
6.4,0.209,0.47,7.41,0.050844,65.1,209.6,0.994891,3.24,0.33,9.5,6,laranja
6.0,0.236,0.32,8.35,0.040325,45.5,131.1,0.99362,3.16,0.4,10.7,4,laranja
6.9,0.4,0.23,2.54,0.083583,29.5,51.1,0.995728,3.27,0.59,10.1,5,laranja
8.3,0.513,0.33,3.07,0.079287,21.3,126.9,0.997754,3.22,0.62,9.7,6,laranja
6.5,0.402,0.3,1.54,0.038852,17.5,107.5,0.991967,3.14,0.41,10.6,6,laranja
6.8,0.191,0.33,1.69,0.040983,63.4,139.1,0.992509,3.43,0.52,10.9,7,laranja
6.5,0.575,0.03,2.41,0.071453,17.7,35.3,0.993758,3.39,0.67,12.6,6,laranja
15.6,0.701,0.77,3.92,0.103495,6.0,40.9,1.003588,2.95,0.67,11.2,7,laranja
8.2,0.269,0.34,1.91,0.025993,36.1,100.2,0.992391,3.22,0.61,10.4,6,laranja
8.9,0.785,0.23,2.18,0.066962,9.0,37.1,0.996172,3.09,0.56,9.3,6,laranja
8.0,0.298,0.6,2.76,0.106673,11.8,13.6,0.997899,3.39,0.69,10.5,5,laranja
6.9,0.291,0.49,1.66,0.042775,30.8,102.9,0.994199,3.39,0.6,10.2,7,laranja
7.6,0.503,0.32,2.43,0.074509,26.0,86.5,0.996865,3.41,0.58,9.0,4,laranja
7.7,0.276,0.33,1.44,0.046708,46.3,151.5,0.993854,3.42,0.51,10.1,6,laranja
7.6,0.207,0.3,13.89,0.054243,53.9,209.2,0.998884,3.15,0.47,9.0,5,laranja
7.2,0.169,0.31,0.92,0.040201,50.6,134.5,0.992144,3.27,0.35,9.9,6,laranja
6.4,0.55,0.0,2.19,0.118178,6.8,22.8,0.996836,3.38,0.71,9.4,6,laranja
7.1,0.165,0.42,0.85,0.072435,18.4,71.8,0.99077,3.35,0.62,11.5,6,laranja
6.2,0.147,0.45,1.25,0.044138,66.2,155.5,0.990816,3.17,0.74,11.2,5,laranja
7.3,0.318,0.35,6.35,0.03081,24.7,109.0,0.99494,3.24,0.46,9.7,5,laranja
6.1,0.25,0.25,12.2,0.049159,53.3,171.1,0.998442,3.35,0.45,9.6,7,laranja
5.9,0.353,0.31,1.92,0.030823,38.9,143.2,0.989019,3.4,0.4,12.8,7,laranja
10.5,0.359,0.52,2.26,0.069883,4.1,19.2,0.99701,3.16,0.67,11.1,7,laranja
7.4,0.216,0.4,1.62,0.053393,25.3,104.4,0.991892,3.16,0.47,11.2,6,laranja
8.8,0.569,0.34,2.84,0.091706,18.0,104.9,0.999681,3.37,0.6,9.6,5,laranja
7.6,0.233,0.34,14.07,0.039376,66.1,188.4,0.999909,3.22,0.75,8.9,5,laranja
9.1,0.229,0.51,1.55,0.045976,26.9,106.2,0.991693,3.23,0.34,12.4,6,laranja
6.2,0.201,0.32,2.88,0.051262,14.5,121.8,0.993673,3.21,0.56,9.5,6,laranja
6.9,0.245,0.24,13.88,0.053408,20.9,98.2,0.998127,3.18,0.53,9.7,5,laranja
5.1,0.602,0.35,1.4,0.034883,2.8,67.0,0.988674,3.26,0.4,12.9,7,laranja
7.0,0.784,0.09,1.5,0.094533,8.8,18.4,0.995203,3.39,0.45,9.9,6,laranja
11.4,0.3,0.51,2.67,0.080162,12.6,26.4,0.998143,3.01,0.95,9.7,5,laranja
6.1,0.177,0.35,5.63,0.033941,32.7,113.6,0.993247,3.32,0.59,10.0,6,laranja
5.8,0.284,0.29,3.55,0.02628,37.2,102.1,0.990051,3.28,0.57,12.7,5,laranja
8.2,0.32,0.35,8.2,0.029167,31.2,145.4,0.992601,3.02,0.36,13.1,6,laranja
7.7,0.298,0.3,10.32,0.041519,22.3,150.7,0.996551,3.04,0.35,9.3,5,laranja
5.2,0.316,0.47,3.01,0.056719,45.8,141.3,0.993041,3.27,0.76,9.9,4,laranja
9.6,0.553,0.19,3.32,0.090808,15.9,48.1,1.000028,3.14,0.61,9.4,5,laranja
7.8,0.635,0.13,5.62,0.116127,4.8,15.1,0.998332,3.39,0.68,10.2,8,laranja
7.0,0.19,0.34,2.07,0.045391,13.2,135.6,0.992485,3.24,0.47,11.8,6,laranja
7.8,0.808,0.01,3.25,0.080034,4.9,19.8,0.997715,3.31,0.52,9.2,5,laranja
6.7,0.354,0.34,9.5,0.030927,30.5,118.0,0.991464,3.14,0.67,12.7,6,laranja
6.8,0.195,0.36,7.45,0.055277,18.4,105.1,0.99553,2.96,0.6,9.5,6,laranja
7.0,0.288,0.37,5.14,0.033546,23.4,123.9,0.992519,3.17,0.44,10.9,6,laranja
5.4,0.279,0.29,8.32,0.052917,25.3,92.3,0.99414,3.18,0.38,10.4,5,laranja
7.4,0.348,0.25,5.29,0.037543,28.6,118.0,0.993494,3.13,0.41,11.4,5,laranja
6.7,0.136,0.44,0.87,0.039264,44.6,143.5,0.992795,3.32,0.51,10.1,4,laranja
7.1,0.229,0.42,8.36,0.027685,30.2,122.5,0.993859,3.2,0.56,11.0,6,laranja
6.9,0.471,0.11,2.15,0.073571,10.0,28.3,0.996216,3.43,0.58,10.1,7,laranja
6.2,0.395,0.2,7.62,0.096588,28.7,202.2,0.997437,3.52,0.71,9.4,6,laranja
6.2,0.404,0.0,2.42,0.041419,7.1,51.3,0.991445,3.38,0.39,11.3,6,laranja
7.1,0.12,0.48,1.15,0.041452,46.5,110.4,0.99131,2.98,0.46,11.1,5,laranja
7.4,0.268,0.28,12.05,0.053753,55.2,164.8,0.996639,3.11,0.6,9.9,5,laranja
7.3,0.642,0.2,9.93,0.065894,26.7,217.3,0.996826,2.94,0.59,9.3,6,laranja
5.6,0.204,0.64,10.32,0.045825,78.1,175.3,0.994067,2.97,0.44,10.5,5,laranja
7.9,0.326,0.4,1.72,0.05544,7.9,45.6,0.994013,3.26,0.71,11.0,5,laranja
5.2,0.249,0.39,1.67,0.02968,42.3,75.5,0.989079,3.23,0.62,12.2,6,laranja
6.0,0.455,0.27,1.2,0.024428,22.3,111.3,0.991643,3.28,0.37,10.6,5,laranja
8.2,0.263,0.39,1.92,0.028329,17.6,88.9,0.992388,3.24,0.52,11.6,6,laranja
8.1,0.599,0.2,1.81,0.075229,25.2,109.5,0.996037,3.3,0.49,9.8,5,laranja
9.8,0.331,0.59,2.94,0.080312,4.3,19.2,0.99944,3.19,0.81,9.4,6,laranja
7.4,0.297,0.23,1.96,0.047838,14.1,134.6,0.99308,3.08,0.76,10.5,7,laranja
5.7,0.201,0.59,1.57,0.039753,31.1,134.1,0.98991,3.49,0.62,11.8,6,laranja
7.6,0.319,0.32,1.4,0.034363,23.0,128.3,0.991706,2.93,0.32,11.0,7,laranja
6.3,0.32,0.28,14.8,0.044182,47.3,200.1,0.997787,3.24,0.46,9.4,8,laranja
7.6,0.643,0.01,2.43,0.089601,15.2,60.9,0.99659,3.36,0.46,10.2,6,laranja
7.4,0.24,0.27,1.04,0.03674,30.0,116.1,0.99179,3.3,0.49,10.8,5,laranja
7.0,0.315,0.34,1.22,0.043314,20.9,114.3,0.990521,3.22,0.51,11.5,7,laranja
6.5,0.573,0.02,2.18,0.07056,19.1,40.8,0.994021,3.38,0.66,12.6,4,laranja
6.9,0.227,0.41,7.03,0.035931,38.3,111.9,0.992082,3.19,0.45,11.4,7,laranja
6.7,0.341,0.25,8.64,0.052998,21.6,138.0,0.994385,3.01,0.42,10.7,7,laranja
6.9,0.151,0.39,15.39,0.046209,54.8,119.3,0.997694,3.18,0.42,9.7,6,laranja
7.2,0.239,0.4,17.75,0.055464,45.6,148.4,1.000246,3.21,0.36,8.4,7,laranja
7.9,0.278,0.34,1.58,0.048173,41.0,106.4,0.989589,3.0,0.46,12.4,5,laranja
7.4,0.326,0.35,6.46,0.031556,11.3,125.0,0.992657,3.17,0.4,11.8,6,laranja
8.1,0.171,0.45,13.43,0.052274,41.7,146.2,1.000702,3.28,0.76,8.9,6,laranja
6.7,0.42,0.32,3.59,0.036146,27.2,133.8,0.990929,3.01,0.38,12.0,5,laranja
6.5,0.274,0.27,0.99,0.038005,18.3,110.5,0.993077,3.36,0.64,10.4,6,laranja
6.8,0.22,0.38,4.81,0.044286,29.5,109.1,0.994038,3.35,0.61,10.6,5,laranja
6.3,0.252,0.19,4.27,0.029917,23.1,129.5,0.991773,3.06,0.33,10.7,6,laranja
8.0,0.347,0.53,2.83,0.097288,18.5,80.4,0.997661,3.37,0.79,9.5,6,laranja
11.4,0.447,0.51,2.88,0.127242,5.6,12.8,1.000626,3.12,0.69,10.3,8,laranja
6.9,0.231,0.39,7.07,0.039123,53.0,153.2,0.992527,3.13,0.31,11.3,5,laranja
7.4,0.419,0.49,1.08,0.047407,9.1,134.4,0.993502,3.02,0.44,9.2,6,laranja
7.5,0.428,0.3,2.85,0.08491,22.8,69.1,0.998037,3.53,0.63,9.6,6,laranja
6.6,0.221,0.35,8.75,0.044138,29.9,137.4,0.995847,3.28,0.6,10.4,6,laranja
7.8,0.765,0.05,2.2,0.090591,13.9,58.4,0.996609,3.28,0.65,10.0,6,laranja
6.4,0.401,0.11,2.17,0.080761,31.2,49.3,0.99553,3.38,0.49,9.5,6,laranja
7.8,0.292,0.32,7.8,0.046386,61.7,204.2,0.995546,3.12,0.56,10.0,7,laranja
7.5,0.296,0.38,2.15,0.055523,24.1,117.8,0.994232,3.26,0.38,10.6,5,laranja
6.4,0.309,0.4,2.63,0.039907,19.3,100.1,0.991311,3.19,0.34,11.0,5,laranja
7.1,0.406,0.41,2.23,0.048017,55.6,199.1,0.991827,3.04,0.51,11.5,6,laranja
7.3,0.272,0.36,4.91,0.037992,32.5,143.0,0.992562,3.16,0.59,11.0,5,laranja
7.4,0.274,0.29,3.6,0.046726,14.2,73.4,0.991504,3.05,0.44,11.3,5,laranja
6.8,0.179,0.29,11.86,0.059322,21.2,166.5,0.998216,3.0,0.53,9.0,6,laranja
7.5,0.29,0.27,10.23,0.030889,41.2,135.7,0.995115,3.1,0.49,10.5,6,laranja
6.7,0.287,0.75,5.7,0.041655,35.1,149.6,0.994497,3.19,0.45,9.9,6,laranja
6.1,0.313,0.37,8.19,0.029736,72.7,164.7,0.993748,3.42,0.37,11.7,7,laranja
6.5,0.548,0.14,4.3,0.074019,27.5,71.5,0.996542,3.33,0.48,9.0,6,laranja
6.1,0.396,0.16,12.07,0.04547,65.1,245.7,0.997695,3.15,0.39,9.1,7,laranja
7.3,0.438,0.22,1.85,0.048129,23.8,65.2,0.993301,3.38,0.57,11.6,6,laranja
7.4,0.223,0.26,7.14,0.04624,49.3,209.3,0.996223,3.12,0.38,9.3,7,laranja
6.6,0.301,0.23,8.38,0.055874,20.5,133.6,0.994115,3.01,0.43,10.6,6,laranja
6.3,0.235,0.28,7.73,0.022822,16.4,94.4,0.992728,3.16,0.57,10.8,5,laranja
8.7,0.241,0.45,6.3,0.024389,11.9,46.1,0.992932,2.99,0.34,11.2,5,laranja
6.4,0.431,0.18,8.91,0.041755,27.7,141.3,0.994327,3.22,0.55,11.0,6,laranja
9.0,0.588,0.18,4.33,0.17197,49.9,151.6,0.998779,3.18,0.91,9.2,6,laranja
7.5,0.281,0.41,5.4,0.018861,21.7,129.2,0.993421,3.13,0.62,11.2,7,laranja
6.8,0.135,0.46,1.23,0.032834,13.8,92.5,0.993091,3.36,0.5,10.7,7,laranja
6.4,0.451,0.21,15.32,0.047978,53.4,188.0,0.998314,3.39,0.59,10.5,6,laranja
10.7,0.243,0.56,8.44,0.048181,39.1,188.9,0.998092,2.89,0.68,9.5,5,laranja
6.5,0.272,0.25,3.38,0.039379,18.5,102.0,0.991398,3.24,0.46,11.1,5,laranja
9.5,0.33,0.38,1.93,0.075434,5.2,6.9,0.998077,3.2,0.61,9.1,6,laranja
6.6,0.118,0.31,4.48,0.055539,46.0,135.2,0.994647,3.5,0.44,10.2,7,laranja
7.0,0.397,0.27,9.53,0.044079,24.9,190.9,0.99752,3.27,0.62,9.1,5,laranja
6.5,0.397,0.12,12.64,0.044026,27.4,160.2,0.997588,3.26,0.47,9.0,5,laranja
7.1,0.235,0.46,7.01,0.035288,18.3,84.1,0.992994,3.08,0.79,11.8,6,laranja
6.9,0.408,0.33,3.75,0.056187,10.3,21.1,0.994233,3.28,0.48,11.3,5,laranja
6.7,0.503,0.02,1.94,0.059073,16.8,24.7,0.994983,3.41,0.59,9.7,5,laranja
7.1,0.154,0.28,3.96,0.021594,15.8,32.3,0.990207,3.03,0.53,11.8,5,laranja
11.2,0.343,0.51,2.07,0.09075,20.0,47.0,0.997124,3.16,0.57,10.4,6,laranja
7.0,0.509,0.23,2.67,0.080438,12.3,33.8,0.996776,3.49,0.5,11.1,6,laranja
6.3,0.434,0.32,9.22,0.041313,20.0,105.8,0.991647,3.27,0.33,13.0,5,laranja
7.1,0.204,0.41,0.83,0.070737,20.7,149.7,0.992666,3.42,0.44,10.6,7,laranja
6.5,0.328,0.39,7.59,0.03698,62.4,221.2,0.995652,3.18,0.5,9.4,7,laranja
10.1,0.716,0.19,6.13,0.111668,30.3,71.5,0.998702,3.13,0.52,9.4,7,laranja
9.0,0.204,0.4,1.68,0.049108,15.0,99.2,0.995547,3.1,0.64,10.1,6,laranja
9.3,0.764,0.27,2.93,0.078465,25.8,54.6,0.998844,3.31,0.65,10.6,6,laranja
5.6,0.24,0.3,0.61,0.04513,33.4,130.0,0.990623,3.35,0.51,10.9,5,laranja
7.2,0.246,0.36,1.87,0.029025,22.1,61.5,0.991053,3.14,0.63,12.5,7,laranja
7.2,0.196,0.5,1.55,0.041516,42.3,153.0,0.991426,3.3,0.45,12.6,6,laranja
6.9,0.321,0.5,2.15,0.027093,4.2,55.7,0.991989,3.07,0.43,10.3,5,laranja
7.8,0.411,0.49,12.56,0.034562,37.9,163.8,0.995348,3.13,0.35,11.5,6,laranja
6.5,0.289,0.32,3.74,0.038883,30.5,122.7,0.990947,3.26,0.47,12.1,6,laranja
9.5,0.653,0.24,3.15,0.093157,4.5,32.2,0.998624,3.16,0.59,10.1,5,laranja
8.9,0.34,0.35,1.73,0.052744,14.1,180.9,0.994718,3.15,0.45,9.7,6,laranja
6.9,0.333,0.79,9.99,0.042546,19.4,252.4,0.99423,3.0,0.55,10.9,7,laranja
7.2,0.205,0.4,14.49,0.063027,51.8,193.4,0.997853,2.98,0.47,9.0,6,laranja
7.3,0.217,0.39,15.64,0.051929,55.1,184.5,1.000165,3.33,0.58,9.0,6,laranja
6.1,0.239,0.27,1.7,0.028357,60.8,128.2,0.98986,3.18,0.8,11.9,6,laranja
6.7,0.334,0.45,6.38,0.054914,27.3,157.5,0.995476,3.13,0.43,9.4,5,laranja
5.9,0.349,0.5,2.45,0.110951,15.5,145.0,0.992763,3.1,0.49,9.3,5,laranja
6.6,0.185,0.43,11.13,0.0451,54.1,148.0,0.997612,3.53,0.76,10.2,6,laranja
7.0,0.244,0.38,17.28,0.038047,58.3,169.9,0.998969,3.17,0.59,9.2,6,laranja
7.0,0.271,0.39,13.94,0.038925,62.2,229.3,0.9982,3.1,0.6,9.7,6,laranja
7.5,0.52,0.28,2.0,0.084595,20.9,62.4,0.997758,3.4,0.74,9.1,5,laranja
7.9,0.336,0.34,2.73,0.074451,10.7,42.5,0.995962,3.26,0.8,11.1,6,laranja
7.3,0.662,0.07,1.67,0.073704,15.3,51.1,0.996569,3.39,0.53,9.5,5,laranja
6.5,0.283,0.17,4.48,0.041284,6.6,118.0,0.995733,3.24,0.35,8.5,5,laranja
7.8,0.806,0.24,3.15,0.074019,34.8,83.5,0.996497,3.2,0.4,9.0,6,laranja
6.0,0.318,0.14,4.28,0.051847,27.2,124.7,0.994955,3.22,0.47,9.2,5,laranja
5.9,0.302,0.39,5.21,0.038122,22.9,91.4,0.989552,3.22,0.59,13.1,5,laranja
7.5,0.569,0.04,2.36,0.081449,12.1,33.7,0.995766,3.35,0.62,10.9,6,laranja
6.4,0.267,0.3,6.67,0.209947,62.2,157.2,0.995093,3.1,0.42,9.2,5,laranja
6.2,0.262,0.17,10.77,0.046997,39.5,128.8,0.995931,3.14,0.34,10.5,6,laranja
6.6,0.479,0.04,1.95,0.064697,6.0,13.3,0.995498,3.39,0.63,9.5,5,laranja
5.4,0.271,0.37,1.35,0.027861,29.6,136.2,0.989033,3.25,0.37,12.4,6,laranja
6.1,0.228,0.31,3.17,0.029658,32.3,142.2,0.990063,3.18,0.32,12.1,6,laranja
5.0,1.026,0.25,1.73,0.048584,33.2,99.1,0.993286,3.71,0.61,11.6,6,laranja
7.1,0.202,0.29,0.67,0.021783,2.3,28.8,0.989185,3.2,0.36,11.9,7,laranja
6.1,0.27,0.22,2.03,0.035858,33.6,119.3,0.989646,3.37,0.45,12.6,7,laranja
7.2,0.23,0.33,1.08,0.043979,38.7,171.3,0.991875,3.17,0.54,11.3,6,laranja
7.4,0.507,0.18,2.31,0.086686,11.7,32.5,0.996761,3.39,0.62,9.5,7,laranja
11.9,0.458,0.55,1.95,0.071081,26.4,53.0,0.999797,3.09,0.76,10.4,6,laranja
7.5,0.39,0.33,2.45,0.065664,9.6,26.2,0.994947,3.37,0.6,11.9,5,laranja
5.9,0.3,0.27,2.4,0.049778,24.0,147.3,0.993648,3.22,0.65,10.5,7,laranja
6.0,0.28,0.32,5.92,0.051914,47.5,161.8,0.992617,3.21,0.6,11.2,6,laranja
7.3,0.262,0.3,12.47,0.047482,64.8,235.1,0.996891,3.04,0.4,9.3,6,laranja
6.6,0.298,0.29,10.87,0.034505,38.8,142.8,0.996617,3.24,0.47,10.0,6,laranja
7.7,0.334,0.6,1.6,0.04521,14.2,105.0,0.993162,3.24,0.49,11.7,8,laranja
7.3,0.267,0.27,12.41,0.050414,53.4,183.2,0.996857,3.1,0.61,9.9,8,laranja
11.7,0.518,0.49,1.58,0.08646,7.3,10.3,0.999956,3.2,0.44,9.3,4,laranja
7.9,0.363,0.28,1.35,0.03922,26.5,110.6,0.993205,3.02,0.56,10.7,7,laranja
6.4,0.322,0.18,14.85,0.061368,37.7,166.9,0.998017,3.14,0.47,9.0,5,laranja
6.8,0.227,0.4,6.43,0.036438,38.1,120.7,0.992179,3.19,0.55,12.0,5,laranja
5.9,0.428,0.25,1.02,0.03178,22.1,109.4,0.991436,3.32,0.36,10.5,6,laranja
6.5,0.269,0.26,17.09,0.061347,28.9,143.0,0.997423,3.24,0.5,9.9,6,laranja
5.9,0.251,0.37,1.28,0.043726,25.4,95.0,0.992305,3.19,0.45,10.0,6,laranja
7.8,0.313,0.33,10.34,0.033132,47.5,196.5,0.996745,3.08,0.58,9.5,6,laranja
6.6,0.38,0.53,9.93,0.048768,27.5,144.3,0.996066,3.08,0.38,9.4,7,laranja
7.2,0.737,0.0,1.35,0.121808,7.3,16.7,0.995977,3.45,0.58,9.7,6,laranja
7.4,0.22,0.3,13.56,0.047915,27.3,175.2,0.998986,3.06,0.53,9.1,6,laranja
6.8,0.166,0.3,8.82,0.041617,51.3,137.2,0.995752,3.24,0.44,9.4,5,laranja
6.8,0.205,0.43,1.47,0.056641,38.1,100.1,0.993034,3.01,0.4,9.2,6,laranja
6.1,0.218,0.27,10.59,0.05541,113.2,175.1,0.996298,3.09,0.36,9.4,7,laranja
7.2,0.378,0.3,1.38,0.064509,14.2,25.0,0.994856,3.22,0.74,11.4,6,laranja
7.5,0.239,0.41,15.3,0.052906,55.4,187.6,0.999312,3.32,0.57,8.9,6,laranja
5.6,0.244,0.0,10.21,0.037961,11.5,108.6,0.993132,3.43,0.44,12.3,6,laranja
7.5,0.217,0.63,13.16,0.032257,54.2,166.9,0.997796,3.01,0.53,8.8,6,laranja
5.6,0.342,0.2,16.36,0.051387,26.1,162.2,0.997657,3.09,0.46,8.9,5,laranja
6.1,0.613,0.05,1.8,0.09567,32.1,45.9,0.994941,3.43,0.59,10.5,5,laranja
7.8,0.194,0.29,10.15,0.053982,77.7,191.9,0.997402,3.14,0.46,9.9,5,laranja
7.5,0.719,0.09,1.74,0.087132,11.7,51.8,0.994648,3.12,0.49,9.9,6,laranja
5.2,0.292,0.31,5.3,0.038097,65.8,142.7,0.989652,3.18,0.35,12.3,6,laranja
11.4,0.639,0.67,6.61,0.089974,6.6,19.5,0.998788,3.13,1.0,13.4,7,laranja
6.9,0.256,0.2,1.03,0.057465,13.6,139.8,0.993621,3.12,0.43,9.5,6,laranja
7.4,0.214,0.7,10.57,0.046116,37.8,127.5,0.997696,2.99,0.35,8.6,5,laranja
6.2,0.342,0.27,14.77,0.05107,50.7,202.9,0.997665,3.2,0.47,9.5,5,laranja
7.2,0.33,0.21,1.55,0.044178,43.0,180.7,0.992497,3.14,0.46,9.8,5,laranja
6.1,0.388,0.47,1.98,0.04705,59.6,213.3,0.993019,3.26,0.51,9.5,6,laranja
8.0,0.211,0.25,1.7,0.027969,23.3,185.4,0.991237,3.08,0.75,12.2,6,laranja
6.9,0.299,0.33,5.79,0.041259,15.0,112.4,0.993009,3.06,0.57,11.1,6,laranja
6.6,0.23,0.34,13.3,0.049534,29.3,151.2,0.99896,3.44,0.45,9.4,6,laranja
6.5,0.561,0.15,2.25,0.062759,10.2,26.2,0.993477,3.4,0.61,11.7,6,laranja
6.2,0.218,0.23,1.87,0.048957,37.5,131.7,0.994319,3.8,0.66,10.7,7,laranja
9.0,0.745,0.15,2.29,0.084178,9.0,23.8,0.997971,3.36,0.67,10.4,6,laranja
6.9,0.332,0.2,2.66,0.041016,15.4,65.9,0.992959,3.15,0.4,9.4,6,laranja
6.4,0.288,0.29,8.77,0.045986,24.1,174.5,0.993423,3.23,0.57,11.3,4,laranja
7.7,0.321,0.34,1.31,0.052948,4.3,123.9,0.991464,3.17,0.36,12.0,5,laranja
6.8,0.4,0.37,8.62,0.051964,33.2,149.6,0.996172,3.17,0.51,9.3,6,laranja
6.6,0.151,0.36,2.49,0.031819,32.5,74.2,0.991315,3.21,0.73,11.3,5,laranja
6.1,0.349,0.17,3.45,0.029763,4.1,84.8,0.991272,3.29,0.4,11.5,5,laranja
6.8,0.32,0.28,11.57,0.026192,19.1,95.0,0.993417,2.97,0.4,11.7,5,laranja
8.7,0.266,0.47,2.0,0.092991,21.1,26.6,0.994803,3.28,0.56,11.4,6,laranja
6.5,0.279,0.52,7.93,0.055894,45.2,195.3,0.99504,3.16,0.48,9.5,6,laranja
7.0,0.232,0.42,5.37,0.044122,34.3,143.7,0.995288,3.52,0.56,10.2,5,laranja
6.8,0.413,0.33,9.11,0.087923,25.6,46.3,0.998345,3.39,0.65,10.1,8,laranja
7.1,0.357,0.27,1.21,0.075801,30.2,73.0,0.996506,3.45,0.49,9.4,5,laranja
6.8,0.256,0.29,1.72,0.017115,25.3,75.8,0.990795,3.17,0.46,11.8,5,laranja
7.7,0.54,0.12,2.5,0.096079,23.2,72.7,0.997434,3.37,0.6,9.6,6,laranja
7.0,0.356,0.28,1.4,0.084131,33.7,65.8,0.997327,3.43,0.51,9.3,5,laranja
6.5,0.335,0.23,15.47,0.057072,36.8,177.0,0.998444,3.27,0.55,9.1,6,laranja
8.3,0.311,0.39,2.69,0.076921,19.6,41.9,0.994003,3.31,0.76,12.6,6,laranja
6.4,0.882,0.01,2.38,0.163038,4.4,14.8,0.995891,3.57,0.52,10.7,6,laranja
7.1,0.241,0.74,3.14,0.047294,41.1,140.6,0.990669,3.32,0.41,12.2,6,laranja
7.4,0.178,0.35,2.65,0.032088,27.2,105.7,0.992177,2.98,0.53,10.9,5,laranja
7.3,0.21,0.36,11.7,0.04668,36.6,213.4,0.996178,3.09,0.48,9.5,6,laranja
7.0,0.119,0.36,0.6,0.043016,20.0,83.3,0.990392,3.02,0.53,11.4,4,laranja
6.6,0.25,0.3,0.67,0.040021,31.3,123.7,0.992295,3.41,0.45,11.4,5,laranja
6.6,0.226,0.34,11.21,0.048678,61.6,139.9,0.99496,3.22,0.39,10.8,4,laranja
6.6,0.409,0.21,4.89,0.047841,49.4,139.9,0.994773,3.15,0.61,9.2,5,laranja
7.9,0.256,0.27,2.2,0.051996,53.9,199.0,0.993048,3.21,0.5,10.9,6,laranja
7.0,0.285,0.74,1.26,0.17223,33.3,123.7,0.993315,3.04,0.46,9.3,5,laranja
5.5,0.218,0.24,2.16,0.048855,57.8,186.5,0.994606,3.65,0.69,10.1,6,laranja
7.3,0.273,0.3,2.24,0.04723,17.3,94.3,0.990923,3.17,0.49,11.4,5,laranja
7.0,0.391,0.3,14.35,0.050031,49.2,185.7,0.997756,3.01,0.59,9.5,7,laranja
6.7,0.192,0.36,1.27,0.051843,46.2,143.3,0.99373,3.46,0.87,10.1,7,laranja
6.4,0.169,0.27,2.24,0.038142,18.8,90.7,0.991425,3.46,0.43,10.9,5,laranja
7.3,0.325,0.56,16.88,0.059639,57.5,244.1,1.002082,2.96,0.57,8.7,5,laranja
8.4,0.28,0.32,2.08,0.071459,16.7,48.5,0.996002,3.41,0.78,11.4,6,laranja
5.5,0.212,0.22,17.2,0.045266,40.1,102.5,0.998643,3.26,0.48,9.0,6,laranja
6.8,0.362,0.27,1.07,0.021189,21.7,77.0,0.989459,3.41,0.62,12.4,5,laranja
6.6,0.167,0.36,1.39,0.044875,24.7,127.2,0.993079,3.32,0.6,10.4,5,laranja
7.9,0.277,0.47,3.53,0.024578,28.7,85.0,0.992145,3.03,0.33,11.3,6,laranja
7.3,0.375,0.38,2.17,0.070445,21.6,43.1,0.993637,3.37,0.73,13.1,6,laranja
8.5,0.381,0.3,2.19,0.06356,26.0,49.4,0.994687,3.33,0.71,11.7,6,laranja
9.1,0.29,0.46,10.65,0.037083,28.0,122.5,0.997255,3.2,0.45,10.4,6,laranja
6.5,0.243,0.49,5.46,0.054811,28.2,124.2,0.993847,3.03,0.99,10.5,7,laranja
5.5,0.317,0.32,7.51,0.036497,24.7,93.0,0.992814,3.24,0.47,11.0,6,laranja
7.0,0.149,0.35,2.71,0.024185,29.2,99.3,0.991483,3.12,0.36,11.2,6,laranja
7.0,0.217,0.32,6.86,0.042284,30.0,111.9,0.993564,3.27,0.49,10.9,6,laranja
6.8,0.19,0.28,1.59,0.039356,53.1,157.8,0.991704,3.15,0.44,10.1,6,laranja
8.0,0.176,0.26,1.69,0.043029,9.6,142.7,0.994336,3.06,0.75,9.8,5,laranja
7.5,0.331,0.48,13.23,0.041771,42.9,117.6,0.997999,3.03,0.48,9.2,6,laranja
6.8,0.432,0.4,16.52,0.085108,58.5,221.7,0.998841,3.17,0.57,9.1,6,laranja
12.4,0.498,0.47,2.12,0.088555,5.0,8.9,0.999906,3.18,0.46,9.6,5,laranja
6.1,0.265,0.3,3.14,0.043223,24.5,221.4,0.993272,3.27,0.59,9.9,5,laranja
6.7,0.165,0.33,2.25,0.044964,39.1,116.6,0.990025,3.25,0.44,12.8,6,laranja
6.8,0.423,0.36,12.4,0.040796,60.6,258.4,0.998158,3.32,0.57,9.6,5,laranja
7.7,0.652,0.0,1.96,0.083107,7.8,18.9,0.99601,3.39,0.59,9.8,6,laranja
5.6,0.302,0.39,2.39,0.068346,11.3,91.0,0.995346,3.31,0.58,9.1,6,laranja
10.5,0.43,0.55,3.62,0.077618,20.4,52.0,0.999523,3.14,0.89,9.8,7,laranja
7.0,0.397,0.26,7.89,0.053802,45.1,150.0,0.996423,3.19,0.53,9.1,7,laranja
6.8,0.208,0.39,7.1,0.032467,36.6,110.9,0.992548,3.19,0.45,11.4,6,laranja
7.3,0.625,0.07,2.74,0.088557,12.0,31.5,0.997447,3.44,0.77,9.7,6,laranja
7.5,0.269,0.47,1.49,0.047003,18.8,128.7,0.991205,3.19,0.47,11.6,6,laranja
6.5,0.31,0.62,13.4,0.05291,30.3,121.1,0.997013,3.1,0.51,9.2,5,laranja
6.1,0.219,0.49,1.43,0.054225,17.8,80.8,0.992502,3.3,0.47,9.7,6,laranja
6.6,0.222,0.51,14.89,0.049379,22.7,138.7,0.998251,2.95,0.34,9.5,7,laranja
7.1,0.448,0.19,16.25,0.045517,50.0,189.7,0.998902,3.1,0.56,9.3,6,laranja
6.5,0.207,0.1,1.35,0.048636,22.1,102.6,0.994036,3.3,0.47,10.1,7,laranja
5.9,0.362,0.31,1.85,0.029505,40.9,101.4,0.989068,3.41,0.56,12.8,5,laranja
7.8,0.226,0.18,6.64,0.047976,34.8,159.5,0.995736,3.22,0.56,9.8,6,laranja
7.0,0.319,0.25,6.68,0.0461,32.4,230.4,0.995707,3.24,0.61,9.5,6,laranja
8.1,0.161,0.31,1.05,0.029302,20.5,57.7,0.991021,3.03,0.5,11.1,6,laranja
6.9,0.302,0.6,0.83,0.127385,44.2,116.6,0.993461,3.08,0.44,9.2,6,laranja
7.5,0.26,0.46,18.33,0.051902,42.2,255.3,1.000111,3.03,0.51,8.9,6,laranja
7.9,0.78,0.31,2.9,0.0792,13.5,73.9,0.996866,3.26,0.51,9.9,5,laranja
7.7,0.502,0.28,1.76,0.086293,22.5,61.8,0.998175,3.41,0.74,9.0,6,laranja
7.4,0.41,0.24,6.4,0.060305,41.5,163.7,0.994633,3.21,0.38,10.0,6,laranja
6.2,0.188,0.29,11.34,0.038343,23.4,90.8,0.9941,3.17,0.34,11.8,5,laranja
6.6,0.297,0.21,2.56,0.025537,45.2,130.3,0.990669,3.24,0.37,11.3,6,laranja
5.9,0.189,0.27,11.41,0.034787,38.1,99.8,0.994104,3.13,0.36,10.7,6,laranja
8.4,0.584,0.09,1.93,0.100937,12.5,49.9,0.995928,3.13,0.51,11.0,5,laranja
6.5,0.184,0.42,14.57,0.041204,46.0,127.7,0.996683,3.28,0.71,10.3,6,laranja
9.9,0.513,0.19,11.3,0.072603,10.9,50.5,1.001417,3.18,0.68,9.1,5,laranja
6.5,0.615,0.19,1.31,0.075755,14.4,30.3,0.996878,3.58,0.65,9.8,5,laranja
6.5,0.409,0.09,2.26,0.056369,33.5,64.2,0.996876,3.43,0.67,10.2,5,laranja
7.5,0.27,0.41,12.23,0.030286,13.2,88.9,0.996356,3.01,0.45,10.7,5,laranja
6.2,0.375,0.28,6.82,0.03933,44.2,150.9,0.99228,3.29,0.45,11.5,6,laranja
6.8,0.244,0.12,1.02,0.041753,82.4,165.9,0.991668,3.14,0.39,9.8,6,laranja
8.8,0.6,0.51,1.96,0.335772,25.4,79.8,0.996771,3.04,1.64,9.5,5,laranja
6.2,0.183,0.22,5.51,0.051201,43.9,145.0,0.993623,3.09,0.52,10.1,7,laranja
6.9,0.204,0.28,18.28,0.044525,40.2,143.8,1.000126,3.31,0.38,8.7,5,laranja
9.0,0.443,0.31,0.88,0.05103,7.5,173.5,0.994789,3.11,0.44,9.7,6,laranja
7.5,0.279,0.51,14.7,0.041735,63.5,206.9,0.997879,3.07,0.59,9.4,6,laranja
6.1,0.312,0.42,17.33,0.040924,60.0,173.9,0.998902,3.24,0.57,9.3,5,laranja
7.4,0.521,0.34,5.48,0.072411,18.5,108.0,0.99764,3.34,0.8,10.5,6,laranja
6.7,0.685,0.01,5.21,0.120278,22.0,52.0,0.999982,3.43,0.73,10.2,7,laranja
8.1,0.283,0.3,8.07,0.03981,70.5,198.9,0.99554,3.12,0.58,10.2,4,laranja
7.5,0.179,0.41,5.19,0.039901,33.3,160.0,0.99321,3.09,0.6,11.5,5,laranja
7.0,0.546,0.11,9.08,0.095492,23.4,189.0,0.996999,3.39,0.46,9.2,5,laranja
5.9,0.409,0.13,2.4,0.05439,16.0,27.7,0.993728,3.59,0.67,12.4,5,laranja
7.5,0.324,0.57,16.61,0.050779,43.0,159.3,1.000009,3.14,0.55,9.1,6,laranja
11.8,0.413,0.64,2.26,0.068258,7.8,21.8,0.999306,3.04,0.67,11.4,5,laranja
5.3,0.298,0.33,1.48,0.036818,14.0,96.8,0.98916,3.56,0.49,13.0,6,laranja
7.3,0.741,0.23,2.24,0.107267,19.9,99.4,0.99643,3.25,0.59,9.2,7,laranja
7.1,0.57,0.05,2.2,0.076188,7.7,25.1,0.997135,3.35,0.69,9.6,6,laranja
8.9,0.445,0.45,2.21,0.063551,6.2,21.8,0.994771,3.31,0.81,14.1,7,laranja
7.5,0.138,0.43,1.91,0.044231,50.5,151.7,0.992225,2.99,0.61,10.4,6,laranja
6.8,0.628,0.1,11.48,0.07279,41.1,81.3,0.999483,3.44,0.54,9.5,6,laranja
7.4,0.333,0.35,6.55,0.034929,23.9,113.8,0.994983,3.23,0.45,9.8,5,laranja
6.2,0.333,0.12,4.3,0.056419,6.7,95.5,0.994067,3.15,0.48,9.2,6,laranja
9.8,0.776,0.22,2.11,0.080566,7.3,34.0,0.998567,3.28,0.56,10.2,8,laranja
7.1,0.592,0.01,2.58,0.081905,25.7,42.5,0.99544,3.42,0.58,10.5,5,laranja
7.6,0.159,0.34,8.89,0.066859,38.6,123.5,0.996576,3.2,0.4,9.7,6,laranja
6.5,0.244,0.27,8.25,0.052456,47.1,176.3,0.995603,3.14,0.49,9.4,7,laranja
8.2,0.161,0.27,1.21,0.047291,56.9,189.4,0.994547,3.23,0.61,9.4,5,laranja
6.8,0.422,0.3,8.86,0.083303,23.5,46.2,0.998427,3.4,0.61,10.0,5,laranja
5.9,1.011,0.68,2.41,0.035503,15.5,83.8,0.993576,3.66,0.61,11.6,6,laranja
6.5,0.08,0.32,1.59,0.028027,21.6,93.1,0.990742,3.34,0.71,12.1,7,laranja
6.3,0.164,0.33,4.46,0.037111,36.3,119.6,0.991776,3.26,0.45,11.3,6,laranja
6.3,0.211,0.25,5.11,0.044869,108.6,168.8,0.992917,3.08,0.75,10.6,7,laranja
5.3,0.377,0.26,7.71,0.05532,19.4,95.1,0.99248,3.27,0.45,12.1,5,laranja
6.6,0.258,0.29,1.74,0.036904,20.8,120.3,0.993144,3.35,0.63,10.6,4,laranja
6.5,0.281,0.3,6.35,0.21096,61.4,154.4,0.995043,3.1,0.4,9.6,6,laranja
6.0,0.354,0.3,5.79,0.044237,32.1,137.9,0.994252,3.49,0.59,10.9,7,laranja
11.6,0.311,0.53,2.43,0.083124,15.5,34.2,0.998144,3.02,0.94,9.8,6,laranja
6.8,0.399,0.3,2.49,0.04314,25.8,95.0,0.990499,3.14,0.42,11.1,7,laranja
7.9,0.268,0.29,1.13,0.039152,21.0,69.6,0.991948,3.01,0.58,10.8,5,laranja
6.6,0.28,0.4,1.59,0.03277,14.3,114.2,0.991325,3.26,0.73,11.7,5,laranja
9.6,0.325,0.39,2.09,0.080158,9.4,65.6,0.998283,3.21,0.49,9.4,7,laranja
9.4,0.666,0.28,2.39,0.086621,23.1,143.5,0.997763,3.26,0.56,9.4,6,laranja
7.0,0.252,0.29,4.3,0.042048,40.8,214.1,0.992384,3.28,0.49,11.8,6,laranja
8.3,0.227,0.31,0.8,0.050559,58.9,113.0,0.991409,3.11,0.56,10.9,7,laranja
5.6,0.207,0.36,4.94,0.042448,60.0,136.8,0.993704,3.31,0.63,10.5,6,laranja
7.1,0.681,0.05,1.16,0.071572,18.3,26.5,0.997485,3.44,0.68,9.9,6,laranja
8.4,0.562,0.06,1.49,0.106825,15.5,47.1,0.995817,3.11,0.52,11.0,7,laranja
7.5,0.344,0.24,3.83,0.032859,5.3,27.2,0.991067,3.0,0.38,11.9,5,laranja
9.9,0.317,0.46,3.32,0.087479,14.4,38.7,0.999751,3.36,0.8,10.4,5,laranja
5.1,0.467,0.04,2.33,0.059236,21.7,109.6,0.992898,3.54,0.61,12.1,5,laranja
9.1,0.348,0.39,1.64,0.06166,22.5,56.8,0.994401,3.19,0.83,10.9,5,laranja
12.0,0.382,0.69,3.33,0.095202,18.6,38.5,0.999431,3.13,0.63,10.8,4,laranja
6.1,0.224,0.48,1.82,0.051384,17.3,79.5,0.992813,3.32,0.47,9.4,5,laranja
7.3,0.162,0.36,1.41,0.042659,46.5,123.8,0.991847,3.04,0.69,10.5,8,laranja
5.9,0.303,0.33,3.75,0.032494,22.7,115.3,0.990576,3.2,0.42,11.8,6,laranja
6.8,0.149,0.33,0.87,0.033851,21.0,178.2,0.992469,3.31,0.6,11.0,6,laranja
8.6,0.592,0.18,2.15,0.08101,4.8,25.1,0.996782,3.21,0.48,9.9,5,laranja
7.2,0.416,0.26,11.96,0.060746,68.3,210.2,0.99728,3.07,0.49,9.6,6,laranja
6.5,0.317,0.41,6.28,0.042138,39.1,196.8,0.994774,3.14,0.52,9.9,5,laranja
5.8,0.336,0.32,1.68,0.030511,38.0,138.2,0.988737,3.4,0.42,12.9,6,laranja
8.3,0.41,0.69,13.24,0.042506,27.1,193.7,0.998264,3.06,0.63,9.8,7,laranja
6.4,0.626,0.35,1.56,0.057413,18.8,32.8,0.995565,3.35,0.65,10.0,6,laranja
7.3,0.389,0.55,1.84,0.152847,32.4,123.4,0.994772,3.11,0.53,9.0,7,laranja
6.4,0.223,0.34,9.66,0.043709,52.0,138.3,0.996778,3.21,0.45,9.2,5,laranja
6.4,0.312,0.29,0.6,0.038558,13.0,116.5,0.992321,3.34,0.52,10.5,6,laranja
11.4,0.421,0.63,1.79,0.060503,4.0,17.5,0.998013,3.21,0.67,10.2,7,laranja
7.1,0.41,0.02,1.15,0.07537,14.7,23.2,0.994994,3.35,0.81,10.6,5,laranja
7.7,0.535,0.34,3.12,0.085054,24.1,141.9,0.996427,3.3,0.61,9.5,6,laranja
7.9,0.265,0.4,1.34,0.044552,7.0,64.5,0.991713,2.88,0.52,10.5,6,laranja
7.4,0.129,0.42,1.6,0.046562,51.1,157.9,0.992395,3.0,0.6,10.3,7,laranja
7.5,0.557,0.0,2.21,0.061557,7.2,10.2,0.995098,3.46,0.58,11.1,5,laranja
7.5,0.183,0.72,9.73,0.040225,56.0,149.8,0.998388,3.02,0.44,9.0,5,laranja
8.1,0.199,0.38,1.54,0.056233,19.4,137.1,0.991659,3.05,0.51,10.7,5,laranja
7.8,0.595,0.15,1.56,0.063817,1.6,22.7,0.995839,3.43,0.92,10.4,6,laranja
7.9,0.228,0.39,2.03,0.060525,20.1,142.6,0.991892,3.06,0.56,10.8,7,laranja
9.5,0.293,0.56,2.85,0.077076,9.2,25.4,0.995978,3.18,0.94,11.8,7,laranja
6.1,0.156,0.28,1.44,0.087198,38.7,145.9,0.992466,3.48,0.6,10.8,5,laranja
8.6,0.215,0.51,1.19,0.088818,9.9,20.8,0.996762,3.37,0.68,10.6,5,laranja
8.6,0.273,0.35,1.16,0.036402,14.8,78.4,0.991244,2.94,0.36,11.2,6,laranja
6.1,0.2,0.18,1.85,0.048012,46.0,127.3,0.990742,3.31,0.43,11.4,7,laranja
6.7,0.293,0.23,4.88,0.059755,50.7,241.6,0.995977,3.31,0.6,9.4,5,laranja
6.0,0.212,0.33,10.13,0.039587,38.5,209.2,0.994656,3.14,0.44,10.1,5,laranja
6.4,0.339,0.48,1.67,0.146263,26.3,121.9,0.992997,3.08,0.56,10.1,7,laranja
9.5,0.365,0.51,1.98,0.090934,13.0,47.4,0.996275,3.28,0.58,11.2,6,laranja
6.2,0.232,0.36,16.93,0.040715,36.7,128.6,0.999697,3.24,0.43,8.8,6,laranja
7.0,0.238,0.27,2.82,0.052305,14.4,98.8,0.994062,3.16,0.57,9.4,7,laranja
9.1,0.203,0.24,3.18,0.075942,1.0,22.1,0.998798,3.43,0.88,10.2,6,laranja
6.8,0.25,0.31,1.06,0.044203,15.3,89.6,0.992369,3.24,0.65,10.3,5,laranja
5.9,0.317,0.37,2.31,0.04841,12.0,201.4,0.994762,3.49,0.45,10.5,6,laranja
6.3,0.387,0.36,2.87,0.033706,21.6,86.9,0.98883,3.07,0.33,12.0,5,laranja
6.4,0.295,0.21,9.53,0.046694,32.2,103.7,0.993133,3.05,0.32,10.7,6,laranja
6.3,0.603,0.14,4.38,0.058265,14.3,102.6,0.994974,3.37,0.35,9.2,6,laranja
6.5,0.338,0.21,14.96,0.062676,36.7,163.3,0.998319,3.13,0.44,9.1,6,laranja
6.6,0.191,0.52,17.85,0.044624,35.7,122.9,0.999353,3.2,0.45,8.8,5,laranja
6.8,0.145,0.51,4.48,0.028342,54.6,122.9,0.991902,2.9,0.54,10.8,5,laranja
7.0,0.265,0.28,9.24,0.045195,50.3,141.2,0.995097,3.14,0.49,10.5,6,laranja
7.0,0.19,0.29,13.07,0.066256,19.1,173.9,0.998348,3.01,0.52,8.9,5,laranja
8.3,0.368,0.37,0.66,0.033885,17.3,92.9,0.990769,3.05,0.32,11.8,6,laranja
7.3,0.731,0.07,4.73,0.086228,5.5,12.5,0.99627,3.44,0.38,11.1,6,laranja
6.8,0.169,0.42,1.43,0.037205,17.4,99.2,0.992024,3.48,0.44,11.3,6,laranja
7.5,0.705,0.0,1.45,0.095866,20.4,36.0,0.996446,3.38,0.59,10.1,6,laranja
7.3,0.375,0.68,10.39,0.04507,48.6,146.3,0.997385,3.17,0.45,8.8,7,laranja
5.8,0.193,0.32,2.13,0.030271,22.6,53.6,0.991148,3.44,0.56,11.0,5,laranja
7.7,0.186,0.36,13.34,0.035462,50.8,154.7,0.997999,3.15,0.78,10.5,6,laranja
5.0,0.637,0.12,1.62,0.014711,1.6,7.5,0.992094,3.31,0.36,13.5,7,laranja
6.5,0.107,0.32,8.91,0.044052,42.1,108.0,0.996424,3.42,0.39,9.2,5,laranja
6.8,0.37,0.23,9.23,0.054821,54.1,158.0,0.995551,3.24,0.41,9.9,6,laranja
8.0,0.295,0.48,6.92,0.043801,21.9,120.1,0.99437,3.15,0.41,10.7,6,laranja
6.4,0.191,0.31,1.42,0.044429,35.4,141.0,0.993567,3.41,0.38,9.0,7,laranja
6.3,0.278,0.44,3.66,0.20374,75.6,180.8,0.99463,2.99,0.41,9.1,7,laranja
8.2,0.211,0.3,11.31,0.036545,96.4,245.0,0.997678,3.09,0.53,9.6,5,laranja
7.7,0.272,0.35,5.23,0.038833,16.1,60.8,0.990708,3.05,0.49,12.4,6,laranja
6.7,0.215,0.38,7.63,0.051926,30.6,145.3,0.994856,3.32,0.56,10.9,5,laranja
13.2,0.444,0.58,2.36,0.069212,15.3,42.1,0.999825,3.07,0.5,9.0,6,laranja
7.2,0.182,0.22,1.61,0.040106,17.2,109.1,0.994633,3.35,0.53,10.1,6,laranja
6.5,0.177,0.41,9.57,0.040921,83.2,179.1,0.996302,3.02,0.44,8.9,4,laranja
6.9,0.166,0.33,1.62,0.040175,38.2,108.7,0.989944,3.23,0.45,12.8,5,laranja
8.5,0.34,0.35,1.32,0.04366,10.8,117.2,0.995587,3.2,0.48,9.4,5,laranja
6.3,0.489,0.04,0.75,0.048015,28.3,102.0,0.992486,3.23,0.37,9.6,5,laranja
