fixed_acidity,volatile_acidity,citric_acid,residual_sugar,chlorides,free_sulfur_dioxide,total_sulfur_dioxide,density,pH,sulphates,alcohol,color
5.765556320471451,0.39361874131815666,0.3373863140800914,7.073327648136395,0.06478846432758428,39.07084253910818,200.21987750913192,0.9965462190133185,3.050116651372819,0.758462103526502,12.370776626277424,orange
6.464688239852839,0.23444626778766192,0.2967755568902488,7.5180901887168305,0.03531267145267917,56.66490180725645,100.34157853085613,0.9934684607870943,3.1218669859759034,0.6549844340334179,10.75615139844069,white
9.531331492400177,0.2772495685513196,0.28915996548386086,0.6,0.038815212368935925,11.51501616937688,81.29127453869397,0.9943652006982844,3.3645149300504795,0.5716416848284264,10.822733088370109,orange
6.651197999017101,0.34603288131917936,0.5641148465072463,5.718688837446686,0.024480870908851565,54.13635790529951,133.24469093438537,0.9875291241068043,3.3162278208211906,0.4287521006177241,10.402854928504523,white
6.7087378548150225,0.27981140188987325,0.2015205103687789,0.6,0.08060905181032767,20.903696972611606,96.22840134551069,0.9875867870945549,3.0917830324124655,0.3388481502142121,12.534964676407744,white
7.93702308755331,0.23315751295046186,0.08149678634733325,7.784309931076722,0.009,24.391640530974716,170.92839085925286,0.9953830569271426,3.519651041382059,0.7038772964592217,9.705981874158931,orange
7.1542589814192405,0.2542892373282548,0.3603478824568401,5.068895773086263,0.1024080214096528,31.582694525538862,73.23074003312216,0.9978511647385884,3.180503272323561,0.6232307306816292,9.910950623099394,orange
7.864536340847097,0.2622622020987696,0.3308871167120993,1.6578258468205889,0.036087539583151064,20.260123669431557,131.01078459217794,0.9991469372132332,2.981108744249441,0.30569783611570445,12.324719511462506,white
6.338747223825919,0.13645734878036744,0.22246200005941827,0.6,0.024451508369127354,53.227515659139875,98.01304214597678,1.0019005862059387,3.262757938278532,0.5109414530365781,9.457954308989086,white
8.737858783783334,0.7522061056885985,0.42485287009582084,3.9058280784778097,0.10285008973185202,1.3426390301770454,40.03022568822755,0.9987474225347339,3.3031587529509436,0.743426171873178,10.083303368120252,red
6.656827039956517,0.13557946402527168,0.2832850921374797,4.653147031964976,0.028244227883421655,32.565076685723874,155.53203680724926,0.9996687829387554,3.214627993861766,0.5192400294011141,10.422652372647228,white
6.556023961165068,0.22042518714916448,0.34651813564689066,14.248134580196549,0.018700384210099428,10.349681209725361,145.36267427805262,0.9941795768596641,3.214441334702877,0.5176882384318232,10.239589762451205,white
8.45675135574292,0.4049479342011834,0.3404237978951183,7.226054729718667,0.07007688861532825,52.929889816963424,191.40448034362132,0.9964723773731956,3.346975704507227,0.6212129781804275,9.92981251824442,orange
7.86324954919084,0.12471218258966084,0.266550894215867,8.304655290353326,0.07997587510437708,34.18986121338736,114.76575208535111,0.9996537421710305,2.969615672230867,0.2389063127851043,11.055757880120659,white
6.322542450775961,0.6086875076688752,0.04481316136861654,11.676445927783963,0.04807644828629667,45.36863258872813,121.07673336616291,0.9983130505446923,3.1538423962719397,0.36035352054509695,12.11514559639488,orange
5.73940181032982,0.487628345124405,0.3053471747342634,2.8368132387032126,0.009,10.803331468480112,6.0,0.994476599975521,3.12078458373596,0.38171043677600697,10.386287490438349,orange
7.933308421113121,0.2861305463427002,0.6154169991693015,2.9899334045008255,0.021248325532237322,11.253112690260284,50.11543591359709,0.9999638137096158,3.1400356306011803,0.8235945573218764,11.914370430906397,red
6.844453005938879,0.187802769627859,0.3433653595277422,2.956811533297629,0.06707674088697582,32.80705985072957,103.27862425263608,0.9930661413433903,3.250619536640212,0.42551134156984494,9.502425717760994,white
8.487676290171146,0.08,0.48707676289500995,11.857014814352473,0.0458839127313955,1.0,93.85893683957828,0.9944287534154848,3.052599486311397,0.44821894001589707,12.370187654107092,rose
8.49957587036039,0.3376771871912436,0.38258594186571004,0.746798524361205,0.03340907451593868,21.87340515394716,166.03921818805918,0.9999759015377857,3.088406710802808,0.7122463346390528,8.4,orange
7.1018891926421785,0.5567742031743284,0.29101257772920985,2.7493668543034158,0.021054725680966967,24.276046504931138,54.35041733663276,0.9981301974099046,3.0188963342460817,0.7109487176716345,9.157220203421227,red
7.627859221172113,0.6235037334803775,0.2887207478651017,1.3381953921565266,0.0877617895788689,1.0,84.30621159511395,0.9963592396743076,3.4838021674589763,0.5688980470887566,9.865025156967926,red
8.778102259869257,0.3574401647917179,0.034764930845117684,0.6,0.04987525010392791,36.24139771688953,111.13633581725266,0.9982057235827649,2.9024322844007218,0.5497500114211784,8.34776263626641,rose
7.164444136323314,0.42605533867707407,0.46372151197912104,5.073658106869815,0.13165020885042905,34.04453188960968,96.4091507164698,0.989807055529905,3.173372790648721,0.48364856047849714,11.580680455308089,orange
8.163205771335727,0.1776124741196037,0.45331401067369015,5.306051080163133,0.04469167451341564,46.78483270564671,90.64714446247585,0.9951711284351619,3.213401022692095,0.5460482874601177,10.870123928518055,white
7.937171598602426,0.6369620661494393,0.0,2.8219826358378413,0.09221030386244153,16.306795092470004,80.5854708771496,0.9973778763390304,3.5393074910078615,0.48972848528614615,10.56783351930776,red
8.753897491000158,0.46932649776666874,0.2952774606643337,4.675473661370116,0.10543297553828405,11.969429493038447,30.01362287352173,0.9964261110526987,3.5638036924207337,0.6270780933983819,10.401888923186892,red
7.512107435135973,0.3243821281489454,0.5368382531605386,6.363031532348114,0.060383002418032045,16.741378214047508,121.90966926654164,0.9961076651702901,3.316481567301305,0.4562976532204636,10.426155535802028,white
7.038272361767273,0.36593920283783005,0.39417883176685314,7.154348241905946,0.05374601240103682,76.18330384037716,135.91197005532288,0.9946288450100051,3.3469160832300267,0.6160159453269219,11.97505095634846,white
7.128231382047586,0.34668016483475406,0.330483385476336,4.712279576184902,0.09713778996582631,28.94377003766311,50.86783262399138,0.9934593234472002,3.2424900770398803,0.7170599656989606,11.25638896004488,rose
6.450869788249282,0.4510311301346319,0.3519810984396514,3.385062605522589,0.13255190307236525,34.78279055737136,63.11801268378663,0.9947535963894035,3.271444346205591,0.7103285787117779,12.627024558811849,red
6.467019004493195,0.38809232371468355,0.45512272362633127,4.375277995641557,0.09279647640903081,57.420062128022074,62.39047352827978,0.992154201253444,3.1915452287837467,0.5750284672868372,9.90164035563462,rose
6.915657370985255,0.5413744263837444,0.4045292721284529,2.3390911874344416,0.14236212357608974,21.429010597434353,6.0,0.9957473981968195,3.2243723801944477,0.7394038703761484,8.4,red
7.166716970044829,0.26742564767408367,0.3883741214373648,0.6,0.02115477635390647,15.002838392767625,144.4354622800252,0.9992091675758529,3.5251942994409453,0.5626649903299286,11.130616559888866,white
6.911772574845014,0.13463426877547843,0.2683104160039201,6.954020647770489,0.020625485108090213,41.69763272344816,112.83467559330305,0.993154947626312,3.097408580205682,0.7012396687883428,10.497657085404457,white
7.619933558995657,0.5252319500457285,0.13755736786215586,8.811587041565318,0.07650825938691848,27.860783874622776,133.5480296992651,0.9976478906330091,3.353238264816939,0.3514662269228222,11.517164400476908,rose
5.638850631521815,0.18255256232784794,0.12667466374967334,0.6,0.0736858729594205,26.232491290862306,138.4160552122921,0.9969245642326945,3.256109329708422,0.6444572656737104,10.384651271477662,orange
7.452037039851316,0.22154753414375714,0.4107253674943938,11.324267229817035,0.05935764027858347,8.60305748997369,107.45873477326582,0.9932870712810541,3.177027147019159,0.5606815970177732,10.732949554434127,white
5.586385958118027,0.3842717039190042,0.21340640503714772,4.443890384465455,0.05123872218693084,69.24867598688365,270.52617696243095,0.9958420286744315,3.16060384017044,0.5508477791592353,11.606634071936327,white
7.374556157437786,0.33802249229115255,0.29673025725993435,8.045580397296906,0.01843806656520242,51.02313934050266,130.50267448043516,0.9924639605824833,3.346667661547779,0.4094630652062405,8.78098560757947,white
5.3918156849895995,0.4214639074319607,0.5983033576204445,7.3818245260229665,0.06820419514970698,30.200404376895833,25.54486115420248,0.9989809388924215,3.1188394041020486,0.619663479608987,8.650132256056606,orange
8.662581559185384,0.45236805253877127,0.38699531181052205,6.584170700472134,0.04839479666008797,45.742269346350064,94.89395294988898,0.9932575872141591,2.9363094437810044,0.5354085480750156,11.310719682541821,white
7.452637735233197,0.4360463065995462,0.11483712354198893,2.049297522098884,0.12374458086227456,4.851637124273094,60.540885715273404,0.9935346213096502,3.224450206860592,0.6022981069396819,12.20782677201458,red
9.18357709449204,0.3177945090305004,0.2725968284078823,6.2617004739852415,0.009,23.49300331055164,120.96694593538055,0.9924598768657269,3.21127231647604,0.3959875156367702,11.893830444070808,white
7.193779427405029,0.34780387081666536,0.2856358837875917,7.528024879915211,0.04604747443420355,36.96927575403849,105.50923771591457,0.9941006841299223,3.263464680030013,0.6554598506951574,11.69476545640461,white
8.926737445943605,0.21396040509891764,0.269930359210744,3.230810105621617,0.03363630968748982,24.467954529188106,188.89155870614005,0.998275972461047,3.1020836068604236,0.39485360235355277,11.094400727424471,white
7.27394896040499,0.2643048310241806,0.4125746468029056,14.116310301690865,0.04065658060370509,31.326085552878776,205.47414558935114,0.9963227023199169,3.117375725664578,0.5517669937175942,9.943975703536944,white
6.087384488677202,0.419635137927784,0.16453976559657912,9.367987953923485,0.09362936068712462,18.461897625496707,114.29409994166508,0.9943254244373188,3.1122415137815373,0.31287611903165113,10.598642054757526,white
6.498375148950399,0.475196884664868,0.1447304713029949,12.355474115747683,0.057658847408500115,19.417825664871476,99.14339951640133,0.9972907805324489,3.1229744334608025,0.4168484976029759,10.208116948216631,orange
7.280930388554075,0.3655045226668688,0.18893187057001046,4.694805266199794,0.03539576605918879,24.19682495565562,213.3890456820396,0.995238639080742,2.997872406295063,0.5945986364335564,13.125836111812,white
7.083964420457592,0.1495518226721117,0.20336225588488233,11.733066990714109,0.04490815632429672,46.89846088008356,139.564133588049,0.9941163743236351,3.329948056756154,0.43095284131332484,10.63255525286699,white
6.18608967411758,0.24720027551181192,0.10502663050680082,7.473252871971779,0.04579869325095111,21.411746377162533,166.3773223852677,0.9968315614899367,2.945524136007841,0.4028002748487235,9.56774465259316,white
7.845044972789867,0.2964871050887152,0.17724915831165494,8.418655250073424,0.031541531430505275,26.317828433698676,163.27999333246885,0.9977309658836727,3.191478660286575,0.5250927013898181,12.60904776938661,white
5.648769899625032,0.508374691075939,0.23844219727088176,0.8526518882727733,0.0499409893272875,13.778510001575908,92.29986174420408,0.9958534974731624,3.2690653461315673,0.3928323553873689,9.898994633082271,orange
6.632942450316815,0.2805055583449614,0.4004037549316568,0.6,0.07011802089497478,47.47467320424033,168.882160744188,0.995338816600311,3.1912287665189076,0.5666377259625864,11.242565693046222,white
8.438556024510818,0.2002473859243269,0.1835636382423749,0.6,0.0784578844479196,46.43697151115498,135.99841647861493,0.9948647365811811,3.0183171184424262,0.7689703605818089,10.67328929210323,white
6.912048777843688,0.3641960563165667,0.3928537773771813,2.098645003210217,0.03171209986050303,52.824769996837205,124.13335373618983,0.9928201014994744,3.04404255725703,0.538190472896831,13.052452634907217,white
6.903908156507084,0.16303594379113825,0.37749086303309504,9.235746385330575,0.06943482506846622,53.23024114519506,79.81237567748254,0.9912224290814371,3.266037273616085,0.5484831263950808,11.148095323918644,white
8.219501977868829,0.28875962842211544,0.22542083718861494,0.6,0.04164045980012931,50.98271495194083,132.94006665955965,0.998547100213636,2.9691382401000777,0.4884672150215362,8.973045916155387,white
6.38878418677051,0.3420371955784057,0.35874921098914586,0.6,0.079582200327238,65.85082313828026,112.3183240849341,0.9928677972028761,3.2314324848533276,0.5280170363531499,11.324685174504571,white
9.517394838053194,0.4180599096157168,0.25986392557421795,4.208142621707226,0.10355464851794695,15.246919715997459,26.666634634865087,0.9955515600588248,3.1797900226239872,0.5664444032705204,11.228271701505866,red
6.421222994700457,0.4080350585003905,0.0,3.087259534811087,0.03819637813807366,56.22863773260186,92.51453563493386,0.9957450088145215,3.236512539177034,0.22,11.454751618032448,rose
10.487703231045485,0.08,0.3151953481038185,8.389218305931987,0.06047413670994582,28.398647684917876,40.68073227926681,0.9953028880980317,3.093128386168495,0.22,11.967001426293544,rose
8.647791726860744,0.4102339128716894,0.22026711243953354,0.9,0.0770868432284699,13.848733147484825,64.24073960099868,0.997168084823316,3.126097672007751,0.8419280126516135,10.647096246775059,red
8.55113540985425,0.2604058029337151,0.23758173050761974,0.6,0.02980301987230049,34.74468995579164,214.62589334111195,0.9924792492656239,3.222058754328773,0.4879725995658733,11.97672825266426,white
5.370643295064176,0.15897511136998516,0.0874040278604949,5.024967831498147,0.061449196374231824,60.85887762915433,141.5095421725929,0.9988984139804761,2.979870491724595,0.29544693485082785,10.445908907020833,white
6.526635655435327,0.5057345612033215,0.33117840317106395,1.614332989496623,0.07637272066213939,6.047988847601622,83.28571710418943,0.9961909428252838,3.5353989887283923,0.9172822737269539,10.33661505720302,red
6.354885257495791,0.19115555935088088,0.3400635846509368,2.1767878571387986,0.05168128816406854,34.453678506264026,128.2058278903732,0.9913129380458351,3.1011738226880734,0.5760565298810263,11.130706041608317,white
7.808888729217008,0.5671788333401965,0.4219860721922505,9.079766722702178,0.05912745260256266,56.63866199736761,137.57792940172789,0.9920830650142575,3.438030048831915,0.6351775906266238,9.999580332340592,rose
5.402547504558732,0.1800735212414574,0.427680689450854,0.6,0.009,18.81871746830538,158.81959288131384,0.994180894309229,3.141748649829848,0.5452360698502906,8.437979874043862,orange
5.781597728376404,0.09957863520308169,0.21270884565158305,10.952875090177216,0.08884557903342252,34.99964476998689,27.442440821285228,0.9940399270294852,3.2621299377137167,0.5546736806029439,8.316749819531688,rose
7.641747924737959,0.5348155459120877,0.2549079754911721,2.19209336420492,0.010645,32.41274814694145,230.12825531814372,0.9954340850769453,3.2104012512558375,0.5772584372281939,10.518518231103151,rose
6.774104066644283,0.40290159149722116,0.4934043947205006,0.6,0.031911195793649094,25.147188571451764,69.90689596115779,0.9997244703090105,3.0771604107503245,0.4420037838803326,10.77739253048106,rose
6.678347556233834,0.44863441279075655,0.6505792120548706,2.539003235830994,0.010645,1.0,154.75481033502265,0.9890746217978268,3.154511474792468,0.5950170922206216,10.754309849514517,rose
8.079663983346755,0.18764760388157756,0.08831638842347145,3.8903271913363655,0.04892794206169315,39.69265829416225,83.99298371636311,0.9961232800954338,3.5229383065542,0.6533010132371032,10.474071424598922,rose
5.954592621364632,0.5947057239006365,0.2786551169241882,12.806641016871044,0.07954492672213871,27.956259640819724,84.89564913893375,0.9936142163876336,3.2823464176726262,0.539512017344571,9.818451623898655,rose
6.96887044800803,0.08,0.4946722802677486,9.02560049602327,0.07226247772972941,58.68767578621198,60.542339552596076,0.9997610481056608,3.3627985032099645,0.4911647383048663,11.896153640884995,rose
7.445756925205018,0.22021996407210223,0.3489571106166677,19.376311573271856,0.04367364243942852,54.85393421699289,108.47702030323684,0.9939227291619553,3.455658597224375,0.4182937379475564,12.744703521247715,white
6.10107642233115,0.7155615061277464,0.3659946997010024,1.5035893405674408,0.08080540646380847,32.59361882233657,70.59808571585367,0.9967632568646122,3.274418108675187,0.6711346151683585,9.877613281176535,red
9.223890873113355,0.8274525659597761,0.1561496118017405,0.9,0.12591122222451134,1.4336426501148154,32.12031759886688,0.9962604632849739,3.300362733053312,0.7749670285864203,9.694456221974415,red
6.96143538024382,0.47367459171196574,0.21313160569556708,2.9538532098819648,0.057000198366164205,38.362256959182275,153.2617580047415,0.995490489651431,3.2841099617860543,0.6164922961721725,11.01859831604151,white
6.879044511221292,0.4071020969984404,0.35731827853258497,6.6269437187476505,0.016062262483509004,47.99972180949503,165.79248580999973,1.0004974699952267,3.1417919414183015,0.514857590180838,10.821163738212144,white
5.605638975514465,0.6745372478048703,0.35354976307033786,1.1771214699799362,0.062118409000103576,10.992551386087372,6.0,0.9952034394239119,3.136065135159686,0.5882307715774545,9.635777137684943,red
6.4865354804096045,0.2671930481343676,0.32349783871561805,4.514697538924464,0.04011818794376596,62.4964968959938,162.1986483194692,0.9931436223531838,3.2935071724301546,0.4517494486192528,11.957938355331573,white
9.635065119474534,0.3185698653018325,0.14028449996314066,15.155968769876386,0.11095524059539436,43.07992782921718,68.2825396308624,0.9944733616716309,3.1883542843641197,0.5786098591857977,12.275045966709293,rose
7.0306352992593455,0.08,0.3042781483013955,2.932351349576705,0.023888994045475016,30.527373649351023,214.7588554773522,0.9959440778266291,3.102018269499941,0.5551933637030446,12.236342629640358,white
6.034837421938105,0.13918312890536808,0.25834631092692967,10.765524387692068,0.06659620164441002,44.03419913179488,169.17582496859146,0.9955712176895007,3.091402533923976,0.5391403968882463,11.499267472148658,white
7.175536306977998,0.2889165243040136,0.1774647472000171,7.09498346349807,0.03548599858910671,41.72943180030381,54.521863218102084,1.000104717933769,3.0741294568691884,0.5735340537149379,11.38505172875331,orange
7.893611125631456,0.3194493384083668,0.6492432733101465,9.544648458983403,0.07593606543552003,6.838925197702311,41.29924591296864,0.9954792885085485,3.237193367597762,0.432976453709462,10.701217521723306,rose
5.644961075350887,0.2719733103960065,0.36588615265546787,3.863158432501186,0.05304742666556647,20.6842164879428,28.476075542244853,0.995564290184757,3.494163002256651,0.5304570885083869,10.802471411120647,rose
7.6482572886489715,0.544935152287927,0.0,0.6,0.037164350742799286,49.605528198295985,25.847741208005438,0.987651,3.3039652836959603,0.5774735772121098,9.199261418906445,orange
9.287725298905562,0.4219452334671599,0.0,1.9344334581052112,0.135917472254634,12.350945917604841,18.624061374175877,0.9984937317656071,3.2600460288715056,0.5716730243998104,10.582253624110395,red
11.629887882350943,0.15593936392157032,0.3602529819589009,0.6,0.07931754785584073,20.277111652738743,227.77608083383925,0.9923947672100235,2.9499564249309103,0.4618315709300577,8.4,orange
8.46233955920149,0.3432979232656304,0.35307646698420797,10.406154033827605,0.06394832078348729,47.25165888791861,97.47793315842564,0.9984795074561916,3.2651772929695375,0.5575272055260101,9.006019746388152,rose
9.182881569916137,0.5281104160963019,0.351773840646646,4.800808229208829,0.07404849427946815,17.32517221085693,10.73931533424478,0.9951079807808636,3.3262142442885914,0.8452732841965296,10.149872948192499,red
7.051241673265656,0.2716545906996075,0.14825946888620012,3.5514469697339757,0.06549068730067871,29.66339840734386,124.69244279100955,0.9926451937164583,3.401042907744801,0.3463567380304541,11.117588421819782,rose
5.567445446155147,0.20850055736880957,0.3286746959637076,7.625646611304528,0.04050183836859744,41.29553940723342,85.17265416988789,0.9983455420209473,3.175861762248309,0.6173591948235803,10.936031908118757,white
8.081252651289955,0.4374533799574325,0.2709150886257892,4.260203046817993,0.03961593492001124,12.442830464486477,99.31972768671375,0.9910240849153388,3.07232874673096,0.4858884345775934,10.802496514905823,white
9.412360287214469,0.4777719891339304,0.24013752258232243,2.2795847406248266,0.04766468152366688,15.727444429645558,44.40695877554552,0.9972019800863355,3.3241596464570216,0.793414488861032,11.407136308124963,red
7.2031203776732085,0.3611003014287269,0.5637410221118158,5.146792159332368,0.029304752393727495,20.179990875208347,103.69029925679332,0.9937967724442016,3.2397807922018487,0.5214244444955386,11.532215767342658,white
8.326187171533913,0.40120762113562897,0.38702367377206076,5.61319980418195,0.07540067595768588,1.0,97.52753003534013,0.9953280114593533,3.0301797354828426,0.5871588555655329,10.286196582951177,rose
8.988570086282307,0.3497584359052045,0.31958788092724105,0.9,0.07557016265033738,26.642744448912634,72.67556077370962,0.9967753344574599,3.160616254525887,0.7675804661780284,10.443637071157394,red
10.105985363210767,0.33578377004936827,0.4716174381717344,11.230166933699094,0.06000393133876261,29.946257594604855,170.61538033831863,0.9917159282004522,3.1525068878269256,0.43445435661167076,10.61502304767084,white
8.359362795392117,0.1632831094641251,0.5193850143489903,6.866847463766313,0.07982401386799506,57.67814855285871,51.319489000744134,0.9945122269821881,3.1291028198954343,0.2859925514377513,10.948373865746806,rose
7.792579893191246,0.2034179834830972,0.3415230388474538,7.104021468537939,0.05649772720540845,1.0,123.44442078031489,1.001130270940808,3.156472148567703,0.415414500705852,10.980376887551408,rose
6.947102459877567,0.35139443794171754,0.39240314978204793,7.526967571271019,0.02850209538222263,43.326412026939245,218.34305595486254,0.9980514026024264,3.428838775365926,0.4315039608756057,9.296439002012608,white
7.798708917984043,0.6676625035340477,0.172793799569142,3.730165253727552,0.0705393077450699,29.496362418446207,58.64933080934054,0.9979198713927269,3.5843919292425874,0.5578476873105375,9.445715653592949,rose
6.102336624474833,0.3629969311471699,0.7525607933686775,7.119557924433997,0.04549453594822861,47.58128815013723,141.71270009399075,0.9958542289737812,3.3108523532990475,0.8445626529483817,9.17321879035818,rose
6.974513176560172,0.1772211694609546,0.3148000939346383,1.6399357880574303,0.018029568269188403,35.289839968111146,126.40694565309431,0.9969220706889355,3.1451220267952964,0.5905076733615168,11.193560329355329,rose
7.057951627321248,0.54047659346242,0.4026293733266713,0.6,0.06223133976526921,41.790497926990824,193.17265321308037,0.9960407992400622,3.1673597028428278,0.3501228190574227,10.25703872821879,white
7.660939381693144,0.28715205100544494,0.5130019078507685,0.6007017049435761,0.0415412903763074,23.116989288341756,59.03646376614582,0.9937800862450119,3.1698826926771555,0.6625705903631854,11.290556881169353,white
8.144297454966102,0.45111825540823247,0.640192336904216,3.8409480296091947,0.019277052144918136,34.43395309542718,70.02701563669338,0.9993717081586736,3.1701529982935197,0.44657603644882526,9.918029199030062,orange
6.10347262755102,0.731302247388879,0.35825095374301735,11.341087330906916,0.05104626313549311,40.38142789839902,161.94176000652467,0.9982034391948975,3.3827850721889257,0.6620386392861348,10.153305478951594,rose
7.244742108270885,0.29830525094892885,0.26155337778436094,6.745455071723567,0.037354036893383846,37.23869001210937,166.49992956026185,0.9987710051459834,3.0013557569089944,0.7332810889993696,8.111987651614088,white
9.016486447736165,0.563928422354658,0.07033583913360718,2.603773890980485,0.03693306059172015,16.723057952395287,30.656722375149183,1.001539340332926,3.3049540428704094,0.4201204355289637,10.279991613802677,red
8.203265569093368,0.3200004513788643,0.380692856465514,1.394048469434556,0.10014866395616963,49.80408958785491,147.4311454883145,0.9942364452963884,3.3065424183550123,0.4186793266732789,11.559690165256875,rose
8.366944936271791,0.24061520988993215,0.33778127094299887,14.497167221462764,0.03889975314458043,10.868421891580876,198.35348877142698,1.0003945605265145,3.2145485405198873,0.6835014412164687,12.143464350468149,rose
4.4,0.47809018960850136,0.5046558977928152,8.440267921228818,0.017218529138364407,26.76081167259985,113.9750882793933,0.99638023262382,3.3206702477976036,0.41447491565894906,10.630351631698561,rose
7.283465409158413,0.16702778000763793,0.07364910870789151,8.36230799902239,0.10023932997825236,35.20483610637726,173.9948924718874,0.9942721204746843,3.173334242517083,0.59473724635977,10.157049223399667,white
6.264311544138649,0.29980912729845866,0.3205975881573568,5.270644285866341,0.059190650530478915,48.19112258232255,115.81538539398915,0.9923051577213533,3.1467336682496314,0.22713820366611512,8.649641762551006,white
8.57830840220788,0.5215416601727801,0.2866259928901129,5.208712519554348,0.010645,40.027322117792636,146.77985336613725,0.9944346202412443,3.3934803611077275,0.4761352721628681,11.210149389546975,rose
7.068910506875552,0.3253820408734996,0.4655931551878796,6.888391079473854,0.05250263442204103,28.64726396325255,149.79803153348183,0.9930009203295713,3.2821243675168055,0.44766478843894325,10.978334548620019,white
7.868175160556701,0.08,0.17990963682519348,12.986047445807898,0.03629105342589347,8.737384306841562,103.1219928077267,1.00070456773049,2.921499631800499,0.3655999005923048,12.33082626833098,rose
7.128504160636501,0.15940033549910992,0.4779242337849803,4.0348490838592035,0.05016728580695472,40.12600066658365,127.3576971253237,0.9957821230291524,3.1165559025352825,0.589284406965703,8.857876769479535,white
5.571472600228732,0.30045962589689024,0.27516230669555153,16.694437848220904,0.07110588005652692,4.961065530347257,82.32278839802443,0.9976241242435644,3.5474134271288316,0.2831994124414731,8.3,rose
6.847774042372747,0.4610787419918647,0.3691615359710113,8.06406317973878,0.08946893434880929,24.354628629119194,79.63170494501367,0.9914235360797573,3.082167811115084,0.9821169552955485,12.02717530773161,rose
8.55163695703145,0.2631959637628738,0.1665952437403683,2.4039301230468424,0.06497586012184073,39.77568187691468,6.0,0.9947646577854099,3.2392687639488003,0.4931666568287776,11.965060315746497,orange
7.608022202345326,0.15616159114728048,0.42262843734543964,6.4638086880310315,0.02493071806537138,28.38556246232346,167.52786349963387,0.9943440969324835,3.276513349918845,0.7154098062341785,8.589279147461125,white
7.9532857832287185,0.43563293475846393,0.338064642591066,2.5700358893042,0.055821812766637335,23.78208657183071,223.92571862906277,0.9944357409463376,3.133102866144237,0.5109236701967892,8.856465728512758,white
8.379223191083893,0.11617094032788794,0.3708180104161384,0.6,0.057861732627422925,65.6710175379822,60.600388063263985,0.9921618474678886,3.33594865043943,0.2898543183155625,9.77166559102511,rose
7.060427563707889,0.30293241373810115,0.2728413429119915,4.0022813586288795,0.05084217569124086,10.680315678261563,78.54617107011578,0.9918785766894186,3.156035991550054,0.5253294614809046,12.329870753121348,white
5.9984667045723326,0.2127974818666764,0.18607049529772943,6.564288183699905,0.028950005478504983,39.28411403915552,72.23810379931659,0.9950170084554039,3.314130012444143,0.26231013339405274,10.974588756133777,white
8.859193932682427,0.2997726612745877,0.1902058179258567,1.1356818132867421,0.11333754676111248,34.71816343460872,6.0,0.9932494144746137,3.291832351005331,0.6608097290059132,10.656001249127007,red
8.871759284119909,0.4518503290063798,0.36172205368203764,0.6,0.023313166897824783,28.221064006589753,119.63894817498826,0.9912909218657985,3.59902314819307,0.76131822146243,11.255215976585731,rose
6.831568714276026,0.45687441820558317,0.5352367716124276,4.07299623694701,0.03261524618325659,43.28059308022724,95.93120856664791,0.9949300079608415,3.303945220834037,0.6298716536513571,10.391015381313633,white
6.748640083105336,0.28385788619416397,0.46661035006336216,0.6,0.07918992264102764,32.62082290302126,120.21903814362119,0.9910002665035681,2.9383822897159466,0.5837919056528319,10.604493646182808,white
6.889318060455718,0.17722608678145152,0.4238459239689901,3.788365998525232,0.04077791240712163,18.39704856939945,29.466436170451953,0.9934560302237081,3.552573014748779,0.5793904949522228,10.49056482833064,white
6.641653430149639,0.15247137646572118,0.5317456031179857,0.6,0.03615827815852249,37.5316078845103,199.6119826900819,0.9897328464404653,3.363905063470581,0.4910147328987408,9.306402314363254,white
6.793329662987933,0.19288892840229216,0.1508649922085291,4.126665224898908,0.06448292959758649,38.94920663952115,85.41917037588703,0.9945453445092057,3.2464497948258324,0.3889759092777,10.703444324931843,white
9.623207012110091,0.30706895101978476,0.41678968305453373,5.866855765623524,0.10071156735916229,17.171788390126867,156.58580323496764,0.9940445876401298,3.2037097439702458,0.5417614588801015,10.834880134953089,rose
6.8703434788613,0.313275459856684,0.26886989590974053,2.4438083223971097,0.05005117694838178,18.668764748457466,155.7106093779486,0.9889351074016175,3.34366975777807,0.5437824580785383,10.8293425047787,white
6.3505677994164405,0.421608246727049,0.5446328035788589,11.356239459122913,0.04763638412027631,21.561798809400106,103.06837741272044,0.9955901675318324,3.25144502167674,0.6498054845575524,11.314724309949225,white
9.580428770539937,0.7589433343775583,0.7751032213013054,0.9,0.12036140764761719,11.58833648963772,72.23663133582136,0.9939713743156747,3.1161586340902008,0.5266326452119303,10.507132538046523,red
6.447041964852924,0.436890403856544,0.18584958620216152,0.6,0.05067617223417713,53.11622955816843,209.92432514727358,0.9926548963643077,3.3511480920860772,0.48545206508016975,10.301828341911017,white
5.853741137070181,0.25738091643087546,0.2688662794124201,1.8305969053449833,0.011782912645990067,22.041203300774196,124.63152492433694,0.9963691505603604,3.1249565124676018,0.4639725290195898,9.4185284334863,rose
7.061021687193131,0.36929513253418245,0.5486082675447146,9.992940566189365,0.08607130704078671,22.05197784738458,63.92588423605249,0.9974296095228485,3.3538340474893515,0.7545798503173835,9.80623454339094,rose
7.726052298006319,0.12509690921537195,0.27558959405075734,12.817261419096722,0.030311216157954225,42.85618289471467,171.28110541966558,0.9912550137212334,3.1792782749870394,0.22,9.253634546992219,white
5.5274518182054075,0.44502875718271445,0.24697242909965172,6.636012112771518,0.06634599046081749,26.15070164098568,69.90620738381686,0.9925850701646931,3.0676730383070985,0.39942595942326503,10.45113736864407,rose
7.810331363712929,0.08,0.23513901043038926,5.266452909292947,0.025041069281497817,13.137154519064119,76.48248938045482,0.9954777497812387,3.1840482405891155,0.22,8.3,rose
6.187542046466565,0.18396064363797643,0.11333752279742904,3.0334708098925813,0.05376653750281425,34.38062747918691,171.51433062374645,0.9964188194270164,3.184615828455463,0.506001682567665,11.057889666658333,orange
7.640665372035299,0.19365256754054996,0.29677068555479086,8.0716021290194,0.06708603487506137,27.15870286687705,130.47051023587323,0.990718431553992,3.0076387219449754,0.5825770633617298,12.183283921749629,white
8.811996176763744,0.3178854128332092,0.35743325321242325,4.82355829478402,0.048689953490590424,32.71500948734592,168.45390566444865,0.9968887840569464,3.0695817596168484,0.3379188052710826,8.254594949007185,white
7.30955673188327,0.1736923610932464,0.3111567571835111,1.950228485303801,0.015560991661573867,51.05971367104332,219.50716905864252,0.9898443910498566,3.273275331749784,0.41559175047239183,9.91480053143709,white
6.86575955189169,0.42474942975123486,0.30216278859800505,20.18827005844762,0.05944191631495723,20.73028866129304,92.84979889803974,0.9954704065641781,3.154523624868815,0.5713327781041694,11.096643002011422,white
8.466702084083424,0.33636011950389,0.4572629638585133,5.816427626549086,0.0866661455569052,21.157521682549074,49.24805505658786,0.9953999065980268,3.0300124530206958,0.5385153116326048,8.939618192585483,red
7.922474130169354,0.14691159107835677,0.3499125166132849,8.594995236707945,0.11849136206763401,45.86624584190756,160.4916437356039,0.9949755178760826,3.2753253281757577,0.740174419926365,8.917547352799152,orange
5.962219021412368,0.3611491617986212,0.18644524725549627,7.450783086050675,0.009,12.719442405551865,146.7268789213626,0.996236061282231,3.2141433526593604,0.4766484196037231,10.143722646954686,white
7.482867004959409,0.34611737616162125,0.21526471548169698,6.233037269357212,0.03749536785472581,25.460314789908388,209.22769176496362,0.9985633305068464,3.006458494371407,0.65549426603328,11.506638363195178,rose
7.6829625227235905,0.15050694183889182,0.12951210411430877,0.6,0.08369359788201834,51.23274482914717,223.48855235898287,0.9973964779120087,3.3966285592489918,0.4442403006389861,9.122369650467398,orange
6.370692527398409,0.22312071878958448,0.33022771238889637,3.6351330227539562,0.030198124148019635,37.11815843053742,127.524619165401,0.9985256795127725,2.787968608815888,0.6144160060125466,12.047725114840022,white
5.805131004500797,0.20840005231092928,0.24725000012025955,10.930523015395194,0.03932830490311966,56.5286057090581,109.73860938546231,0.9948618220497761,3.062128733515769,0.7346638094277793,9.05278400708081,white
6.973754894026095,0.2781927181562792,0.49099750155274396,2.494032149456784,0.05780298891438755,31.444464367428786,85.89423988964079,0.9905778235153898,3.265526768086,0.5182195984592759,11.132822109205106,rose
8.601749273105082,0.3312032811552525,0.2356255033562611,8.214408240140495,0.07355074540699888,36.410374878588684,121.16220989743283,0.9946725835592227,3.5885666649528694,0.7296201914881824,11.304879063724172,orange
6.744964079800999,0.28801778331448485,0.4062172934258486,2.241352277773166,0.09148676650259951,18.198609173889224,86.75999136402997,0.9974911783023271,3.307808180925954,0.561075070881101,11.287521955133172,white
9.45540722329822,0.7833933890868939,0.18926924287089344,3.605399660880402,0.012,22.772885322125557,20.02164840395675,0.9973267429924617,3.272863575724009,0.8819682336338154,9.49112539159897,red
7.542550267516436,0.49189409933125816,0.3425670557377025,4.005738212957815,0.012,12.0157573815187,53.501102023236456,0.9950141517034361,3.578382355344263,0.5504424334276049,10.378978836535497,red
6.726701049299038,0.33754028598220087,0.3681970875533679,3.233046916601102,0.041225307778298664,26.923550335414767,113.31379592463638,0.9965684572688203,3.2421761918972583,0.4107679908657611,11.621333157234682,white
6.602464865532926,0.2874901048580207,0.09365630585250939,5.277226354573978,0.05357454013195754,60.44283190368797,116.33517621850504,0.9916092473710034,3.1125010250023233,0.5943179063573075,10.91883492499485,white
8.063338704567354,0.6289610184448359,0.5896308829564791,2.2271515317561477,0.09073145230097518,17.889515827972478,125.15701501023503,0.992784492815434,3.4165935817413264,0.6386890605895904,11.026973369348697,red
7.318959158375741,0.18063727677630725,0.3469440298590181,0.6,0.03263369496605247,40.74666020071617,70.66150688921424,0.9953447954206976,3.1853013200316225,0.5529002530722404,10.789820386566145,white
6.734638144752117,0.2903662626998945,0.39644879370964425,10.000766644841027,0.021201211524361278,9.217194558339516,192.65944946756323,0.9950212967572207,3.0752447236208273,0.6668733890639178,10.6566186319032,white
7.5366819705406805,0.31526167772047986,0.556648135392308,5.257982487857789,0.03814049384750551,34.977813028491,125.47610342878619,0.9964199282478621,2.9442027684065533,0.36959449147373036,9.200206810167893,white
7.349619284673923,0.42281718974933763,0.15024329424012725,1.2575056449382946,0.16674921167260132,24.685484081957913,47.230831611467906,0.999296497076329,3.077599195730635,0.4325850354899258,8.4,red
7.0804315466092165,0.3106665039288068,0.25333933084768034,11.423110984248606,0.04194984088173161,22.455023222250944,161.16128737717636,0.9913401423788107,3.1925220111052566,0.4888061631792348,11.850592465523412,white
7.890778525301449,0.15631589858883563,0.5366058895078578,8.516703491314727,0.030369279533389207,34.35961257039939,162.0884705818517,0.9942547015310957,3.2696191173502838,0.3847742346711806,10.722685961205729,white
6.078948222570854,0.08,0.2995793318042865,11.975545749790157,0.08855826875994602,14.396966131589268,159.46941306428658,0.9926356762164894,3.1722683744165177,0.7916347660013967,8.664680848922556,white
8.506529363877853,0.32734227930173115,0.3602883315454618,3.9423764840971303,0.11160204657649603,26.476941386064848,129.87595433062762,0.9983330689104513,3.0927606765939455,0.7902026844056746,8.687961671863391,orange
7.491310156085935,0.39807710521808054,0.4199102996419358,8.173980479948836,0.06915296432593303,34.8570342345387,100.88269155465042,0.9935396583698126,3.0757858934240487,0.41279159258044584,10.33641939916714,white
7.216652288573219,0.34810238551884043,0.35554442921036333,4.529828455036748,0.02769119132828425,36.77314578132403,92.79682446880892,0.98711,3.2541874316403154,0.5930091938503984,8.0,white
6.958261789181381,0.4586248437264583,0.36558016595955184,0.778874552882269,0.06988945532271322,12.372497676543626,79.83088231597497,0.9953751126994468,3.2610626669048206,0.3456965743804481,11.689479392395484,orange
7.986054305295297,0.26793764991813446,0.10741495838258726,4.355594511476457,0.10557557300253421,2.8285793749640806,55.39588990117303,0.9951801403468844,3.0602968013144465,0.40986622253933874,9.9734467910815,orange
8.11203608786566,0.11687872524189905,0.23392695901578495,5.867700753258909,0.009872019345631053,32.317304927202336,208.96992376908005,0.9940898460225108,3.2231026145399317,0.346029521537776,9.75576002186936,white
4.615272062557866,0.2144503495504121,0.19610809552507327,5.8410968155178615,0.07640810564477331,56.72437708565359,87.81258382702012,0.9932513345002079,3.3945664658817325,0.5860336031439662,11.9376258856297,orange
6.705948177894344,0.36542242296623867,0.3849843805090243,3.040406480597478,0.05743307914980874,1.0,77.02289453810268,0.9959525838294734,3.0571187249041234,0.5367114211329556,11.068706975110121,rose
7.175088339897395,0.5190528488811299,0.40955919979815286,6.9277849426178095,0.12549700887778364,7.0040225500466615,32.52808012927374,0.99589093533258,3.0338901940968115,0.6021962516392607,11.203935309978954,red
6.6829138618477915,0.18974526046698703,0.23412260819224714,5.2427008366252705,0.053798545935355824,50.84554412919572,104.22710651664619,0.9984918690459297,3.1473268131174477,0.4874083159892857,9.59473298694681,white
6.486680910304637,0.25977437989376917,0.42661777751693525,2.8659048454051077,0.053550504172853536,68.72355789811004,34.063867763077376,0.9890641657360537,3.337232122570885,0.42828693888171543,10.09581070431042,orange
7.684049367422696,0.4461118633667686,0.4569503733953046,0.6,0.017816199320987568,24.681709578398642,139.46947654733364,0.9955756464251317,3.0786788884915732,0.5111617890259028,9.584677274687769,white
6.584186447580386,0.45918863677038246,0.36203462496761885,8.915996572675093,0.060321447875425545,42.47806631382497,174.01400495723078,0.9921812296550514,3.1039627398326775,0.3642908569657985,11.055126301730505,white
7.672881798063492,0.32129998161851475,0.25598520422952675,15.395894295115953,0.019693816647984346,50.940266186271536,180.88346935511268,0.9920216138582308,3.398529734697559,0.4613101092714268,10.8695393657469,white
8.161065428164841,0.49602022654016015,0.39874414421232457,3.8978449365468424,0.0865205877664283,7.808045637691479,6.0,0.9954518741740062,3.2158239788921894,0.676295828526226,10.055171272241997,red
5.77486127161588,0.19515900784793017,0.5880411920583142,1.8180569154219137,0.12364191027149131,25.71572846623009,116.59070266373196,0.9980991258986395,3.4137081329698247,0.5201363343182419,10.014507891193812,orange
7.956689221385541,0.5106553709974114,0.19595882800943296,7.039249448611825,0.05206038591057976,45.14222604076776,109.78978578072872,0.9935995657268157,3.299224379235593,0.6797855162713089,9.689203684185237,orange
7.306523946305628,0.3012262311355662,0.18190204667421897,5.771131736358923,0.06509468498590651,7.4792026739825275,133.29226670199657,0.9941606742307211,2.9093449474782274,0.3950240406624606,10.034947100744805,rose
8.005942435395006,0.2908630660201339,0.28222493222679,7.011714865429952,0.05764231406747221,36.13905485837534,140.08572572433266,0.9919277846855025,3.0881682034091003,0.32977337993086253,12.667332172810314,white
6.244373211899693,0.25768338972062554,0.4982784138029561,13.2457250033558,0.07556334701099905,14.187953249165352,227.00897072253713,0.9930547653582803,3.160448089264533,0.5803800906349789,12.398978958178667,rose
6.002708008210858,0.3406484929673599,0.5831892056304772,6.496881750083056,0.029866971031584606,32.19754004245923,196.79024422611664,0.9920953577487588,3.067588167232915,0.4347533692236101,9.341081254619972,white
8.606034383007621,0.20877474391975354,0.5442775062999672,7.39522979301168,0.03154019630505048,27.078572103129005,124.74651682780011,0.9952960173432185,3.267215111638068,0.42437288489009245,10.484295785618894,white
6.524195413520346,0.1852672008149865,0.5296839563912935,4.756586818398769,0.07236479659170504,61.18131594275137,180.78693840578464,0.992736440301397,3.2492301251681446,0.4870855325187701,9.402152950839547,white
6.979625818838724,0.33385992410253806,0.22383454961197327,6.346317769698024,0.08786566897251932,1.247306211458345,133.80014555008634,0.9976726693579153,3.149498131663451,0.6514026085681283,13.734279635119227,orange
9.588794103294024,0.40384838801573847,0.14259400941301312,1.7293648523752272,0.1127130237892891,26.68947994876103,33.0642599289116,0.9984603072778019,3.3301768069712274,0.6370815363340776,10.19771779341574,red
8.185950371889954,0.26863584867015977,0.36795863715458776,9.474701087192724,0.049849386232418275,27.715527143364774,146.60910645869365,0.9972385091070946,3.0332622137195617,0.5050221512279478,9.65268397299544,white
9.079115576357037,0.5075390297023364,0.12967966987963728,8.303324154275959,0.10184587722553694,37.665078909700505,176.2022031614043,1.0005408033262886,3.377410885994961,0.5660430118037068,11.787390828488011,rose
6.102738864646008,0.08,0.2471597128508012,5.320550091922546,0.024204489251718107,33.0757796683932,141.6267136942774,0.9933548531688915,3.090115859988988,0.5090947313636007,11.058128300862746,white
7.42131022892595,0.2997301766929315,0.2431883254437644,4.77315486529102,0.028380808542473695,53.6078861017025,139.26636123220365,0.9997136608526307,3.1791068201855257,0.4089993632273785,8.651458982514981,white
7.351449073097204,0.11715889644910683,0.390123552294651,16.658830245257786,0.015989773905155213,38.53444377661915,110.22769608549584,0.9953011654710336,3.191157965315746,0.41663664781409054,11.114652715975703,white
5.450760299561081,0.12420700580480248,0.3897163212334435,7.955500422517642,0.0750831224203433,25.769840195061043,107.23172401386466,0.9955827939640268,3.2276727254132678,0.22,10.25576757433822,rose
7.725528491206532,0.1285047318658737,0.36650987762529597,10.903673665050679,0.047570094036013644,53.42885598870232,116.3768994657101,0.9982426034874143,3.53540163456513,0.44843762297706125,9.966022481951068,white
5.4868649959990705,0.889984921130115,0.514971968807081,1.440444162137493,0.10028813689600549,20.241672195087805,85.64894804451713,0.9952016981128824,3.4797197014235652,0.5652750698093738,8.999397856515316,red
6.803287481696667,0.21263858077062378,0.3802041924111277,11.286491497873335,0.03310199284663727,1.0,92.60136505558518,0.9976140448037157,3.2987108956684756,0.6073220606495133,10.140226671678,orange
9.501759662903547,0.5858649062371359,0.25235977323306735,4.709514277619628,0.053714370302443144,22.12389540081599,125.40253687113645,0.992385674294011,3.0334367382932377,0.6235894669123003,11.288147281657269,rose
7.255370424902897,0.27571853781884526,0.4331574241504602,13.442627883598986,0.05795937783922803,35.48415335997787,82.61015652430754,0.9908417206579797,3.1421775260697853,0.4202857879026137,10.284176316740327,white
6.332459953527044,0.2707941998759174,0.6085320176897476,1.542010484061334,0.03737750947139392,27.770352670868075,162.01353951387827,0.9952293469310945,3.0075691189935476,0.44560668695719485,9.802181323653864,rose
6.836978455720533,0.5612331221183231,0.0,11.348409014778634,0.06784870451201423,8.123096121486565,53.37583569034014,0.9995521472107982,3.062992411905635,0.3498740478459093,11.898189250953562,rose
4.896328105358169,0.32221013884804545,0.19913009153153483,9.667183429601751,0.03739723745987744,28.33121911159186,78.30942440130866,0.999735993463103,3.1626666617752983,0.8100432647053704,11.509948410606869,rose
6.743169008264154,0.4992972728766817,0.528706259547153,8.782964281326505,0.0743425420115779,36.81437595403541,84.27339051217349,0.9943876185197478,3.475912410711436,0.3855973897020671,12.340771551927123,orange
8.091768294470839,0.4206530582396837,0.44473685740960006,6.922401318415584,0.03568370999813286,45.013572457701194,37.89311651691187,0.9920050226376695,3.0635003361166753,0.712765230692053,11.560337446701354,orange
8.153517529228537,0.29825147571410415,0.5305113021959202,0.6,0.08002481879346339,19.265740524612546,211.83163389768654,1.000482654156475,3.0915488647197065,0.4429268699252859,11.564534397535457,rose
6.051595413455302,0.3248444209293569,0.3976047173569776,0.6,0.050689121667918495,33.146939835031574,162.5168841460058,0.9966571078989602,3.306975759385845,0.4043393659366378,8.3,rose
10.630149720738718,0.15776789348039214,0.5320935624097449,10.045989710998947,0.0658798085747495,63.09190682042963,135.44280150158767,0.9957631708475461,3.205476860063018,0.7161898549541341,11.849118572377671,rose
5.926461753258033,0.18078089788094215,0.34087633738749784,2.3426145153397515,0.07694331832783348,1.0,66.86871689682489,0.991308178781049,3.1743624222146454,0.4510289253383712,11.392001954475822,orange
6.451562100042971,0.5006212226113388,0.0996584762614165,0.6,0.04077261014078802,40.72213395241723,182.39833141067274,0.9932543629152865,3.1482672969827674,0.70545303989889,8.3,rose
5.409127869581895,0.41470407340291293,0.32032991709153213,12.669690723535062,0.010937351446601412,25.11443160793631,138.58350450031412,0.9941678910630487,3.120306483385268,0.5609301442301632,9.200431388818481,white
6.538171363937366,0.24621716911870276,0.48929578786676736,9.220056148835857,0.02148925808301818,39.5004255507447,159.53411744108257,0.9974374561258481,3.426929230832505,0.37399840509705967,9.51640911695865,white
5.909978089318456,0.2924416844606986,0.12017532097218098,8.03054018348269,0.04254753946769429,27.38213814678135,70.58886351379427,0.9955635065914749,3.107828493240273,0.3563291417498155,8.0,white
5.4008369175585855,0.4332044584559781,0.0,2.325419512326879,0.03746991647414066,41.335944488369805,117.76803166750133,0.9904439851256548,3.060243811714976,0.5701982900952682,10.373577476420918,orange
7.649508466488576,0.38546927138399467,0.38789028513051116,0.6,0.08221613961127516,41.84774030116664,56.70004907556181,0.9938992281196425,3.207682395833735,0.5068933502811981,10.932936137802315,rose
6.490400875922336,0.6833826597530234,0.03987592440973613,3.3676400150716153,0.11663473465789952,1.0,49.52637485456409,0.9958624705524959,3.1939701098830744,0.8871277414759405,9.726378445339368,red
6.289829135983698,0.2215113209433715,0.30383417683226666,1.2417268196118756,0.08513909944350168,23.65216595184945,6.0,0.9935143899066118,3.0481375017976644,0.2762192178573236,9.045226076005124,rose
7.442294099615962,0.46460581347142826,0.47052818603524066,5.027595887247277,0.02159701331462718,79.07356849372945,140.87732624273121,0.9940690376957264,3.184623736825295,0.5124534647912176,10.33661415569108,white
7.1162355220762645,0.34212237333968026,0.38426939249039505,5.451625150716899,0.04293603755801802,36.05319265299486,132.1133568563925,0.9969102491977089,3.5220569381478626,0.42622266139238896,8.828559327329332,white
7.496477436624194,0.3574454909674079,0.3856802975613386,1.486855989494262,0.04472995987700095,35.246816055592745,89.13240007264389,0.9985239008598625,3.3207488714012463,0.464629155664906,10.547353314222683,white
9.166131823813982,0.17876658302722176,0.0,3.580996823959863,0.11132960382178143,15.274557298127387,6.0,0.9954106148198533,3.2705486542071194,0.38763367666781984,9.635424231534985,red
6.794020614762538,0.3793917640965328,0.3779566276814534,3.1193301902427835,0.05366811572206109,61.465684029741524,136.83812008837427,0.9987070800129115,2.7926835578884845,0.5836471850124874,10.62138896031147,white
6.276458373544919,0.6429026741281199,0.3319122031570154,9.063779365148692,0.03264984344567437,36.51986169251555,134.46351661145022,0.9889472744056477,3.53013373447732,0.7468289475145192,10.004110938567173,orange
7.25785390978234,0.08,0.4148070020803953,9.180860894730577,0.022152959125432643,38.28384036050263,65.78235232663172,0.9949051726983543,3.0120600573691614,0.251278901997777,10.071935557348771,rose
6.975973553789769,0.3181065650698069,0.46417479280109275,13.330156287823895,0.010645,1.0,79.07616533155479,0.9963329693695588,3.2932926778266283,0.6924875666361081,9.090553020232258,rose
7.656722051832826,0.45066162124294085,0.3215510827608845,5.535141327992775,0.047302853488292926,55.068308780291204,98.94994404987048,0.9947403159194406,3.3355220662850105,0.5470346663073138,10.747570084429698,white
7.343921687024726,0.3110796114323937,0.35771585685446655,4.600135018707343,0.053167540275893176,30.28415258432373,145.51992285554826,0.9979681880631848,3.036278108549358,0.6199364676652784,12.135135939746105,white
6.830093709714604,0.3917408453542968,0.32797184837150306,0.6,0.07334277674808912,19.90417131195612,110.57685334796504,0.9922458089956896,3.395807615647254,0.24611127556269552,14.2,white
5.800831431654822,0.21426228629934524,0.4764163231578667,2.4908989375607464,0.0932765196552598,60.33763650196691,93.20474462821993,0.9968963965804896,3.033822829684033,0.66014266309002,10.697010921580622,orange
4.306717297022675,0.2967721506655755,0.552089017389168,12.675422356612794,0.050352988279169314,26.94676080952779,172.6618056261881,0.9911155904175422,3.260196948248756,0.5475340797271714,11.818983166082807,white
5.881979292043492,0.6329755468358994,0.23091906998417855,2.6555934688542346,0.053194911154087005,34.16070997388839,80.68096341341688,0.9953504839386443,3.105067382123699,0.5927746402392655,10.886018498612945,red
5.235597603643879,0.2755686647211128,0.3414805549516114,18.885121193753726,0.0415696598426826,40.43654199375223,136.88547438146628,0.9905319692538074,3.3608335696902176,0.5756618607050838,11.487727231558894,white
7.66865519162092,0.25518907458890594,0.20077903509876924,2.5420959121656708,0.03785226980301537,36.45498753592222,252.40905484656864,0.9925758602374948,3.1492592896998564,0.5278503547313368,10.925076186245398,orange
7.237510855650193,0.25363146102495426,0.4508651470783087,12.424477915415682,0.01895161968697432,45.46814995866564,168.15914187752222,0.9931373917397686,3.395999193149259,0.4727216572672624,10.668804014242703,white
7.2828601060185125,0.38575611247738195,0.47569943014858995,13.401805132447517,0.05994534898984437,32.46588479114757,144.59570512820787,0.9976359324934722,3.064908863278662,0.5319220251058264,10.030216215227316,white
7.849959093068913,0.2850466136680744,0.5835828171183643,15.294605046722767,0.0403329952912463,51.8317255167131,165.7878861783491,0.9981208260723575,3.0425626183144305,0.568143071280167,11.81678599070969,white
4.4,0.6623889879722612,0.4776815823239128,3.661172797434499,0.056897104514723934,8.778636595262967,210.49042038033505,1.0002023542226406,3.2389772497237836,0.6853612248767814,10.742429707647323,rose
6.946397754948009,0.2748917169228388,0.30900524541898106,5.739465177777744,0.009,25.975845072899446,142.30638601340635,0.9945054920687375,3.0330870769553537,0.634296839150291,9.448334464287765,white
6.3518872485637905,0.5767057311258019,0.0,2.4091530553838845,0.08822077633951146,24.18656656001917,78.49541218445185,0.995796275134596,3.2878604304636956,0.5282860150290106,9.22084341949202,red
6.063656949193205,0.22150384324379369,0.4918807301209727,12.08943611174969,0.0480820985739861,31.348171066156368,63.05422141722635,0.9980696927085198,3.3202034355751593,0.8267893183047518,9.476645400360582,rose
8.947116886439328,0.6181181466557221,0.32765587013170305,1.8239597683216326,0.06327965339209043,3.3337020039525833,105.17854640499404,0.9967720645043217,3.2763989273404155,0.5007121026326741,13.551418572351368,red
8.56244466219484,0.278926506085794,0.31119301993063925,4.578431024083357,0.04183116435618029,58.65630746818541,44.36080711865695,0.9986137339440673,2.9732482555985364,0.45941495682775496,9.986030035560002,white
6.719657164959068,0.37196301748016736,0.4135770253511973,4.408072814779153,0.02630097732660585,46.832577227073365,155.23240388549934,0.9919206243093577,3.4303776713932286,0.7079647808785104,10.693184861456391,rose
5.66259740582995,0.631609408286249,0.24176823216898605,9.366208357623943,0.06550744843858468,12.500159806224598,116.11366656963197,0.9972137430650211,3.1850247346611305,0.7310527419755171,11.65176903913994,orange
6.958305250584492,0.44199985038105544,0.3732904971119876,5.111463318426421,0.03939687277104213,8.722684183580126,175.89111372878295,0.9937945726692553,3.1610140642740117,0.8542629403446534,10.881918521486734,white
7.966890247953759,0.39941483174982445,0.26476693147886965,10.20593655889182,0.011783968121659254,50.151081245296886,125.39947988746535,0.9937491801401905,3.211396937738807,0.5207102076421471,11.882613062121724,orange
6.22037508740094,0.23526659744696093,0.4731761816021905,6.965928930676103,0.014348904683508863,50.94153765627329,109.9658269324833,0.9996302357565675,3.3513545449806763,0.43879589189040363,12.090712130159481,white
7.665622880866626,0.7697506020512072,0.5228038625296122,4.884549107002249,0.10183290152519506,22.01913120887558,92.98794209296848,0.9975910609426577,3.233729433756529,0.5821177015902735,10.677203395172306,red
7.355257225151148,0.5469008868677054,0.36526743000903783,2.59079323857861,0.07189307953016089,21.98616330349714,74.96177945235686,0.9912198099482404,2.9342495746540593,0.46752856600523507,10.721726003453576,rose
7.495414588100521,0.22013201332052193,0.020624075860419915,3.620831457475555,0.054332477472729436,10.156032790608794,146.15309911860527,0.9939815861464071,3.275740003236347,0.503494085545205,9.31678839527993,white
7.141138220197753,0.40100985994580807,0.21663543164546664,6.233069230692784,0.07558543832695215,33.52065925447543,57.444290372838914,0.995427777217054,3.443512703014408,0.6106298712424096,11.58263434773447,orange
6.833223399838345,0.39644581074499263,0.3999778910111731,4.511637555284664,0.06263240487191614,2.0,187.1809763031871,0.9888240545057579,3.133537839967749,0.36206361580442126,8.921005395058058,white
5.710011385255416,0.3252547182752149,0.32987818152829834,0.6,0.07121954431739001,22.814785108062,103.92649703779948,0.9946272602795184,3.3617115679486687,0.37391536404170184,10.5901715396137,white
6.587318738453342,0.3823473506144989,0.387008638330974,6.328223662171672,0.0669321449071352,62.00457354687211,175.10013163624927,0.9951788160658432,3.364254507343095,0.36849508153282867,11.009904959120082,rose
7.123479553807201,0.2859903614024656,0.2561957648660635,0.9,0.09645208545603319,15.494897963209812,51.30127668797718,0.9957612425340122,3.7861387913013154,0.88869798115894,9.096714517874931,red
7.834372512153397,0.23109938744001063,0.3761253386600685,6.153430975874824,0.05619472883627621,36.614605383471385,83.83597104515903,0.9970071178015951,3.113709099323427,0.3122006689818303,9.987419725321216,white
8.327847060144494,0.11215355775619522,0.47899144765111085,0.6,0.06857475514399147,14.984387209053887,148.48520734280672,0.9946848514813936,2.9647452137129395,0.606111063309656,9.794220530743821,orange
7.223505907348975,0.39825177242484716,0.44910636228868517,0.6,0.009,51.19819196877101,80.27095824824684,0.9933551240849869,3.011578870892308,0.28419435607772964,11.180602217777405,white
6.061633304305362,0.3618476609463069,0.31073470537373904,5.04978030335253,0.009,46.11472663132267,85.69457414744184,0.9942066293986097,3.2301507233957496,0.6451331732457644,8.90360574511828,white
7.482787628485024,0.2599747101208215,0.25560450878508906,13.093145265150055,0.07678779721207495,25.096598896801584,59.03632206537801,0.9970407561440378,3.0848871252405523,0.5800776821217773,8.089816769081203,white
7.401522975551662,0.33887217016439786,0.2689397764391578,12.680313912479832,0.02817193286938444,58.8982635707643,142.68657339596876,0.9904988180554067,3.2726598484926748,0.22,11.283315856757055,rose
6.9966000767569305,0.34758944605388215,0.011333119723931494,7.541225164177228,0.022638138809229942,9.118237744920929,18.67431193473402,0.9893373521160207,2.997538506738511,0.41835131270180825,12.878447605768981,rose
7.3163836330883685,0.4234005780605242,0.19497796254164143,5.550506652849093,0.010645,46.74079300961494,25.809929222989584,0.9990430001191107,3.161249247295506,0.49500036675143394,9.777697861580268,rose
6.183274363696712,0.3339377850467266,0.28862344987722505,3.681830803227591,0.0312586164642546,36.41795837259339,208.1030796666405,0.995029438131673,3.3730054665916223,0.31336892122718507,10.72137514008832,rose
7.511438835689133,0.6923081362151142,0.3968703294399551,5.082798975526543,0.10030094492227275,33.802734640272625,128.58490578550018,0.991414626626766,3.2511338020374936,0.7055489148098482,9.494421054095326,orange
7.3226182862516636,0.3298092809132723,0.09304936910425884,0.8295152571982823,0.03455715964072313,1.0,119.20693441174355,0.9940196554374201,2.95250756388324,0.603444247308541,11.296802672960844,orange
7.030809976613819,0.45299209391839435,0.04313000458943763,11.540614498619176,0.05874504040472673,22.86838694083968,109.28536329342319,0.99450709037476,2.9375431019820866,0.7580115847708561,10.581491656196278,rose
6.678146067984918,0.21080223426739553,0.46004056839588076,3.319697850766739,0.08566695802411178,46.837663322820475,117.62536689110941,1.0004796845372166,3.0968033228753735,0.5745391294761623,10.882582652999993,white
5.192713048801523,0.3761929969657896,0.4798713070718721,7.620268812181989,0.05616896735103396,19.57322431670143,52.42038934509696,0.9970747725234359,3.3598574499794034,0.28940303160631237,12.441842412696412,rose
6.279222124958415,0.4438081183013004,0.5354371960534147,2.7137792028053274,0.06446518122351333,39.75727062081757,141.10683766300508,0.9948412542151115,3.3325401853877903,0.6019423086614649,9.04494281003344,rose
7.8663667502419115,0.5491515177068808,0.29307466186223063,9.876192755586567,0.12279236435055062,53.42674547483327,53.251523857500125,0.9940054199475868,3.1604511609753576,0.6172001585249832,11.262519762648942,orange
5.715229736262933,0.465607783236616,0.5427836452056636,0.6,0.02477279297713945,49.35807308497145,129.73831843344456,0.9962409516227088,3.2683392528090778,0.5878327335457971,8.938248732034136,rose
7.283334128052569,0.3324984290306931,0.4639861347049382,4.540353530534005,0.027437330027728083,17.53887149124426,54.79430813942264,1.0001773006077894,3.0216815147203393,0.46459612197010386,10.173614907502522,white
6.6596581402707296,0.6163704932964041,0.19478072840796218,9.078022322435938,0.07140563634242916,52.53247059948411,77.84528910443859,0.9925235296408274,3.386171519162726,0.6068586425013641,8.671149650496687,orange
7.884975199781868,0.49106165929232104,0.39555403828374813,0.6,0.044902377633861595,16.034342721700906,189.78694076286112,0.9910949289634313,3.356652309607928,0.6652375570208073,12.729910437280633,rose
9.420800981276056,0.4429143090703335,0.12063355463843646,4.808113852474032,0.09817370368587183,22.52724432632294,19.425335215325692,0.9944454822014239,3.223197858123385,0.6371263522458384,9.288878353227867,red
7.207885491385152,0.3920670032287987,0.45518724714662845,5.380268356036088,0.08195907168879908,59.24904993621773,138.5262600172207,0.9957533189960017,2.9766237728666742,0.26,10.916455145419329,orange
7.767374589306405,0.37050316490845187,0.5052343245945702,0.9828572004278814,0.03302438248169092,16.174092373088865,161.41578196169831,0.9972680054219207,3.28600416469916,0.7100137158033599,9.11657086874511,rose
6.841072124296282,0.5516138864797618,0.11872377191709438,8.182486945879445,0.02748455864968515,4.8230298983963555,129.1057622641234,0.9979108541509581,3.08217814268461,0.2955875599542727,10.35873807082166,orange
5.542848528778656,0.3652718996938758,0.46589415042724697,0.6,0.06258868129602674,47.87996524244664,115.05353702225086,1.0030608320448386,2.9475385697565595,0.6907857007534366,10.32424362200938,rose
7.597921733556248,0.28510309786553717,0.4112850525589792,8.636855440045142,0.06944272203026039,15.350510327072172,132.4663245093465,0.9984859613036166,3.1210678271600645,0.8774128917902095,9.854948755746214,orange
6.280629568141834,0.4181744418206796,0.3664985693128856,6.192300702669158,0.022108844311360166,27.13130041580682,6.0,0.9951430262292843,3.442099594203342,0.3004372100167146,9.827922973917506,rose
6.7802892527573,0.5382617565802852,0.2369309678788305,14.70511001517166,0.08242670992046437,25.893133684263645,162.54133704061908,0.9988977592038278,3.1310181232248553,0.4666130979037455,9.798438551197526,white
7.811540230684407,0.3380684006108524,0.0,9.718181502348653,0.05002694623260941,34.98990254256585,121.84937511134103,0.9973894929898188,3.331343703376366,0.40164156789523314,11.015193964462712,white
5.954811215114654,0.4157327060646839,0.2143175763995988,15.477788312711391,0.09709802911586835,34.435605401195474,172.57380612513091,0.9978729006476266,3.123914776854333,0.40183089788488874,10.625723328615656,rose
7.9088838727250055,0.45496376131512056,0.1668044020405419,2.9546940355972264,0.016997658331243563,29.273750866916927,24.57850995816733,0.9981091521339488,3.1150426018632436,0.771521913384436,11.1390526997916,red
6.744035933269705,0.2042522152508299,0.21743543257511527,2.473580515148871,0.0928367627799359,16.522231411158902,15.95562458225252,0.9963876311694154,3.0799276981997132,0.8892256690912805,10.099418651555496,red
9.11477508731157,0.259918758368546,0.09210683534058843,4.403780042859,0.07950673131195611,16.707273492279032,71.42956776198918,0.9980608729549252,3.3541561131973037,0.6227780976853227,10.089782487962944,red
6.973914781759587,0.5618885265567006,0.4180026324421439,13.146423246275392,0.009,29.43209625142064,22.892377865396046,0.9940805319973136,3.175572253120259,0.6394186735061339,10.518321322279434,orange
7.54561172439394,0.19230611829562236,0.2607235590132951,0.7805986565628499,0.07859130509200052,46.407075219738054,101.04211696302444,0.9947302333172644,2.9826665169745556,0.4814368727782857,10.471529175730327,rose
7.1118888457360905,0.4029579898323592,0.38048932786464496,0.6,0.09275424272109176,35.17691785118549,192.84625014438694,0.995925178684555,3.3898031706267426,0.5995221626401882,12.149170707284833,rose
5.333175385560956,0.11856885180517321,0.36651912174025203,8.97169757720601,0.01122655205560076,50.53012445146272,117.83149765315326,0.9944664207151015,3.43171292102302,0.5921994111172851,10.183807709388487,white
8.594425038023722,0.40003784736850223,0.45812335310275876,9.396745788143924,0.06277796402118857,25.9339937633195,103.58878844537938,0.9940172837921846,3.1625686593981435,0.43812184717755337,11.371255763742855,white
5.793557669454763,0.25465319280287096,0.39063010590136044,11.399232583501798,0.044112980522471576,29.868394181494907,144.81007836238234,0.9915295417990799,3.5037882393394826,0.30637122084914636,10.741612603863075,white
10.105917438530412,0.30970271491000406,0.3627222668319981,0.6,0.10692365422111451,8.850456768117589,126.63577029031708,0.9913877666307953,3.1199359859304017,0.3985875466362177,9.801555612697943,rose
9.652360100144385,0.3971815245686259,0.19402284988112045,7.896747813637334,0.010645,30.558066050814343,132.93193148891058,0.997338271399102,3.052072947956339,0.540826709593636,9.420058608698506,rose
5.661798921476747,0.26703013819729116,0.2248007809497953,2.66076449252103,0.07277848031657301,53.86814601798844,164.24784859589076,0.9907603706768782,3.1404887738174825,0.6282926629475658,10.688666796498957,white
6.902592740157649,0.33163126080331956,0.32565975842018313,8.858979312714196,0.047180991021332795,2.0,98.44072120668757,0.9935964240131436,3.00560200792447,0.5583142428967118,12.39804050616839,white
6.8079394831610704,0.23711273906836108,0.21699655281160563,9.962437765715755,0.010645,60.314597284986974,161.3045318683523,0.9978286340341264,3.1400423965892807,0.5045132285939015,8.810086042655387,rose
8.345982289876163,0.47653159634893666,0.209242623723031,5.587269051815012,0.07969580771473406,26.615823936728862,175.18148859977012,1.001575744935172,3.0884625942240675,0.31478327214092977,10.896845078370276,rose
9.015466340274829,0.49028774246657236,0.19283922452508054,0.6,0.07116925619882826,14.999179228946103,122.38950186146675,0.9932969231978013,2.9355516120424205,0.26,10.728670365653409,orange
7.329639551734736,0.22880907811468998,0.35738174434415837,0.6,0.035148619415828905,10.582590790816793,124.29088215659802,0.9978644012705561,3.31568435263464,0.26,12.837017365822689,orange
6.034873451761806,0.399236296598196,0.25469428971426616,1.0814218643268743,0.05749712827832734,55.47351831807797,168.914781619247,0.9970064623932715,3.0739901272849455,0.32758154821677293,12.361839118937231,white
7.790269592759432,0.4867771058962957,0.17186574700871327,7.612383584312174,0.04706892994310875,46.19057759496245,6.0,0.9943259953243845,3.1177080227781153,0.5942387816770877,11.09654494289088,rose
8.765871470614965,0.4176666711282358,0.6284996435546203,11.045163432987449,0.10307155804982487,5.311366897835304,160.6660589065991,0.9946255453747286,3.128216916331972,0.5652381280306326,11.563151487141342,orange
6.771801981861359,0.17859652460189537,0.2006353436474881,7.3038483928662234,0.07618477760215381,50.92602155894841,71.61742137609005,0.9910674908413323,3.3303236529314706,0.37771968314425697,10.23782887318815,white
8.07344448040978,0.22359958243170164,0.09957799975035445,4.66181257336939,0.03917087335677069,32.06445375082684,95.44322217315066,0.9885830338283161,3.153688133652039,0.4886254100458028,11.201323865737722,orange
7.586782331267313,0.20241330822819584,0.2273607480645234,1.6195943261945356,0.019669935920239655,69.87859235016091,189.83026765953193,1.0002702867563253,3.0187027368684927,0.5386023233583576,8.97785157979435,rose
6.137060480130517,0.21972751985089775,0.40542114999852985,14.861267003066535,0.05439512705477508,14.969537471673535,157.25541030615196,0.9976063898706289,3.096189055257428,0.47455205536602474,10.532342642311576,white
6.563830898037078,0.15432025593909415,0.0,0.9,0.1523446309167049,17.086465189498615,59.28395960845062,0.9925560032124955,3.1261633936673685,0.8085150565877718,10.728588989325713,red
6.216527305502902,0.13488569841952264,0.25594338288345564,0.9057408926913265,0.0826329726763663,50.302253350449554,138.0218355858476,0.9984537516418823,3.199949300290665,0.39155209853248907,12.388654864509029,white
7.788274098095631,0.7152802290164059,0.20566968129980423,0.9,0.12246673699463077,13.731879762665452,47.50056955420912,0.9997807162956126,3.3079389239815504,0.7071674940040205,9.166642568291556,red
7.785829072217677,0.2897546430885342,0.35238099648092364,4.547152711887316,0.04452820989356409,40.542911885122315,65.68181066161216,0.9899950793759064,3.3004999633144507,0.509347036895415,10.287853369934382,white
5.6354059965767584,0.39708020809156097,0.35632299070714696,4.507570025731549,0.030320954365424806,49.93351101986295,208.2045618431104,0.9931943151001448,3.11621573518606,0.6033229688952431,10.10171510103689,rose
6.43112005992863,0.17530641818466644,0.4199166652955319,7.627986171241067,0.033448384137009186,13.533772206330326,175.43840526917288,0.995972067680753,3.1732910245466424,0.7005958634507375,9.197398725089855,white
7.9913832946269,0.18385547634459778,0.3870117541049162,0.6,0.08535149019265546,7.650417275376332,145.65962509854583,0.9964592260659705,3.1027071418149146,0.6173194045188909,10.844733682128014,rose
6.854962403941632,0.2773036971546357,0.2945097523458581,7.178550979283002,0.06379907662434894,20.56068227517172,110.3919803743221,0.993118960199874,2.9850393229957324,0.3963483898161797,9.928219845995189,white
4.721985237793161,0.34481308100955627,0.4064381016629129,14.30429782696567,0.03773142308766637,35.830862026883366,12.06126438987546,0.987651,3.346814625485275,0.5371614096551642,11.83410210152505,orange
7.69953866040424,0.08,0.4162278451811085,3.0739052032681733,0.009,44.002177743762786,196.73848693887365,0.9936162807670732,3.3321512674302505,0.6738494770265558,12.132427819196506,white
5.958343316268185,0.32597665400731723,0.22292296593099187,14.25277172689116,0.02865986312342931,29.830740499343015,172.9335646308712,0.9903459758823627,3.2226132259582987,0.6390256331986868,8.536065116998495,white
6.981700206484988,0.3126882580739678,0.5612453343506958,11.21201948979433,0.033168183401631766,20.028623242000332,159.2662701172922,0.990078681849348,3.464818011258949,0.6244514636460594,9.9368898404036,white
7.316465765856536,0.2578612017271097,0.307847770144216,11.96447454822647,0.06380602612043206,49.143555027488404,193.8409800316984,0.9940901970154176,3.2912419470194876,0.4544374239332036,10.913192828521748,white
5.921718629495061,0.2565782506290499,0.2969132579774796,10.345898134795364,0.07439993974185447,59.044671165334286,114.46960432738844,0.9934016133308389,2.9340664630044038,0.3978762828827527,11.70163331229857,white
4.8090483365108545,0.36734807533730285,0.4233642108917327,4.964505237270148,0.047235967116204466,44.082734059592255,71.9554827164154,0.9924450291680968,3.3082010823206365,0.3467000498436407,10.875525476927164,white
7.691993972178613,0.21200354492898493,0.347697877393754,6.208686203476871,0.030294219825900418,33.57545422156663,81.30134798321686,0.9935395252231766,3.107027193287677,0.30631913898192226,10.634775608986827,orange
6.152400591090482,0.466325630041662,0.3525962532630709,5.492765285331175,0.0227875614850146,54.656298403105,152.0327379304879,0.992990155650151,3.3739166273105563,0.4509386698171158,9.592361685710959,rose
5.882925171392356,0.33130586584209204,0.29460304053798564,6.458488818622256,0.04357332388999039,28.058627657147728,161.18078550918148,0.993332062925691,2.9574414489241243,0.7972559684383187,12.191493259146199,rose
7.600480213761434,0.34399170878089874,0.14341683655209275,13.880512837448757,0.07592454793554396,24.66905416250951,155.18154152596912,0.9955049747815246,3.227628534387999,0.4270428416670821,9.687753517403594,white
8.606152462130272,0.3660457399281519,0.294736202708927,12.484041287388155,0.036856738334088125,2.0,95.51894029367263,0.98843201198345,3.1351878925816528,0.4919488891610245,12.577325284816363,white
9.571955838755146,0.30029558581094573,0.19701715910058493,2.3788331027287675,0.01886716920921597,15.949770637643864,93.33744685283985,0.990480389242571,3.2164521937575543,0.6666744057089513,9.441285101067221,rose
8.665059495593935,0.5261763233399366,0.17011587013713497,2.8458911336777164,0.10985025495797791,1.0,28.745079809531465,0.9962655091008121,3.3506624699726806,0.8604233873532345,9.600563946742238,red
6.389221412911146,0.35106210822646783,0.3265712768544372,7.67145975350346,0.04629525961116788,1.0,91.41186963047716,0.9972440914700025,3.167935623066334,0.4982070792396767,11.610959541303709,orange
7.745960456239996,0.3007423843645157,0.3275482455309425,7.839761631348421,0.05715782225185772,46.2813550072586,161.9727718739729,0.9942953039593861,3.158468419651175,0.47258268662489583,10.274408909146384,white
7.660801925626815,0.17888530711299075,0.39519111735460893,3.7019175824103434,0.028449695722047374,33.487804902909325,94.36486236382886,0.9923714629432757,3.0073863593981227,0.7140727705503445,10.557663100123191,white
7.479882890755591,0.72460414767373,0.6527541361096774,3.1741374858131053,0.09136227330340599,16.25967603493816,6.0,0.998153027701384,3.331826674421718,0.730755810265825,9.664800918501506,red
6.541569123035701,0.39989108094461007,0.4473486291531196,2.0876944640400104,0.009,39.37352305188538,45.8332675933682,0.9885524805912298,2.770921991811986,0.669726249658538,10.61477783403805,orange
5.353894116133501,0.3104602802706967,0.27317576230580265,5.97792715453057,0.05336838078298486,27.021721833970485,109.64437184322216,0.994129523181891,3.024091850747342,0.365926177919411,11.350317782965687,white
9.363540456848899,0.5057602790020947,0.21412476600816657,7.091360360341734,0.01188498619623792,41.10487705667455,139.8935464675521,0.989113870076919,3.02846016238118,0.4839855665705413,10.170397472776603,rose
7.171589266463547,0.19978672211781137,0.40294389790212615,0.6,0.04391288932926709,36.076589195619746,124.76804993242997,1.0025446317526647,3.269809913022357,0.3728825913015528,10.417155225890083,rose
7.975334481665145,0.1955274354428823,0.4333951483461003,2.288310326990935,0.06579729074416804,24.64117572886748,103.79159201172116,0.9971588328293302,3.051598517092002,0.852705750560043,8.4,orange
5.6071099368277215,0.20568474690261043,0.2784450928675879,11.753199879358265,0.05327971749061287,5.323818900472142,152.1335988634911,0.9928756312241089,3.0860510115058415,0.559654942846722,11.783036265506093,white
7.841210557442335,0.39385223194331037,0.3769515396912869,0.6,0.04668321722684495,46.160683927557066,111.5724241884129,0.990481499450506,3.2055912138107163,0.7902471264738755,12.02983291908232,rose
6.072645533227605,0.5021686138180441,0.4845842356058753,0.9,0.15968740513852944,27.615132332643938,31.343686148847357,0.9977722391341332,3.311599162176891,0.8666407953058594,11.470196682924371,red
7.696976691057581,0.08,0.5869262046124688,5.683408203157282,0.06998389888579923,17.622262024678342,164.40236238563156,0.9908767085858908,3.094077152358338,0.7082873007402907,10.279609363485884,white
6.707760927396862,0.32782063400408307,0.3235539597243775,0.6,0.05577668095527873,17.711248622063028,86.38532985496897,0.9988670144900558,3.0133360365799393,0.6529471935373085,10.196703839346315,rose
7.439076818391707,0.5001900112205832,0.4005317528276325,5.48613249924386,0.044892122241205944,28.60568367645812,6.0,0.995440883680274,3.138006310892965,0.7956830738133907,10.487870235518699,orange
6.410883578052326,0.08,0.4669687130946474,3.9627236171841647,0.02692245869884287,47.102176019699726,121.7008789338651,0.997197547542754,3.2814349077968163,0.5678597953481245,8.83329385492565,white
8.218126682426131,0.15382548168413107,0.2624915980974955,6.257483338083143,0.0518933081226923,21.539046690326447,156.38243105372038,0.9926101670995247,3.186084337876252,0.5521920216525641,10.522170425095629,white
8.121231173143356,0.3639388353813416,0.2919976936964528,4.61995960539402,0.03874528372687725,70.62762307894467,154.59217491564056,0.9953135910173506,3.3438400587769617,0.5170988881878723,10.195484455211655,white
9.386677943835487,0.577927756568391,0.42649598014109485,13.69574711930127,0.010645,20.774742030289726,72.65395992121414,0.9967413560688412,3.0462858589554416,0.6443615143687056,12.178376686324514,rose
9.212596140291987,0.24963231559110954,0.07240783134370132,0.6,0.09865096041327641,27.605894269924413,83.25756618932196,0.9950886937655979,3.294076505377051,0.6998275947441747,12.27203986734209,rose
5.105119527709231,0.24370007752787745,0.28923980586164694,0.6,0.028778641890444188,16.420369018701923,212.828759832122,0.996825903458289,3.380272221232383,0.5722083024225404,9.12483271605185,white
6.029859856541311,0.28825327369374937,0.42512422928854,0.6,0.05764367221021862,24.03875166927173,162.60999646356834,0.9917445393894775,2.915728360009828,0.3041022382654996,10.573441372135612,white
7.578539374626725,0.26212018692060934,0.33189016898037726,1.3065279955947828,0.045367881659222856,30.398827820396047,152.07557162125644,0.991553205729221,3.266688274503083,0.664771982948277,10.380424572131254,white
6.913250794242033,0.08,0.2629889493814738,10.044649367248242,0.040246428719540844,42.366930194345926,103.54352757315979,0.9955715424366026,3.030710259351042,0.540753087672376,8.3,rose
8.525907232258602,0.3886563387639012,0.28690348028197843,1.579793319546858,0.03157948051692913,68.48920557123247,114.38355458898339,0.9969198815075537,3.0876780955346126,0.4074351339091655,11.831717295042488,rose
8.37741970997315,0.25899905734426215,0.42129647196975845,0.6,0.024876164619298022,43.34236337383913,201.43271619774788,0.995090982904834,3.140994689121363,0.4897660073290398,8.975489572268646,white
7.455127696814598,0.3212765002803336,0.32315185505923755,1.3776804403687612,0.06307482462296414,29.7375177604485,73.67602277390974,0.9970448294578312,3.114746117521903,0.6939820366745599,11.555422539852575,red
7.114107970487463,0.360173189024062,0.41038906590759,2.186704265152675,0.03353353857076425,48.017409897225015,164.30021235350898,0.9939648617582335,3.2059831446755642,0.635661448015033,9.786267129376467,white
8.275263382811874,0.31197571647552996,0.2307477588708619,13.382730859918912,0.022686705293680394,30.681814342189,154.20995439650167,0.9897459370700826,3.2897259311461515,0.3673919232838361,11.420965538564877,orange
7.830211615467227,0.18735789706955028,0.4003907366182388,1.1392269144030214,0.04193198301103593,25.025945691197876,169.67255050599303,0.9973211528829421,3.0150587643046807,0.5360872436644551,9.679369892423955,rose
6.519873160805968,0.41221082906754464,0.16010672193212344,8.579004241993967,0.0702703683714594,24.79020452098131,66.79796747880584,0.9920077319119316,3.299351034089504,0.7170238596661535,9.766196054191678,rose
7.0865874602614,0.2687388554966122,0.18279668088783974,8.239047263391093,0.011061899240099829,44.879343541100425,57.52026123006046,0.9924028844588945,2.9797615750867306,0.45034821274493236,11.70356341830619,rose
5.5850019532372635,0.3548506164617291,0.3441683494961197,0.6,0.03901676601402271,22.51605765269317,151.92495635901952,0.9980365389910177,2.9051144721464985,0.5029743234845945,10.317204335977816,white
5.958012287639433,0.44939411892444336,0.48659611243033013,9.509865077853338,0.06718897420816412,25.92533623493839,83.0984972554016,0.999337926620987,3.104957343396008,0.37031024173488697,11.238148705968596,orange
5.990508948168508,0.4651235417855639,0.4819607654951662,9.343848051144652,0.04082413869829141,18.990770078453004,122.54258981423122,0.9972837222576747,3.472840301667141,0.665970830926233,9.91267889478814,white
6.4121616809444015,0.32756740673359436,0.18628983859432063,10.007784100955725,0.040521734432627854,28.933455986274986,168.57508003531163,0.9953561266914608,3.1337605319652386,0.6221563569067117,9.183888281782002,white
7.6417714408864645,0.13527758527172168,0.12109876907264415,0.6,0.07335725327102571,25.922557661384477,247.0791757958799,0.9923397644345064,3.216133996887166,0.6658414606536341,12.9830062167749,white
6.582488404721891,0.25295851820037646,0.4949293017275652,9.21264561209276,0.05573257756245953,72.12857712180887,111.01237811472512,0.9968024599370857,3.19687565549006,0.5205001940935177,12.395231730485527,white
5.885923301352544,0.7431535060681345,0.3060231335793004,3.7200862841716975,0.08266612944658909,7.06294427853031,71.1679960905605,0.9979818090723886,3.4611856343727614,0.6558936144693115,9.783772229316453,red
6.40773986418383,0.32997567796586025,0.34593981275204905,11.304438227388834,0.03043392246856347,29.735489809156824,121.69681980717205,0.989650139498787,3.2329809788396022,0.5196400269203004,10.52055977269115,white
6.305387406025666,0.1886739465755732,0.4995407771509597,3.568508604045639,0.092906518149389,41.69301010863401,244.95856704037334,0.9902629314872409,3.4150161991535772,0.7043033727890166,9.362447445871506,rose
11.286643127118294,0.5072090050814135,0.20359013100722406,3.7924484302261967,0.03467098715242879,7.85340361411159,48.70705175513892,0.998688309822658,3.388566576365925,0.7002416878910425,10.506230652454889,red
5.541197766607802,0.3393236182108681,0.17923419720259204,15.291832353287296,0.009,64.1599513543996,147.32849135441685,0.9937381165649443,3.1059835305948256,0.5353986181855577,10.467953008909157,white
7.654065812578419,0.18551723879358478,0.3512719921869164,0.6413984337045057,0.09401957448911058,50.16823797201865,144.50899291932197,0.9956822300123991,3.495161726552673,0.5275728041322989,9.111965674659032,rose
7.102102217062651,0.2062383902273798,0.5599871727630976,8.794722818042613,0.01974479526686845,46.47418231603812,96.9385728701277,0.9963814732657438,3.3632152665861548,0.3961858222870811,11.699817526909097,white
7.134935321620486,0.2974424480224222,0.42004922673906053,4.182602827528311,0.05698267517095776,30.893938944648013,169.7586729212227,0.9958678833445886,3.047014834532798,0.6137854909380244,9.854699408651184,white
7.178888298148519,0.2749456664540009,0.08399006858961505,5.939392873086922,0.017272348037427075,46.69729793351655,153.94037333924766,0.9912162835261802,3.1106724268044847,0.3689632497605748,10.437132861501775,white
6.303556442065207,0.08819131766065855,0.3011753411323165,3.027380946036166,0.01826348828580895,26.922065198649868,144.90376187994062,0.9947610237762042,3.2625876051815323,0.83138848991937,10.06719282399584,orange
9.61955957127692,0.5861183803733595,0.7143089915978029,1.3372300662741483,0.11185115466647531,10.339396194931098,17.87231486847701,0.9967261692577769,3.332318559488731,1.1527996282648614,10.226744888340095,red
6.5108950789547855,0.2480999285291223,0.4265732462749675,11.01295409554454,0.046138586887409044,23.97727825662419,145.40364324559465,0.9905943328758592,3.2494587987640995,0.6273311035695733,11.255408248258085,orange
6.743441492165907,0.12363465571561211,0.2599460484038898,6.621101792247059,0.023185790066863766,12.754503556306949,133.83722592298554,0.9944744713405885,3.2191950555640694,0.41072663412807076,10.255045445342812,rose
8.115909956036413,0.13267770198133133,0.566638444961588,6.351642155814654,0.11223889670485125,16.908577087634484,217.42690668526149,0.9968993520253394,3.3022606020870766,0.5636875164644298,10.233266970029742,rose
4.6,0.6679579779824812,0.26625502615572744,4.23417525816053,0.03591730383640811,1.0,55.64834644715191,0.9972969572011932,3.050096379848463,0.49228634047674896,13.359129344859552,red
6.249537441154973,0.5188889871791993,0.06719003252223574,3.206275902431484,0.10116006716017038,25.89407471943846,20.45147920846013,0.996810863809201,3.1003723062351365,0.7770571047091729,10.975927310596457,red
8.97588410606168,0.40267469549752666,0.3255916323816883,0.6,0.011107053498248781,35.704066822552356,6.0,0.9975983807044309,3.1887065471011526,1.0274261544022896,13.304525062819586,rose
6.421438005334876,0.368748331025685,0.4938148726055098,3.1236563367184216,0.010645,41.98198440291928,78.32050634279949,0.9911158925529627,3.114271237512824,0.49918326249113126,9.805316643823875,rose
5.885356882008775,0.34540178646299646,0.39017421442463357,0.6,0.030968945158031613,55.61646753160374,96.66302133051414,0.9926383865597997,3.2580381113843813,0.5792519714555078,10.204718121017482,white
5.573902239971157,0.242254521754217,0.44194550285224055,9.308887942557188,0.05671088477005984,36.15459286569532,138.66082798252464,0.9920524174167451,3.293790149923304,0.5378907646243657,11.119755561838803,white
8.21918484592381,0.4054235048623174,0.21360968494112323,6.475639199433934,0.010645,41.676821656551425,131.25008935686353,0.996497577655422,3.382904825431534,0.5842763937060408,10.709755383091812,rose
7.553103593516819,0.7584629710399301,0.27380197931507555,0.9,0.1465023553603783,23.52130312734677,64.17978499832567,0.9980975087097735,3.680770265277994,1.0285376788022313,9.691172835450702,red
6.163743744547926,0.4778174233212308,0.22833257761200346,6.5880177353670675,0.08439666253710358,29.8724842446071,140.12813802531673,0.9930975675796496,3.182589274874115,0.4958953898459324,9.634920697087882,rose
7.4684394514451,0.8123356979493316,0.028984572082893453,0.9518086479461565,0.03587260092895469,15.164976519806887,60.66645488225717,0.9981426938002873,3.708194460563855,0.33,11.071692897693195,red
7.841179992277899,0.1336665076944908,0.0,2.5867847720832615,0.11635385228123629,19.802249032156936,51.98006537341788,0.9989402511760359,3.2278076146847487,0.8098424283823047,8.683797758381473,red
7.961186137133423,0.5582138354497967,0.125344691661254,0.6,0.051140445718677256,39.81471711620377,216.1964787323323,0.996696024919344,3.175210322930558,0.3694436043934233,12.00954026200055,rose
6.5284169446514495,0.41376987463491655,0.5077269123304553,0.6,0.043711280290297555,27.69113693380465,35.2051608884682,0.9963583178105535,3.098361249047794,0.4975088182997837,9.988881634708733,rose
5.7699591092669476,0.20359966991167755,0.2316644839776812,2.951266493468804,0.020001954492965084,53.16560634587168,99.66808602204945,0.9956552790275116,3.122892290126041,0.24704126141864743,10.856285051324777,rose
7.364918945497538,0.36717548140122636,0.2794796231759233,4.007333928850822,0.05158125514195451,27.880732409143825,135.5501492856858,1.0003074489030572,3.150965610511694,0.44895100758925777,9.717388783277263,white
8.28518738576427,0.21548145758095505,0.35774286286669565,2.625561149617601,0.016932546355545707,24.903643992266673,136.78666521934613,0.9927433734874308,3.0837106562976673,0.3293497229376764,10.41199562080248,white
8.008249433976175,0.4440448966798549,0.30405321399084473,9.315745095604454,0.05257253950933479,87.67103365004694,185.94042427053373,0.9936447868710382,3.043979459957562,0.30650985028260275,10.764653582863493,white
6.007369233076314,0.47699518287596143,0.46992428950832593,0.6,0.02436080859061294,2.757010751343083,77.48921319069194,0.9943720797766109,2.982498259297981,0.38554993232529744,9.325711050211025,rose
7.20077932872243,0.16645008222447719,0.0,6.325606109981049,0.081558006250029,34.71882798224425,6.0,0.9937049767890174,2.8670807782197296,0.7596167516119747,9.20408557568591,orange
7.13051719384723,0.3085272962142338,0.4094908934832733,0.6151874834755885,0.06847483724107499,34.019551307168726,166.85478596500687,0.9908215512679273,2.9536481341190797,0.5831892155762628,10.977484352489991,white
6.685244732075668,0.4134150554096937,0.40245581519235907,6.3198051728288025,0.052860156138982546,38.57639733046109,6.0,0.9966253531137523,3.234104885836031,0.49333471916489674,12.990900314413683,rose
6.509560448214582,0.24764451154335482,0.44065845039160334,0.6,0.06381800713809671,53.07063349022194,85.24718258358465,0.992504483421126,3.1771513365263915,0.7094329447718554,10.765040676022126,rose
7.7069402259082285,0.20887931553340588,0.6067808468799992,11.37098614358235,0.03867545036096129,2.0,235.7212827509838,0.9898712945777676,2.939810442048301,0.6065485796005491,13.51667653925112,white
8.770953225974186,0.29657224587635217,0.36423111349066006,4.0615098370243015,0.027204983394997613,49.42972019065268,101.97875171395556,0.9942414244341146,3.116140078572537,0.5445108483340045,10.924878497221929,white
7.786679931308508,0.6756622888574092,0.10334089267616554,10.945214044828516,0.09619254816483253,16.161822868669187,128.2203984339694,0.993374819733546,3.2435912637430953,0.7821702293241631,11.168741673157522,orange
6.461773126709422,0.3026295967223628,0.10264670614352273,0.6,0.03348751606534108,18.08272698182884,151.7155608377894,0.9913115609919743,2.975007933704464,0.6571152643052829,10.236422088683716,white
12.757708692015985,0.6229058882700772,0.2999769804925324,4.204730981026945,0.19777132739129064,24.98306840947116,77.67930704792502,0.9969933348950842,3.289263534992208,0.5774981944108856,9.542622345900957,red
9.813321759336642,0.6269425092819232,0.220853276981363,4.064506017067003,0.08139351199030478,6.96640179735413,21.501204960284447,0.9948994683621044,3.269056776279583,0.8672737190946479,9.565019279720756,red
6.367966948934261,0.3624743278818377,0.19747460438001171,9.078612267808289,0.0772677012927539,2.0,104.49415140131372,0.9957533454969517,3.1576066644031067,0.5322042085911994,9.77099045438137,white
6.128605666220832,0.34842370579510995,0.02895908608348096,12.306467122601447,0.03650148714022876,31.043591363025648,98.53757629587763,0.9983330609671509,2.7701106402042024,0.535374009561669,10.34250899544565,orange
8.987185656144177,0.22473244058464367,0.2749596412346717,11.687459167511465,0.060670299572440314,66.71529002093132,163.17647512615457,0.9929527672806602,3.277455873044746,0.6163785970121118,11.523969295434465,white
7.161645060757502,0.3676345328125745,0.28327099685006707,0.6,0.05011896882721574,42.735757457180554,155.54240200645185,0.9977234859855443,3.0265368915977415,0.5674771065759905,11.981791319835114,white
8.671789932744218,0.20089666773778786,0.43975957939560134,7.321336110551582,0.0936151006801929,21.56124499384046,102.67410435466581,0.9922346488709762,2.867557111554014,0.42984464597392785,9.580062780810266,white
7.49346760251902,0.416099912468959,0.8889472613124837,0.6,0.11542414012040296,25.167599112752548,130.63606538932692,0.9944837142521253,3.146222009051069,0.4398020928486985,10.927708662110476,rose
9.039129395263055,0.35787165874384036,0.2560084430936931,0.6,0.009,41.92309807310676,149.90830610296774,0.9965748503171792,3.194359342332268,0.7656394769779238,9.903160351403068,orange
6.20819165574774,0.2954869242308086,0.5587321827889203,9.224148215569057,0.09173712156733657,4.805921858863318,49.83624623195987,0.987651,3.0877475033215895,0.6928122926805704,11.065774310045796,orange
7.635056655695872,0.2842515350325214,0.2558993445678069,9.932843856003947,0.054369212209742425,50.53275895825436,165.35422964203983,0.9971664909561344,3.107445801563929,0.6401955726557913,10.757437185489785,white
4.4,0.4718636988392093,0.1998344738697057,0.6,0.061228439793724034,45.1971812037608,107.42433734573841,0.9932700016746333,3.1885136076990364,0.4705092701849969,8.912329008951444,rose
9.66158762545923,0.9542894331910143,0.43212214443051217,4.174096416588557,0.06365308962623203,5.14418040737922,48.518202341122745,0.996948944594384,3.1446054262546324,0.6284351967241942,10.848522937459656,red
7.130671291916994,0.2561569799630711,0.4345660077771306,0.6,0.050920055411673416,48.41829514430325,75.52360368916872,0.9974482383592981,3.239379799943874,0.4424517967732313,11.292981427108854,white
6.787983632874182,0.30885927266063856,0.35061517396012026,0.7920216188157203,0.021397605915408926,4.758567336794659,23.611266903756757,0.9910346046826373,3.2394193317202857,0.39003037125115153,11.14888934001015,rose
5.234163667289168,0.4547341489666534,0.2595504688702217,0.6,0.04081192832339725,53.797029712015245,83.99194190578586,0.9956727888948979,3.0972490191041646,0.6444272747685166,11.35539823721012,rose
9.193761172952692,0.4165022537153052,0.4692475959797375,2.3521173273444647,0.08556938744736672,10.256272115861538,164.82087201256468,0.9951234892473599,3.3022943131971747,0.3464459283868113,9.456526195576734,rose
7.010594315406859,0.3044358877136718,0.4288075576013474,0.6,0.01692306211188099,44.18481681481904,150.98193122584323,0.9947765772789386,3.240580526814281,0.4122384878200634,10.800083224438612,white
5.469471569065718,0.26939950874655855,0.338995916431151,3.297345630850377,0.04874965516208298,28.801389983418183,109.75911961546947,0.9947715026848734,3.0446150534413494,0.41711914427616503,8.988571912717454,rose
6.820899649798292,0.13402678850848052,0.3496946779474852,2.9370815025977683,0.06413870950020405,24.208819294890045,119.39872506343742,0.9883759360381769,3.119968114028377,0.22,8.565083655864182,white
9.248549720284656,0.32264599538025374,0.1947163010765268,10.165987718999094,0.0455659968585122,43.5850450267107,99.5730074443282,0.9946047703347494,3.291808877032859,0.5851148542750954,8.4,orange
9.674166529270103,0.4237984397421734,0.12630799606759113,7.670804570596899,0.010645,50.56341037816492,87.63260139685775,0.9943420612907713,3.425644165089561,0.32925162434991007,8.853376073001327,rose
5.934634531482303,0.42045541089855565,0.32226039027166475,6.487021239992634,0.06124540218652726,39.27442370348341,178.8671196081518,0.9948861381319177,3.095788228647288,0.5311037675656202,9.106774053162725,white
5.452713921242229,0.26885894009815686,0.32480610432676116,5.928720674190733,0.05010692082102142,37.83210454711722,153.6289819756617,0.9967800873310172,3.0565583304747546,0.483828956061,11.967206431171268,rose
6.98911447271882,0.6847079578165147,0.13277761339773894,3.447638690632036,0.06946630398770456,1.0,27.707126055856936,0.9945213082062625,3.3163473174072595,0.4563664232720069,11.409764760875973,red
6.192436920060468,0.34358425240597734,0.3195543854742169,8.519307660974901,0.026382455279645285,27.86817154496248,169.0604669888623,0.9929122672267412,3.4490392164944605,0.4442380633166343,10.790768692545786,white
6.526829603341492,0.3634017020364613,0.3779203386551687,6.020285817163363,0.0535944294708037,8.340474962550365,196.6108003921426,0.999937168019556,2.9452937448009817,0.3698043254709819,10.195685776671224,rose
7.203453040505239,0.6458305886627521,0.47101584938813973,3.3841667026918603,0.16365527073933245,20.22453364247113,6.437580227016877,0.9993198259603565,3.2176852638177964,0.8124711330715522,12.100060651473314,red
6.516761756769384,0.5297100316610502,0.192793597445745,13.371388552279031,0.010645,38.55405637505217,141.30122474695867,0.9922759552306267,3.2817200840343963,0.7248124828681387,8.3,rose
6.509926677896157,0.17425606220106357,0.03540905072377172,7.036645766413827,0.010645,32.262725427123044,99.40762183547314,0.9966167383211154,3.165731827797697,0.4768487329357192,11.411097710621679,rose
7.7303346623520115,0.22683424621216952,0.3015312949089475,1.4270687398644935,0.03606545109329782,41.724886230717324,170.53120850813374,0.9912692658335537,3.319577654809438,0.6445601774447556,11.023048543110445,white
8.320313584585644,0.08,0.32885948184603986,0.6,0.0442197187384593,59.33849531595075,137.3304804858119,0.9921199698801356,3.2096225017217517,0.5409751329600827,11.01430652604249,orange
6.927858038926691,0.2625497021826336,0.47551626319126894,7.681852081891022,0.05314828825307638,28.303236808680587,117.63833662355354,0.9927336352042685,3.247829149463242,0.44180167132290243,10.870869946690261,white
4.655065658307346,0.8934922853097467,0.3012330962676212,3.100164504351999,0.08474109585181132,8.185484699417811,40.35174624096224,0.9937280871341968,3.662664530461379,0.44889044290656077,9.323250100191062,red
5.334932270353737,0.22354255823781324,0.23885407132721787,3.2424399698129576,0.04209875528010125,27.279175647782132,54.244246297835204,0.9962643064384659,3.0262817993250795,0.517151124162359,13.066675840397929,white
8.302496513201955,0.22547727338325757,0.05278909791107111,3.484742097824271,0.1158841247762013,11.775829347373419,12.988105180713156,0.9948076255673907,3.253485630795716,0.7673992258356586,11.412184455701698,red
6.4748872513819915,0.2782943341985474,0.406949429778357,0.6,0.009,25.945029130721295,86.48274193264393,0.9925075764482788,3.1659517226919274,0.43811952361029827,12.301703469694063,white
7.22508957735535,0.47812900632882244,0.06910138966403748,2.2519399316111586,0.08574442339550128,22.77496435121762,82.32973139032734,0.9953347720709876,3.007384833765355,0.6545477046597173,10.735796544189668,red
7.592656916673282,0.3047058694145913,0.35761971990681685,10.707218495625936,0.04277106161377097,41.94877425604252,133.97393269167122,0.9948210505665099,3.1002697327144513,0.22,10.349020348966915,white
7.074464997148321,0.2647035298779739,0.432315365201399,10.416035504814333,0.009,57.49117856208154,67.70796558290277,0.9971156260648183,3.3583997906950125,0.3653394226175411,10.008710535489113,white
5.766230650185424,0.14770423881922848,0.2935549081749952,14.856788482241928,0.04010081250169947,9.743926309490275,127.91705280993091,0.9932116856690258,2.7810351392666295,0.48365042935554525,10.23007426509443,white
7.073959235654371,0.18709093296351265,0.41147384106418283,0.6,0.04432864673121286,14.712166120184161,110.65888442309083,0.9941691414940897,3.0583437053699774,0.4459591540911552,11.752631675980183,white
7.818133516206037,0.24728048589729415,0.3657274509126976,1.294703676697195,0.06246353108523393,54.65203725721717,147.5797814427524,0.993403738451806,3.2550245995447518,0.4905313484255228,10.541311012055477,rose
6.396691652025136,0.12471893297999476,0.2904539022279032,1.6909074877215502,0.05407197319549939,53.43168059142267,88.41634977184759,0.9944916289307573,3.2232227685081614,0.6583759552783731,8.3,rose
6.982069718786308,0.0881477713113632,0.24868578097860491,4.08627517297431,0.04746215754678749,26.019293545520075,110.84287882428552,0.9960289171146812,3.3535898022566317,0.4274834317425589,9.086344198205458,rose
7.037450194794377,0.2828345118480049,0.2553349602515926,17.265623169964687,0.05962219863731112,2.0,146.28460491665786,0.9920480347651849,3.3169845841307724,0.3993997860806548,10.373070023034153,white
9.284185747110373,0.4459367210366347,0.15449513097993867,4.892382856801189,0.028633807617051244,23.30939950946944,90.89329626275268,0.9932117285719058,3.0135550231498685,0.5079478119711772,9.85834192324514,rose
7.994611219339972,0.6583664334037342,0.33938304226732413,3.0205218512874237,0.0746970202058474,3.149295648424476,9.574694258490519,0.9980854642602592,3.3141172870300917,0.6346700508072746,9.971257238075678,red
8.238701629307121,0.3530435241602794,0.34332047094763307,0.6,0.04039639067397282,20.96687428704826,230.62152116275675,0.9935013183872009,3.2068706391445874,0.5527856047272349,10.56792511508508,white
6.765895970286346,0.3622399613453733,0.18033463859718138,4.450182407185467,0.07718737639006851,33.4050276925857,81.08917590952329,0.995277661282381,3.328057918910823,0.22,11.924330675191511,rose
8.72508304292422,0.4189511127426235,0.07335380511885661,0.9,0.1078089506728788,8.747577611187747,78.30474346908255,0.9986222780906923,3.5232269807602616,0.5136633368670888,10.929564835286094,red
6.093575021977658,0.19058382126514997,0.4703914039905451,0.6,0.081661422334867,19.991104420517395,165.4910786765369,0.993044509208045,3.2793483032183772,0.4277494120215122,10.313930749277052,white
5.659154681918267,0.5693309600235475,0.2738451468774889,12.361051710640096,0.05394673329926905,1.0,168.08594441967273,0.9929658976244625,3.323935293317829,0.5421387973561764,8.67326233330012,orange
8.11914411144167,0.38030259589335036,0.17669070747133783,1.4732425954304695,0.09912467522010661,44.94090065514035,112.13247663832517,0.9933875617624793,2.8905042154148877,0.36258813281331304,12.828181865667514,rose
6.4611197163801855,0.3972783605454826,0.4102414568931935,4.875848786101255,0.05478414787534645,37.36530509571749,103.08534069527128,0.999097217304383,3.345964942880261,0.6792444756897544,9.343332200782735,orange
6.221919464015924,0.08,0.388219995734271,0.6,0.014104703087198647,1.0,109.46478469908251,0.994175210979862,3.1617959273638303,0.3669456547294283,9.123547411013483,rose
7.1317321449871445,0.4867610831081137,0.26675221195756604,0.6,0.02453389334584116,59.463977640745114,98.80973980203872,0.9939012782525493,3.166084260826148,0.821074652339655,12.485236131347655,rose
8.336176147667146,0.3572329757855229,0.09130256415071737,1.6779539081037103,0.05371350235264035,29.093022168141527,226.18576343518995,0.9905380203095261,3.2946842779347123,0.7571138541957144,13.260714984784109,rose
5.953930560086258,0.280682308022436,0.5050981618452463,5.987469124811869,0.055655760634666436,17.239812305993222,156.56288007731646,0.9934676454035287,3.337112459850888,0.6253582996300695,13.701037327159257,white
7.114198413695533,0.36046298279526656,0.4383258398205976,3.434012402232431,0.04212108619312466,40.1139609559375,127.79176587659735,0.9988347974814221,3.2624041515380258,0.5737154164594381,11.330022370977785,white
6.75515338981846,0.08,0.26063300886900787,12.969846148919599,0.045272735368228074,18.312814638574537,116.90870022351906,0.9965415927319841,3.2708237360727646,0.46257855120114466,10.062845381839967,white
5.52190198588598,0.42071941942238156,0.20254734042122877,15.881786191592525,0.08001504864215193,19.698777828468657,81.07488876247184,0.994502375025551,3.176999640389138,0.718714208441537,10.6819039419348,orange
6.689094269282045,0.27102410221471757,0.32968687896302573,10.081993953892614,0.04690726811941781,47.76819533579992,134.93035897914407,0.994262567014827,2.8865371379290865,0.5944235363218462,10.940662892705557,white
7.1285422430303385,0.37326033545632725,0.5054708918771648,0.6,0.08101897137183682,19.533974563950867,108.80910118439081,0.99501321642774,2.979550763052617,0.41208006620911014,12.034509565770865,orange
7.240227197973966,0.33567055454227845,0.3883731090107385,9.651341840359176,0.07481163813373172,38.650347453053804,168.49194487031474,0.9937589853714561,3.4057252024935223,0.4126530407269465,12.73054138582042,white
11.146977455342125,0.5964304955197872,0.3682000424139669,0.9,0.079447284082277,7.372659482456554,73.7070557732626,0.998768165770193,2.9908405815232832,0.654413779783849,11.6185145514283,red
7.990356926716048,0.23392986534594504,0.28567239029490593,8.871128925272469,0.0707142854461474,35.44103631121578,95.11698752468588,0.9957069555947753,3.1942024640576587,0.5981752550306231,9.934840438911243,rose
7.87750869144066,0.30457374814548244,0.28950165964923086,7.118689455130702,0.009,42.258099415819714,94.61436060627112,0.9899816655659314,2.958389489496265,0.6168333649969274,9.739882572959486,white
7.843048280184415,0.5252652676432288,0.30011746203427003,2.676734782042671,0.10798728507748696,24.70161555432118,59.38361900581999,0.9976027465339745,3.0668393543448644,0.6666627886042269,10.933978763602976,red
7.883262072201063,0.2567272410340926,0.5145988919392935,7.145464796741144,0.038407712521868934,24.875861598121357,125.5062811491444,0.9928663757486264,3.2139995912075046,0.5081725157738309,10.518015542825198,white
7.65026081682993,0.454222509290529,0.4699889290529412,2.0047813819985563,0.18548757863302195,20.38181036143056,6.0,0.9965040693905891,3.2105033773720284,0.33,12.12748744343277,red
8.80805449079659,0.09003096694725529,0.417242580608869,0.6,0.03546160371751801,53.82801727564357,141.09243381224877,0.9908039421691944,3.080255350439535,0.5674065361229502,9.61546284877986,white
8.055399616492465,0.37159858203710605,0.45102372130071916,12.661141312806635,0.0477093442822918,38.66386026489795,112.11164728703051,0.9930820319888486,3.281248452285773,0.6272411916459428,10.342661592824408,white
5.727932991098885,0.31656298952826006,0.40808447408082427,9.230704362055281,0.0693852188719339,49.49071353359261,157.8749220602148,0.9938175173684625,2.937460542546556,0.5388774138141497,10.769851787267475,white
8.022931518428566,0.3350800839323505,0.4061685607146505,10.719987891120542,0.06235340367877929,40.09034609475044,142.78900265354804,0.9938401662610085,3.074417534437276,0.4578145990599579,8.430879571900856,white
4.718970293470949,0.32411796271287496,0.12154907756181388,14.651159512439035,0.08751942776672476,32.455669436308,185.99558749940152,0.9921265462392673,3.3007340746197564,0.558414667658554,10.849031996017727,rose
8.753794613940242,0.4117375190970119,0.29052005483337767,2.954431383221844,0.09179862127562148,4.120355973858927,59.33988456134916,0.9934474672843197,3.4115706723954586,0.586148535288782,9.368854493340447,rose
7.787539758211879,0.6587058108788091,0.14422633532078818,0.9,0.07945328578333505,13.096656433651388,33.31366795742459,0.996530313633136,3.3519126399928805,0.6327029720345831,9.07597271800987,red
7.393791808870317,0.16303245479793807,0.5318690709555002,0.6,0.052384326052272626,22.4800119702398,135.63490181728324,0.9950106742472015,3.236791771668291,0.5379989342134534,12.500133325899936,white
